nohup: ignoring input
============================================================
Odia IndicXNLI Fine-tuning (IndicBERTv2)
Mode: FULL TRAINING (3 epochs)
============================================================

Loading Odia IndicXNLI dataset...
Train size: 392702, Validation size: 2490, Test size: 5010

Loading tokenizer & model: ai4bharat/IndicBERTv2-MLM-only...
Warning: You are sending unauthenticated requests to the HF Hub. Please set a HF_TOKEN to enable higher rate limits and faster downloads.

Loading weights:   0%|          | 0/199 [00:00<?, ?it/s]
Loading weights: 100%|██████████| 199/199 [00:00<00:00, 37910.09it/s]
[transformers] [1mBertForSequenceClassification LOAD REPORT[0m from: ai4bharat/IndicBERTv2-MLM-only
Key                                        | Status     | 
-------------------------------------------+------------+-
cls.predictions.transform.dense.weight     | UNEXPECTED | 
cls.predictions.decoder.bias               | UNEXPECTED | 
cls.predictions.transform.LayerNorm.weight | UNEXPECTED | 
cls.predictions.decoder.weight             | UNEXPECTED | 
cls.predictions.bias                       | UNEXPECTED | 
cls.seq_relationship.weight                | UNEXPECTED | 
cls.predictions.transform.LayerNorm.bias   | UNEXPECTED | 
cls.predictions.transform.dense.bias       | UNEXPECTED | 
cls.seq_relationship.bias                  | UNEXPECTED | 
classifier.bias                            | MISSING    | 
classifier.weight                          | MISSING    | 

Notes:
- UNEXPECTED:	can be ignored when loading from different task/architecture; not ok if you expect identical arch.
- MISSING:	those params were newly initialized because missing from the checkpoint. Consider training on your downstream task.

Tokenizing dataset...
Metrics self-test passed: {'accuracy': 1.0, 'precision': 1.0, 'recall': 1.0, 'f1_weighted': 1.0, 'f1_macro': 1.0}

============================================================
STARTING TRAINING
============================================================
[transformers] The tokenizer has new PAD/BOS/EOS tokens that differ from the model config and generation config. The model config and generation config were aligned accordingly, being updated with the tokenizer's values. Updated tokens: {'pad_token_id': 3}.

  0%|          | 0/18408 [00:00<?, ?it/s]
  0%|          | 1/18408 [00:00<3:20:37,  1.53it/s]
  0%|          | 3/18408 [00:00<1:05:48,  4.66it/s]
  0%|          | 5/18408 [00:00<41:55,  7.31it/s]  
  0%|          | 7/18408 [00:01<33:20,  9.20it/s]
  0%|          | 9/18408 [00:01<28:38, 10.70it/s]
  0%|          | 11/18408 [00:01<26:01, 11.78it/s]
  0%|          | 13/18408 [00:01<24:09, 12.69it/s]
  0%|          | 15/18408 [00:01<22:57, 13.35it/s]
  0%|          | 17/18408 [00:01<23:48, 12.88it/s]
  0%|          | 19/18408 [00:01<22:25, 13.67it/s]
  0%|          | 21/18408 [00:02<22:35, 13.57it/s]
  0%|          | 23/18408 [00:02<21:57, 13.96it/s]
  0%|          | 25/18408 [00:02<21:53, 14.00it/s]
  0%|          | 27/18408 [00:02<21:42, 14.11it/s]
  0%|          | 29/18408 [00:02<21:10, 14.47it/s]
  0%|          | 31/18408 [00:02<21:08, 14.48it/s]
  0%|          | 33/18408 [00:02<20:55, 14.63it/s]
  0%|          | 35/18408 [00:02<20:46, 14.74it/s]
  0%|          | 37/18408 [00:03<20:51, 14.67it/s]
  0%|          | 39/18408 [00:03<21:20, 14.35it/s]
  0%|          | 41/18408 [00:03<20:47, 14.73it/s]
  0%|          | 43/18408 [00:03<20:46, 14.73it/s]
  0%|          | 45/18408 [00:03<20:56, 14.61it/s]
  0%|          | 47/18408 [00:03<20:56, 14.61it/s]
  0%|          | 49/18408 [00:03<20:41, 14.79it/s]
                                                  
{'loss': '1.1', 'grad_norm': '1.038', 'learning_rate': '9.8e-06', 'epoch': '0.008149'}

  0%|          | 50/18408 [00:04<20:41, 14.79it/s]
  0%|          | 51/18408 [00:04<20:55, 14.62it/s]
  0%|          | 53/18408 [00:04<20:44, 14.75it/s]
  0%|          | 55/18408 [00:04<21:03, 14.52it/s]
  0%|          | 57/18408 [00:04<20:49, 14.68it/s]
  0%|          | 59/18408 [00:04<21:01, 14.54it/s]
  0%|          | 61/18408 [00:04<20:55, 14.61it/s]
  0%|          | 63/18408 [00:04<21:35, 14.16it/s]
  0%|          | 65/18408 [00:05<22:04, 13.85it/s]
  0%|          | 67/18408 [00:05<21:32, 14.20it/s]
  0%|          | 69/18408 [00:05<21:22, 14.30it/s]
  0%|          | 71/18408 [00:05<21:20, 14.32it/s]
  0%|          | 73/18408 [00:05<20:51, 14.65it/s]
  0%|          | 75/18408 [00:05<20:23, 14.98it/s]
  0%|          | 77/18408 [00:05<20:13, 15.10it/s]
  0%|          | 79/18408 [00:05<20:26, 14.94it/s]
  0%|          | 81/18408 [00:06<20:06, 15.20it/s]
  0%|          | 83/18408 [00:06<20:12, 15.12it/s]
  0%|          | 85/18408 [00:06<20:10, 15.14it/s]
  0%|          | 87/18408 [00:06<20:14, 15.09it/s]
  0%|          | 89/18408 [00:06<20:00, 15.26it/s]
  0%|          | 91/18408 [00:06<22:50, 13.36it/s]
  1%|          | 93/18408 [00:06<21:54, 13.93it/s]
  1%|          | 95/18408 [00:07<21:11, 14.41it/s]
  1%|          | 97/18408 [00:07<20:47, 14.67it/s]
  1%|          | 99/18408 [00:07<20:24, 14.95it/s]
                                                  
{'loss': '1.099', 'grad_norm': '1.338', 'learning_rate': '1.98e-05', 'epoch': '0.0163'}

  1%|          | 100/18408 [00:07<20:24, 14.95it/s]
  1%|          | 101/18408 [00:07<20:33, 14.84it/s]
  1%|          | 103/18408 [00:07<20:35, 14.81it/s]
  1%|          | 105/18408 [00:07<21:26, 14.23it/s]
  1%|          | 107/18408 [00:07<20:54, 14.59it/s]
  1%|          | 109/18408 [00:08<20:51, 14.62it/s]
  1%|          | 111/18408 [00:08<20:36, 14.80it/s]
  1%|          | 113/18408 [00:08<21:24, 14.25it/s]
  1%|          | 115/18408 [00:08<21:12, 14.37it/s]
  1%|          | 117/18408 [00:08<20:44, 14.70it/s]
  1%|          | 119/18408 [00:08<20:40, 14.74it/s]
  1%|          | 121/18408 [00:08<21:36, 14.11it/s]
  1%|          | 123/18408 [00:09<22:09, 13.75it/s]
  1%|          | 125/18408 [00:09<21:51, 13.94it/s]
  1%|          | 127/18408 [00:09<21:20, 14.28it/s]
  1%|          | 129/18408 [00:09<21:43, 14.02it/s]
  1%|          | 131/18408 [00:09<21:34, 14.12it/s]
  1%|          | 133/18408 [00:09<21:37, 14.09it/s]
  1%|          | 135/18408 [00:09<23:21, 13.04it/s]
  1%|          | 137/18408 [00:10<22:11, 13.73it/s]
  1%|          | 139/18408 [00:10<21:29, 14.17it/s]
  1%|          | 141/18408 [00:10<21:15, 14.32it/s]
  1%|          | 143/18408 [00:10<21:26, 14.19it/s]
  1%|          | 145/18408 [00:10<21:00, 14.49it/s]
  1%|          | 147/18408 [00:10<20:56, 14.53it/s]
  1%|          | 149/18408 [00:10<20:39, 14.73it/s]
                                                   
{'loss': '1.026', 'grad_norm': '3.083', 'learning_rate': '1.995e-05', 'epoch': '0.02445'}

  1%|          | 150/18408 [00:10<20:39, 14.73it/s]
  1%|          | 151/18408 [00:10<20:25, 14.89it/s]
  1%|          | 153/18408 [00:11<21:27, 14.18it/s]
  1%|          | 155/18408 [00:11<21:01, 14.47it/s]
  1%|          | 157/18408 [00:11<21:07, 14.40it/s]
  1%|          | 159/18408 [00:11<21:00, 14.47it/s]
  1%|          | 161/18408 [00:11<20:27, 14.87it/s]
  1%|          | 163/18408 [00:11<20:17, 14.98it/s]
  1%|          | 165/18408 [00:11<20:18, 14.97it/s]
  1%|          | 167/18408 [00:12<20:17, 14.98it/s]
  1%|          | 169/18408 [00:12<20:48, 14.61it/s]
  1%|          | 171/18408 [00:12<20:33, 14.79it/s]
  1%|          | 173/18408 [00:12<20:27, 14.85it/s]
  1%|          | 175/18408 [00:12<20:24, 14.90it/s]
  1%|          | 177/18408 [00:12<20:05, 15.12it/s]
  1%|          | 179/18408 [00:12<21:05, 14.40it/s]
  1%|          | 181/18408 [00:13<20:49, 14.59it/s]
  1%|          | 183/18408 [00:13<20:21, 14.92it/s]
  1%|          | 185/18408 [00:13<20:14, 15.00it/s]
  1%|          | 187/18408 [00:13<20:15, 14.99it/s]
  1%|          | 189/18408 [00:13<20:04, 15.13it/s]
  1%|          | 191/18408 [00:13<19:48, 15.33it/s]
  1%|          | 193/18408 [00:13<19:54, 15.25it/s]
  1%|          | 195/18408 [00:13<19:48, 15.32it/s]
  1%|          | 197/18408 [00:14<21:59, 13.81it/s]
  1%|          | 199/18408 [00:14<21:12, 14.31it/s]
                                                   
{'loss': '0.9296', 'grad_norm': '6.161', 'learning_rate': '1.989e-05', 'epoch': '0.03259'}

  1%|          | 200/18408 [00:14<21:12, 14.31it/s]
  1%|          | 201/18408 [00:14<21:35, 14.05it/s]
  1%|          | 203/18408 [00:14<21:15, 14.28it/s]
  1%|          | 205/18408 [00:14<20:53, 14.53it/s]
  1%|          | 207/18408 [00:14<20:24, 14.86it/s]
  1%|          | 209/18408 [00:14<20:16, 14.96it/s]
  1%|          | 211/18408 [00:15<20:13, 15.00it/s]
  1%|          | 213/18408 [00:15<20:26, 14.84it/s]
  1%|          | 215/18408 [00:15<20:06, 15.08it/s]
  1%|          | 217/18408 [00:15<20:04, 15.10it/s]
  1%|          | 219/18408 [00:15<20:16, 14.95it/s]
  1%|          | 221/18408 [00:15<20:11, 15.01it/s]
  1%|          | 223/18408 [00:15<19:54, 15.23it/s]
  1%|          | 225/18408 [00:16<22:19, 13.58it/s]
  1%|          | 227/18408 [00:16<24:24, 12.41it/s]
  1%|          | 229/18408 [00:16<22:51, 13.26it/s]
  1%|▏         | 231/18408 [00:16<21:43, 13.94it/s]
  1%|▏         | 233/18408 [00:16<21:00, 14.42it/s]
  1%|▏         | 235/18408 [00:16<21:04, 14.37it/s]
  1%|▏         | 237/18408 [00:16<21:11, 14.29it/s]
  1%|▏         | 239/18408 [00:17<21:31, 14.07it/s]
  1%|▏         | 241/18408 [00:17<21:41, 13.96it/s]
  1%|▏         | 243/18408 [00:17<21:17, 14.22it/s]
  1%|▏         | 245/18408 [00:17<21:07, 14.33it/s]
  1%|▏         | 247/18408 [00:17<20:35, 14.70it/s]
  1%|▏         | 249/18408 [00:17<20:59, 14.42it/s]
                                                   
{'loss': '0.8688', 'grad_norm': '3.991', 'learning_rate': '1.984e-05', 'epoch': '0.04074'}

  1%|▏         | 250/18408 [00:17<20:59, 14.42it/s]
  1%|▏         | 251/18408 [00:17<20:59, 14.42it/s]
  1%|▏         | 253/18408 [00:17<20:36, 14.69it/s]
  1%|▏         | 255/18408 [00:18<20:43, 14.60it/s]
  1%|▏         | 257/18408 [00:18<20:52, 14.49it/s]
  1%|▏         | 259/18408 [00:18<20:57, 14.43it/s]
  1%|▏         | 261/18408 [00:18<21:10, 14.29it/s]
  1%|▏         | 263/18408 [00:18<20:38, 14.66it/s]
  1%|▏         | 265/18408 [00:18<20:31, 14.73it/s]
  1%|▏         | 267/18408 [00:18<20:07, 15.02it/s]
  1%|▏         | 269/18408 [00:19<22:08, 13.65it/s]
  1%|▏         | 271/18408 [00:19<21:17, 14.19it/s]
  1%|▏         | 273/18408 [00:19<20:37, 14.66it/s]
  1%|▏         | 275/18408 [00:19<20:58, 14.41it/s]
  2%|▏         | 277/18408 [00:19<21:18, 14.18it/s]
  2%|▏         | 279/18408 [00:19<21:08, 14.30it/s]
  2%|▏         | 281/18408 [00:19<21:03, 14.35it/s]
  2%|▏         | 283/18408 [00:20<21:27, 14.08it/s]
  2%|▏         | 285/18408 [00:20<21:17, 14.18it/s]
  2%|▏         | 287/18408 [00:20<20:54, 14.44it/s]
  2%|▏         | 289/18408 [00:20<20:26, 14.77it/s]
  2%|▏         | 291/18408 [00:20<20:10, 14.97it/s]
  2%|▏         | 293/18408 [00:20<20:09, 14.98it/s]
  2%|▏         | 295/18408 [00:20<19:51, 15.20it/s]
  2%|▏         | 297/18408 [00:21<19:43, 15.30it/s]
  2%|▏         | 299/18408 [00:21<20:32, 14.69it/s]
                                                   
{'loss': '0.8359', 'grad_norm': '4.222', 'learning_rate': '1.978e-05', 'epoch': '0.04889'}

  2%|▏         | 300/18408 [00:21<20:32, 14.69it/s]
  2%|▏         | 301/18408 [00:21<20:34, 14.67it/s]
  2%|▏         | 303/18408 [00:21<20:30, 14.71it/s]
  2%|▏         | 305/18408 [00:21<20:25, 14.77it/s]
  2%|▏         | 307/18408 [00:21<20:03, 15.03it/s]
  2%|▏         | 309/18408 [00:21<19:44, 15.27it/s]
  2%|▏         | 311/18408 [00:21<20:21, 14.82it/s]
  2%|▏         | 313/18408 [00:22<20:11, 14.93it/s]
  2%|▏         | 315/18408 [00:22<20:43, 14.55it/s]
  2%|▏         | 317/18408 [00:22<20:14, 14.90it/s]
  2%|▏         | 319/18408 [00:22<20:14, 14.89it/s]
  2%|▏         | 321/18408 [00:22<20:23, 14.78it/s]
  2%|▏         | 323/18408 [00:22<20:35, 14.64it/s]
  2%|▏         | 325/18408 [00:22<21:17, 14.15it/s]
  2%|▏         | 327/18408 [00:23<20:56, 14.39it/s]
  2%|▏         | 329/18408 [00:23<20:41, 14.57it/s]
  2%|▏         | 331/18408 [00:23<20:40, 14.57it/s]
  2%|▏         | 333/18408 [00:23<21:23, 14.08it/s]
  2%|▏         | 335/18408 [00:23<21:09, 14.24it/s]
  2%|▏         | 337/18408 [00:23<20:53, 14.42it/s]
  2%|▏         | 339/18408 [00:23<20:25, 14.74it/s]
  2%|▏         | 341/18408 [00:24<22:13, 13.55it/s]
  2%|▏         | 343/18408 [00:24<21:40, 13.89it/s]
  2%|▏         | 345/18408 [00:24<20:57, 14.37it/s]
  2%|▏         | 347/18408 [00:24<20:47, 14.48it/s]
  2%|▏         | 349/18408 [00:24<21:12, 14.20it/s]
                                                   
{'loss': '0.8363', 'grad_norm': '4.063', 'learning_rate': '1.973e-05', 'epoch': '0.05704'}

  2%|▏         | 350/18408 [00:24<21:12, 14.20it/s]
  2%|▏         | 351/18408 [00:24<20:33, 14.64it/s]
  2%|▏         | 353/18408 [00:24<20:05, 14.98it/s]
  2%|▏         | 355/18408 [00:25<20:44, 14.51it/s]
  2%|▏         | 357/18408 [00:25<20:31, 14.66it/s]
  2%|▏         | 359/18408 [00:25<20:31, 14.65it/s]
  2%|▏         | 361/18408 [00:25<20:20, 14.79it/s]
  2%|▏         | 363/18408 [00:25<20:47, 14.47it/s]
  2%|▏         | 365/18408 [00:25<20:54, 14.38it/s]
  2%|▏         | 367/18408 [00:25<20:38, 14.57it/s]
  2%|▏         | 369/18408 [00:25<20:11, 14.89it/s]
  2%|▏         | 371/18408 [00:26<20:22, 14.76it/s]
  2%|▏         | 373/18408 [00:26<19:57, 15.06it/s]
  2%|▏         | 375/18408 [00:26<20:08, 14.92it/s]
  2%|▏         | 377/18408 [00:26<20:13, 14.86it/s]
  2%|▏         | 379/18408 [00:26<19:56, 15.07it/s]
  2%|▏         | 381/18408 [00:26<20:02, 14.99it/s]
  2%|▏         | 383/18408 [00:26<20:22, 14.75it/s]
  2%|▏         | 385/18408 [00:27<20:35, 14.58it/s]
  2%|▏         | 387/18408 [00:27<20:37, 14.56it/s]
  2%|▏         | 389/18408 [00:27<20:08, 14.91it/s]
  2%|▏         | 391/18408 [00:27<19:46, 15.18it/s]
  2%|▏         | 393/18408 [00:27<20:52, 14.38it/s]
  2%|▏         | 395/18408 [00:27<20:46, 14.45it/s]
  2%|▏         | 397/18408 [00:27<22:18, 13.45it/s]
  2%|▏         | 399/18408 [00:28<21:21, 14.06it/s]
                                                   
{'loss': '0.8213', 'grad_norm': '4.854', 'learning_rate': '1.967e-05', 'epoch': '0.06519'}

  2%|▏         | 400/18408 [00:28<21:21, 14.06it/s]
  2%|▏         | 401/18408 [00:28<20:37, 14.55it/s]
  2%|▏         | 403/18408 [00:28<20:29, 14.65it/s]
  2%|▏         | 405/18408 [00:28<20:22, 14.72it/s]
  2%|▏         | 407/18408 [00:28<20:16, 14.80it/s]
  2%|▏         | 409/18408 [00:28<20:29, 14.63it/s]
  2%|▏         | 411/18408 [00:28<20:05, 14.93it/s]
  2%|▏         | 413/18408 [00:28<20:23, 14.71it/s]
  2%|▏         | 415/18408 [00:29<20:11, 14.85it/s]
  2%|▏         | 417/18408 [00:29<19:53, 15.08it/s]
  2%|▏         | 419/18408 [00:29<20:17, 14.78it/s]
  2%|▏         | 421/18408 [00:29<20:07, 14.90it/s]
  2%|▏         | 423/18408 [00:29<21:02, 14.24it/s]
  2%|▏         | 425/18408 [00:29<20:51, 14.37it/s]
  2%|▏         | 427/18408 [00:29<20:20, 14.73it/s]
  2%|▏         | 429/18408 [00:30<22:20, 13.41it/s]
  2%|▏         | 431/18408 [00:30<21:19, 14.05it/s]
  2%|▏         | 433/18408 [00:30<20:39, 14.50it/s]
  2%|▏         | 435/18408 [00:30<20:46, 14.42it/s]
  2%|▏         | 437/18408 [00:30<20:13, 14.81it/s]
  2%|▏         | 439/18408 [00:30<19:49, 15.11it/s]
  2%|▏         | 441/18408 [00:30<19:51, 15.08it/s]
  2%|▏         | 443/18408 [00:31<20:33, 14.57it/s]
  2%|▏         | 445/18408 [00:31<21:22, 14.01it/s]
  2%|▏         | 447/18408 [00:31<20:53, 14.33it/s]
  2%|▏         | 449/18408 [00:31<20:17, 14.75it/s]
                                                   
{'loss': '0.8119', 'grad_norm': '4.226', 'learning_rate': '1.962e-05', 'epoch': '0.07334'}

  2%|▏         | 450/18408 [00:31<20:17, 14.75it/s]
  2%|▏         | 451/18408 [00:31<21:06, 14.18it/s]
  2%|▏         | 453/18408 [00:31<20:53, 14.32it/s]
  2%|▏         | 455/18408 [00:31<20:43, 14.44it/s]
  2%|▏         | 457/18408 [00:32<20:35, 14.53it/s]
  2%|▏         | 459/18408 [00:32<20:48, 14.37it/s]
  3%|▎         | 461/18408 [00:32<20:40, 14.47it/s]
  3%|▎         | 463/18408 [00:32<21:37, 13.83it/s]
  3%|▎         | 465/18408 [00:32<21:15, 14.07it/s]
  3%|▎         | 467/18408 [00:32<20:46, 14.39it/s]
  3%|▎         | 469/18408 [00:32<21:28, 13.93it/s]
  3%|▎         | 471/18408 [00:33<21:16, 14.05it/s]
  3%|▎         | 473/18408 [00:33<21:06, 14.16it/s]
  3%|▎         | 475/18408 [00:33<20:39, 14.47it/s]
  3%|▎         | 477/18408 [00:33<20:21, 14.67it/s]
  3%|▎         | 479/18408 [00:33<20:33, 14.53it/s]
  3%|▎         | 481/18408 [00:33<20:49, 14.35it/s]
  3%|▎         | 483/18408 [00:33<22:18, 13.40it/s]
  3%|▎         | 485/18408 [00:33<21:28, 13.91it/s]
  3%|▎         | 487/18408 [00:34<20:44, 14.40it/s]
  3%|▎         | 489/18408 [00:34<20:11, 14.79it/s]
  3%|▎         | 491/18408 [00:34<20:03, 14.88it/s]
  3%|▎         | 493/18408 [00:34<20:08, 14.82it/s]
  3%|▎         | 495/18408 [00:34<20:29, 14.57it/s]
  3%|▎         | 497/18408 [00:34<20:31, 14.54it/s]
  3%|▎         | 499/18408 [00:34<20:30, 14.56it/s]
                                                   
{'loss': '0.8084', 'grad_norm': '3.072', 'learning_rate': '1.956e-05', 'epoch': '0.08149'}

  3%|▎         | 500/18408 [00:35<20:30, 14.56it/s]

  0%|          | 0/39 [00:00<?, ?it/s][A

 26%|██▌       | 10/39 [00:00<00:00, 96.20it/s][A

 54%|█████▍    | 21/39 [00:00<00:00, 102.17it/s][A

 85%|████████▍ | 33/39 [00:00<00:00, 108.80it/s][A
                                                   

                                                
[A{'eval_loss': '0.7346', 'eval_accuracy': '0.688', 'eval_precision': '0.6936', 'eval_recall': '0.688', 'eval_f1_weighted': '0.6889', 'eval_f1_macro': '0.6889', 'eval_runtime': '0.7833', 'eval_samples_per_second': '3179', 'eval_steps_per_second': '49.79', 'epoch': '0.08149'}

  3%|▎         | 500/18408 [00:35<20:30, 14.56it/s]

100%|██████████| 39/39 [00:00<00:00, 108.80it/s][A

                                                [A

Writing model shards:   0%|          | 0/1 [00:00<?, ?it/s][A

Writing model shards: 100%|██████████| 1/1 [00:01<00:00,  1.24s/it][A
Writing model shards: 100%|██████████| 1/1 [00:01<00:00,  1.24s/it]

  3%|▎         | 501/18408 [00:37<1:54:37,  2.60it/s]
  3%|▎         | 503/18408 [00:37<1:26:50,  3.44it/s]
  3%|▎         | 505/18408 [00:37<1:06:46,  4.47it/s]
  3%|▎         | 507/18408 [00:37<52:42,  5.66it/s]  
  3%|▎         | 509/18408 [00:37<43:34,  6.85it/s]
  3%|▎         | 511/18408 [00:37<36:35,  8.15it/s]
  3%|▎         | 513/18408 [00:38<31:32,  9.45it/s]
  3%|▎         | 515/18408 [00:38<28:04, 10.62it/s]
  3%|▎         | 517/18408 [00:38<25:21, 11.76it/s]
  3%|▎         | 519/18408 [00:38<23:25, 12.73it/s]
  3%|▎         | 521/18408 [00:38<22:48, 13.07it/s]
  3%|▎         | 523/18408 [00:38<21:48, 13.66it/s]
  3%|▎         | 525/18408 [00:38<21:06, 14.12it/s]
  3%|▎         | 527/18408 [00:38<21:40, 13.75it/s]
  3%|▎         | 529/18408 [00:39<20:48, 14.32it/s]
  3%|▎         | 531/18408 [00:39<21:17, 13.99it/s]
  3%|▎         | 533/18408 [00:39<21:02, 14.16it/s]
  3%|▎         | 535/18408 [00:39<20:30, 14.53it/s]
  3%|▎         | 537/18408 [00:39<20:13, 14.73it/s]
  3%|▎         | 539/18408 [00:39<19:47, 15.05it/s]
  3%|▎         | 541/18408 [00:39<20:00, 14.88it/s]
  3%|▎         | 543/18408 [00:40<20:22, 14.61it/s]
  3%|▎         | 545/18408 [00:40<20:18, 14.66it/s]
  3%|▎         | 547/18408 [00:40<20:08, 14.77it/s]
  3%|▎         | 549/18408 [00:40<19:46, 15.05it/s]
                                                   
{'loss': '0.7958', 'grad_norm': '4.278', 'learning_rate': '1.951e-05', 'epoch': '0.08963'}

  3%|▎         | 550/18408 [00:40<19:46, 15.05it/s]
  3%|▎         | 551/18408 [00:40<21:40, 13.73it/s]
  3%|▎         | 553/18408 [00:40<22:22, 13.30it/s]
  3%|▎         | 555/18408 [00:40<21:41, 13.71it/s]
  3%|▎         | 557/18408 [00:41<21:01, 14.15it/s]
  3%|▎         | 559/18408 [00:41<21:00, 14.16it/s]
  3%|▎         | 561/18408 [00:41<20:38, 14.41it/s]
  3%|▎         | 563/18408 [00:41<20:19, 14.63it/s]
  3%|▎         | 565/18408 [00:41<20:24, 14.57it/s]
  3%|▎         | 567/18408 [00:41<20:02, 14.83it/s]
  3%|▎         | 569/18408 [00:41<19:40, 15.11it/s]
  3%|▎         | 571/18408 [00:41<19:45, 15.04it/s]
  3%|▎         | 573/18408 [00:42<19:57, 14.89it/s]
  3%|▎         | 575/18408 [00:42<20:00, 14.85it/s]
  3%|▎         | 577/18408 [00:42<19:55, 14.91it/s]
  3%|▎         | 579/18408 [00:42<20:02, 14.82it/s]
  3%|▎         | 581/18408 [00:42<20:17, 14.64it/s]
  3%|▎         | 583/18408 [00:42<20:59, 14.15it/s]
  3%|▎         | 585/18408 [00:42<20:35, 14.43it/s]
  3%|▎         | 587/18408 [00:43<20:20, 14.60it/s]
  3%|▎         | 589/18408 [00:43<21:11, 14.01it/s]
  3%|▎         | 591/18408 [00:43<20:31, 14.47it/s]
  3%|▎         | 593/18408 [00:43<20:14, 14.67it/s]
  3%|▎         | 595/18408 [00:43<19:50, 14.96it/s]
  3%|▎         | 597/18408 [00:43<20:01, 14.82it/s]
  3%|▎         | 599/18408 [00:43<19:42, 15.06it/s]
                                                   
{'loss': '0.8135', 'grad_norm': '5.24', 'learning_rate': '1.945e-05', 'epoch': '0.09778'}

  3%|▎         | 600/18408 [00:43<19:42, 15.06it/s]
  3%|▎         | 601/18408 [00:44<20:18, 14.61it/s]
  3%|▎         | 603/18408 [00:44<19:51, 14.95it/s]
  3%|▎         | 605/18408 [00:44<19:29, 15.22it/s]
  3%|▎         | 607/18408 [00:44<19:41, 15.06it/s]
  3%|▎         | 609/18408 [00:44<20:04, 14.78it/s]
  3%|▎         | 611/18408 [00:44<20:10, 14.70it/s]
  3%|▎         | 613/18408 [00:44<20:00, 14.82it/s]
  3%|▎         | 615/18408 [00:44<19:44, 15.02it/s]
  3%|▎         | 617/18408 [00:45<20:19, 14.58it/s]
  3%|▎         | 619/18408 [00:45<20:19, 14.59it/s]
  3%|▎         | 621/18408 [00:45<20:16, 14.62it/s]
  3%|▎         | 623/18408 [00:45<20:49, 14.23it/s]
  3%|▎         | 625/18408 [00:45<20:12, 14.67it/s]
  3%|▎         | 627/18408 [00:45<19:46, 14.99it/s]
  3%|▎         | 629/18408 [00:45<20:19, 14.58it/s]
  3%|▎         | 631/18408 [00:46<19:56, 14.85it/s]
  3%|▎         | 633/18408 [00:46<19:56, 14.86it/s]
  3%|▎         | 635/18408 [00:46<20:19, 14.57it/s]
  3%|▎         | 637/18408 [00:46<20:59, 14.11it/s]
  3%|▎         | 639/18408 [00:46<20:38, 14.35it/s]
  3%|▎         | 641/18408 [00:46<20:22, 14.53it/s]
  3%|▎         | 643/18408 [00:46<20:40, 14.32it/s]
  4%|▎         | 645/18408 [00:47<20:33, 14.40it/s]
  4%|▎         | 647/18408 [00:47<20:08, 14.70it/s]
  4%|▎         | 649/18408 [00:47<20:07, 14.71it/s]
                                                   
{'loss': '0.7692', 'grad_norm': '3.311', 'learning_rate': '1.94e-05', 'epoch': '0.1059'}

  4%|▎         | 650/18408 [00:47<20:07, 14.71it/s]
  4%|▎         | 651/18408 [00:47<20:35, 14.37it/s]
  4%|▎         | 653/18408 [00:47<20:01, 14.78it/s]
  4%|▎         | 655/18408 [00:47<19:55, 14.85it/s]
  4%|▎         | 657/18408 [00:47<19:47, 14.94it/s]
  4%|▎         | 659/18408 [00:47<20:18, 14.56it/s]
  4%|▎         | 661/18408 [00:48<20:39, 14.31it/s]
  4%|▎         | 663/18408 [00:48<20:15, 14.59it/s]
  4%|▎         | 665/18408 [00:48<20:05, 14.72it/s]
  4%|▎         | 667/18408 [00:48<19:43, 14.99it/s]
  4%|▎         | 669/18408 [00:48<19:26, 15.20it/s]
  4%|▎         | 671/18408 [00:48<19:21, 15.27it/s]
  4%|▎         | 673/18408 [00:48<19:42, 15.00it/s]
  4%|▎         | 675/18408 [00:49<19:23, 15.24it/s]
  4%|▎         | 677/18408 [00:49<19:29, 15.16it/s]
  4%|▎         | 679/18408 [00:49<19:49, 14.90it/s]
  4%|▎         | 681/18408 [00:49<19:46, 14.94it/s]
  4%|▎         | 683/18408 [00:49<20:43, 14.25it/s]
  4%|▎         | 685/18408 [00:49<20:05, 14.70it/s]
  4%|▎         | 687/18408 [00:49<20:42, 14.26it/s]
  4%|▎         | 689/18408 [00:50<20:57, 14.09it/s]
  4%|▍         | 691/18408 [00:50<20:16, 14.56it/s]
  4%|▍         | 693/18408 [00:50<20:05, 14.69it/s]
  4%|▍         | 695/18408 [00:50<19:47, 14.92it/s]
  4%|▍         | 697/18408 [00:50<20:36, 14.33it/s]
  4%|▍         | 699/18408 [00:50<20:23, 14.48it/s]
                                                   
{'loss': '0.7795', 'grad_norm': '3.559', 'learning_rate': '1.935e-05', 'epoch': '0.1141'}

  4%|▍         | 700/18408 [00:50<20:23, 14.48it/s]
  4%|▍         | 701/18408 [00:50<22:33, 13.08it/s]
  4%|▍         | 703/18408 [00:51<21:51, 13.50it/s]
  4%|▍         | 705/18408 [00:51<21:15, 13.88it/s]
  4%|▍         | 707/18408 [00:51<20:59, 14.05it/s]
  4%|▍         | 709/18408 [00:51<20:36, 14.31it/s]
  4%|▍         | 711/18408 [00:51<20:07, 14.65it/s]
  4%|▍         | 713/18408 [00:51<20:08, 14.64it/s]
  4%|▍         | 715/18408 [00:51<19:57, 14.78it/s]
  4%|▍         | 717/18408 [00:51<19:34, 15.07it/s]
  4%|▍         | 719/18408 [00:52<20:38, 14.29it/s]
  4%|▍         | 721/18408 [00:52<21:04, 13.98it/s]
  4%|▍         | 723/18408 [00:52<20:25, 14.43it/s]
  4%|▍         | 725/18408 [00:52<19:53, 14.82it/s]
  4%|▍         | 727/18408 [00:52<19:51, 14.84it/s]
  4%|▍         | 729/18408 [00:52<19:38, 15.00it/s]
  4%|▍         | 731/18408 [00:52<19:47, 14.89it/s]
  4%|▍         | 733/18408 [00:53<26:07, 11.28it/s]
  4%|▍         | 735/18408 [00:53<27:10, 10.84it/s]
  4%|▍         | 737/18408 [00:53<28:17, 10.41it/s]
  4%|▍         | 739/18408 [00:53<27:01, 10.90it/s]
  4%|▍         | 741/18408 [00:53<25:04, 11.75it/s]
  4%|▍         | 743/18408 [00:54<24:18, 12.11it/s]
  4%|▍         | 745/18408 [00:54<23:05, 12.75it/s]
  4%|▍         | 747/18408 [00:54<22:56, 12.83it/s]
  4%|▍         | 749/18408 [00:54<22:34, 13.04it/s]
                                                   
{'loss': '0.7612', 'grad_norm': '4.204', 'learning_rate': '1.929e-05', 'epoch': '0.1222'}

  4%|▍         | 750/18408 [00:54<22:34, 13.04it/s]
  4%|▍         | 751/18408 [00:54<22:31, 13.07it/s]
  4%|▍         | 753/18408 [00:54<21:54, 13.43it/s]
  4%|▍         | 755/18408 [00:54<21:26, 13.72it/s]
  4%|▍         | 757/18408 [00:55<20:51, 14.10it/s]
  4%|▍         | 759/18408 [00:55<20:44, 14.18it/s]
  4%|▍         | 761/18408 [00:55<20:28, 14.37it/s]
  4%|▍         | 763/18408 [00:55<20:01, 14.68it/s]
  4%|▍         | 765/18408 [00:55<20:10, 14.58it/s]
  4%|▍         | 767/18408 [00:55<20:45, 14.16it/s]
  4%|▍         | 769/18408 [00:55<20:34, 14.28it/s]
  4%|▍         | 771/18408 [00:56<20:16, 14.49it/s]
  4%|▍         | 773/18408 [00:56<20:03, 14.65it/s]
  4%|▍         | 775/18408 [00:56<19:56, 14.74it/s]
  4%|▍         | 777/18408 [00:56<19:48, 14.84it/s]
  4%|▍         | 779/18408 [00:56<19:54, 14.76it/s]
  4%|▍         | 781/18408 [00:56<20:49, 14.11it/s]
  4%|▍         | 783/18408 [00:56<20:32, 14.30it/s]
  4%|▍         | 785/18408 [00:57<22:13, 13.22it/s]
  4%|▍         | 787/18408 [00:57<22:36, 12.99it/s]
  4%|▍         | 789/18408 [00:57<21:43, 13.52it/s]
  4%|▍         | 791/18408 [00:57<20:55, 14.04it/s]
  4%|▍         | 793/18408 [00:57<20:14, 14.50it/s]
  4%|▍         | 795/18408 [00:57<20:01, 14.66it/s]
  4%|▍         | 797/18408 [00:57<20:31, 14.30it/s]
  4%|▍         | 799/18408 [00:57<20:14, 14.50it/s]
                                                   
{'loss': '0.7683', 'grad_norm': '3.465', 'learning_rate': '1.924e-05', 'epoch': '0.1304'}

  4%|▍         | 800/18408 [00:58<20:14, 14.50it/s]
  4%|▍         | 801/18408 [00:58<20:40, 14.20it/s]
  4%|▍         | 803/18408 [00:58<20:51, 14.07it/s]
  4%|▍         | 805/18408 [00:58<21:13, 13.82it/s]
  4%|▍         | 807/18408 [00:58<20:53, 14.05it/s]
  4%|▍         | 809/18408 [00:58<20:37, 14.22it/s]
  4%|▍         | 811/18408 [00:58<20:22, 14.39it/s]
  4%|▍         | 813/18408 [00:58<19:55, 14.72it/s]
  4%|▍         | 815/18408 [00:59<19:37, 14.94it/s]
  4%|▍         | 817/18408 [00:59<19:18, 15.18it/s]
  4%|▍         | 819/18408 [00:59<19:20, 15.15it/s]
  4%|▍         | 821/18408 [00:59<19:25, 15.09it/s]
  4%|▍         | 823/18408 [00:59<19:39, 14.91it/s]
  4%|▍         | 825/18408 [00:59<19:33, 14.99it/s]
  4%|▍         | 827/18408 [00:59<19:51, 14.75it/s]
  5%|▍         | 829/18408 [01:00<19:43, 14.85it/s]
  5%|▍         | 831/18408 [01:00<19:35, 14.95it/s]
  5%|▍         | 833/18408 [01:00<19:16, 15.20it/s]
  5%|▍         | 835/18408 [01:00<20:50, 14.05it/s]
  5%|▍         | 837/18408 [01:00<20:23, 14.36it/s]
  5%|▍         | 839/18408 [01:00<20:09, 14.53it/s]
  5%|▍         | 841/18408 [01:00<19:58, 14.66it/s]
  5%|▍         | 843/18408 [01:01<20:06, 14.56it/s]
  5%|▍         | 845/18408 [01:01<19:47, 14.79it/s]
  5%|▍         | 847/18408 [01:01<20:15, 14.45it/s]
  5%|▍         | 849/18408 [01:01<20:40, 14.16it/s]
                                                   
{'loss': '0.7546', 'grad_norm': '5.962', 'learning_rate': '1.918e-05', 'epoch': '0.1385'}

  5%|▍         | 850/18408 [01:01<20:40, 14.16it/s]
  5%|▍         | 851/18408 [01:01<20:17, 14.43it/s]
  5%|▍         | 853/18408 [01:01<20:01, 14.61it/s]
  5%|▍         | 855/18408 [01:01<19:45, 14.81it/s]
  5%|▍         | 857/18408 [01:01<19:40, 14.87it/s]
  5%|▍         | 859/18408 [01:02<20:22, 14.36it/s]
  5%|▍         | 861/18408 [01:02<20:32, 14.24it/s]
  5%|▍         | 863/18408 [01:02<20:08, 14.51it/s]
  5%|▍         | 865/18408 [01:02<20:05, 14.55it/s]
  5%|▍         | 867/18408 [01:02<19:40, 14.86it/s]
  5%|▍         | 869/18408 [01:02<19:44, 14.80it/s]
  5%|▍         | 871/18408 [01:02<20:12, 14.46it/s]
  5%|▍         | 873/18408 [01:03<20:42, 14.12it/s]
  5%|▍         | 875/18408 [01:03<20:39, 14.14it/s]
  5%|▍         | 877/18408 [01:03<20:13, 14.44it/s]
  5%|▍         | 879/18408 [01:03<20:51, 14.00it/s]
  5%|▍         | 881/18408 [01:03<20:35, 14.19it/s]
  5%|▍         | 883/18408 [01:03<20:29, 14.25it/s]
  5%|▍         | 885/18408 [01:03<20:44, 14.09it/s]
  5%|▍         | 887/18408 [01:04<21:01, 13.89it/s]
  5%|▍         | 889/18408 [01:04<20:17, 14.38it/s]
  5%|▍         | 891/18408 [01:04<19:55, 14.65it/s]
  5%|▍         | 893/18408 [01:04<19:55, 14.65it/s]
  5%|▍         | 895/18408 [01:04<19:49, 14.72it/s]
  5%|▍         | 897/18408 [01:04<20:05, 14.52it/s]
  5%|▍         | 899/18408 [01:04<19:51, 14.70it/s]
                                                   
{'loss': '0.7698', 'grad_norm': '4.443', 'learning_rate': '1.913e-05', 'epoch': '0.1467'}

  5%|▍         | 900/18408 [01:04<19:51, 14.70it/s]
  5%|▍         | 901/18408 [01:05<19:51, 14.69it/s]
  5%|▍         | 903/18408 [01:05<19:31, 14.94it/s]
  5%|▍         | 905/18408 [01:05<19:46, 14.75it/s]
  5%|▍         | 907/18408 [01:05<19:52, 14.68it/s]
  5%|▍         | 909/18408 [01:05<19:56, 14.63it/s]
  5%|▍         | 911/18408 [01:05<20:46, 14.04it/s]
  5%|▍         | 913/18408 [01:05<20:22, 14.31it/s]
  5%|▍         | 915/18408 [01:05<20:27, 14.25it/s]
  5%|▍         | 917/18408 [01:06<20:09, 14.46it/s]
  5%|▍         | 919/18408 [01:06<21:22, 13.64it/s]
  5%|▌         | 921/18408 [01:06<21:05, 13.82it/s]
  5%|▌         | 923/18408 [01:06<21:25, 13.60it/s]
  5%|▌         | 925/18408 [01:06<21:47, 13.37it/s]
  5%|▌         | 927/18408 [01:06<21:50, 13.34it/s]
  5%|▌         | 929/18408 [01:07<21:08, 13.78it/s]
  5%|▌         | 931/18408 [01:07<21:57, 13.27it/s]
  5%|▌         | 933/18408 [01:07<20:52, 13.95it/s]
  5%|▌         | 935/18408 [01:07<20:08, 14.46it/s]
  5%|▌         | 937/18408 [01:07<19:36, 14.85it/s]
  5%|▌         | 939/18408 [01:07<19:46, 14.72it/s]
  5%|▌         | 941/18408 [01:07<19:51, 14.66it/s]
  5%|▌         | 943/18408 [01:07<19:32, 14.89it/s]
  5%|▌         | 945/18408 [01:08<19:12, 15.15it/s]
  5%|▌         | 947/18408 [01:08<19:44, 14.74it/s]
  5%|▌         | 949/18408 [01:08<19:32, 14.89it/s]
                                                   
{'loss': '0.7396', 'grad_norm': '3.957', 'learning_rate': '1.907e-05', 'epoch': '0.1548'}

  5%|▌         | 950/18408 [01:08<19:32, 14.89it/s]
  5%|▌         | 951/18408 [01:08<20:57, 13.89it/s]
  5%|▌         | 953/18408 [01:08<20:21, 14.30it/s]
  5%|▌         | 955/18408 [01:08<20:18, 14.32it/s]
  5%|▌         | 957/18408 [01:08<19:50, 14.65it/s]
  5%|▌         | 959/18408 [01:09<19:48, 14.68it/s]
  5%|▌         | 961/18408 [01:09<20:12, 14.39it/s]
  5%|▌         | 963/18408 [01:09<21:40, 13.41it/s]
  5%|▌         | 965/18408 [01:09<20:51, 13.94it/s]
  5%|▌         | 967/18408 [01:09<20:55, 13.90it/s]
  5%|▌         | 969/18408 [01:09<20:53, 13.91it/s]
  5%|▌         | 971/18408 [01:09<21:04, 13.79it/s]
  5%|▌         | 973/18408 [01:10<21:24, 13.58it/s]
  5%|▌         | 975/18408 [01:10<21:06, 13.77it/s]
  5%|▌         | 977/18408 [01:10<20:55, 13.89it/s]
  5%|▌         | 979/18408 [01:10<20:41, 14.04it/s]
  5%|▌         | 981/18408 [01:10<20:44, 14.01it/s]
  5%|▌         | 983/18408 [01:10<20:15, 14.33it/s]
  5%|▌         | 985/18408 [01:10<20:09, 14.40it/s]
  5%|▌         | 987/18408 [01:11<19:49, 14.65it/s]
  5%|▌         | 989/18408 [01:11<20:21, 14.26it/s]
  5%|▌         | 991/18408 [01:11<20:03, 14.47it/s]
  5%|▌         | 993/18408 [01:11<19:44, 14.70it/s]
  5%|▌         | 995/18408 [01:11<20:16, 14.31it/s]
  5%|▌         | 997/18408 [01:11<20:25, 14.21it/s]
  5%|▌         | 999/18408 [01:11<20:19, 14.28it/s]
                                                   
{'loss': '0.7536', 'grad_norm': '3.838', 'learning_rate': '1.902e-05', 'epoch': '0.163'}

  5%|▌         | 1000/18408 [01:12<20:19, 14.28it/s]

  0%|          | 0/39 [00:00<?, ?it/s][A

 31%|███       | 12/39 [00:00<00:00, 110.30it/s][A

 62%|██████▏   | 24/39 [00:00<00:00, 109.65it/s][A

 92%|█████████▏| 36/39 [00:00<00:00, 113.08it/s][A
                                                    

                                                
[A{'eval_loss': '0.7086', 'eval_accuracy': '0.6867', 'eval_precision': '0.709', 'eval_recall': '0.6867', 'eval_f1_weighted': '0.6882', 'eval_f1_macro': '0.6882', 'eval_runtime': '0.7633', 'eval_samples_per_second': '3262', 'eval_steps_per_second': '51.1', 'epoch': '0.163'}

  5%|▌         | 1000/18408 [01:12<20:19, 14.28it/s]

100%|██████████| 39/39 [00:00<00:00, 113.08it/s][A

                                                [A

Writing model shards:   0%|          | 0/1 [00:00<?, ?it/s][A

Writing model shards: 100%|██████████| 1/1 [00:01<00:00,  1.22s/it][A
Writing model shards: 100%|██████████| 1/1 [00:01<00:00,  1.22s/it]

  5%|▌         | 1001/18408 [01:14<1:49:06,  2.66it/s]
  5%|▌         | 1003/18408 [01:14<1:22:01,  3.54it/s]
  5%|▌         | 1005/18408 [01:14<1:03:49,  4.54it/s]
  5%|▌         | 1007/18408 [01:14<51:13,  5.66it/s]  
  5%|▌         | 1009/18408 [01:14<42:01,  6.90it/s]
  5%|▌         | 1011/18408 [01:14<35:22,  8.20it/s]
  6%|▌         | 1013/18408 [01:14<31:03,  9.34it/s]
  6%|▌         | 1015/18408 [01:15<28:01, 10.34it/s]
  6%|▌         | 1017/18408 [01:15<27:14, 10.64it/s]
  6%|▌         | 1019/18408 [01:15<24:51, 11.66it/s]
  6%|▌         | 1021/18408 [01:15<23:16, 12.45it/s]
  6%|▌         | 1023/18408 [01:15<23:07, 12.53it/s]
  6%|▌         | 1025/18408 [01:15<22:24, 12.93it/s]
  6%|▌         | 1027/18408 [01:15<21:10, 13.68it/s]
  6%|▌         | 1029/18408 [01:16<20:37, 14.04it/s]
  6%|▌         | 1031/18408 [01:16<20:29, 14.13it/s]
  6%|▌         | 1033/18408 [01:16<20:02, 14.45it/s]
  6%|▌         | 1035/18408 [01:16<20:41, 13.99it/s]
  6%|▌         | 1037/18408 [01:16<21:13, 13.64it/s]
  6%|▌         | 1039/18408 [01:16<20:26, 14.16it/s]
  6%|▌         | 1041/18408 [01:16<20:27, 14.15it/s]
  6%|▌         | 1043/18408 [01:17<21:03, 13.75it/s]
  6%|▌         | 1045/18408 [01:17<20:34, 14.06it/s]
  6%|▌         | 1047/18408 [01:17<21:12, 13.64it/s]
  6%|▌         | 1049/18408 [01:17<21:21, 13.54it/s]
                                                    
{'loss': '0.7742', 'grad_norm': '3.174', 'learning_rate': '1.896e-05', 'epoch': '0.1711'}

  6%|▌         | 1050/18408 [01:17<21:21, 13.54it/s]
  6%|▌         | 1051/18408 [01:17<20:41, 13.98it/s]
  6%|▌         | 1053/18408 [01:17<20:25, 14.16it/s]
  6%|▌         | 1055/18408 [01:17<20:37, 14.02it/s]
  6%|▌         | 1057/18408 [01:18<20:30, 14.10it/s]
  6%|▌         | 1059/18408 [01:18<22:13, 13.01it/s]
  6%|▌         | 1061/18408 [01:18<21:17, 13.58it/s]
  6%|▌         | 1063/18408 [01:18<20:23, 14.18it/s]
  6%|▌         | 1065/18408 [01:18<19:59, 14.46it/s]
  6%|▌         | 1067/18408 [01:18<21:01, 13.74it/s]
  6%|▌         | 1069/18408 [01:18<20:12, 14.30it/s]
  6%|▌         | 1071/18408 [01:19<19:57, 14.47it/s]
  6%|▌         | 1073/18408 [01:19<19:27, 14.85it/s]
  6%|▌         | 1075/18408 [01:19<19:20, 14.93it/s]
  6%|▌         | 1077/18408 [01:19<20:59, 13.76it/s]
  6%|▌         | 1079/18408 [01:19<20:10, 14.31it/s]
  6%|▌         | 1081/18408 [01:19<20:28, 14.10it/s]
  6%|▌         | 1083/18408 [01:19<20:10, 14.31it/s]
  6%|▌         | 1085/18408 [01:20<20:03, 14.39it/s]
  6%|▌         | 1087/18408 [01:20<19:37, 14.71it/s]
  6%|▌         | 1089/18408 [01:20<20:16, 14.24it/s]
  6%|▌         | 1091/18408 [01:20<19:40, 14.67it/s]
  6%|▌         | 1093/18408 [01:20<19:32, 14.77it/s]
  6%|▌         | 1095/18408 [01:20<19:06, 15.11it/s]
  6%|▌         | 1097/18408 [01:20<19:13, 15.01it/s]
  6%|▌         | 1099/18408 [01:21<19:11, 15.03it/s]
                                                    
{'loss': '0.7367', 'grad_norm': '3.914', 'learning_rate': '1.891e-05', 'epoch': '0.1793'}

  6%|▌         | 1100/18408 [01:21<19:11, 15.03it/s]
  6%|▌         | 1101/18408 [01:21<18:57, 15.21it/s]
  6%|▌         | 1103/18408 [01:21<19:38, 14.68it/s]
  6%|▌         | 1105/18408 [01:21<19:43, 14.62it/s]
  6%|▌         | 1107/18408 [01:21<20:01, 14.40it/s]
  6%|▌         | 1109/18408 [01:21<19:48, 14.56it/s]
  6%|▌         | 1111/18408 [01:21<19:45, 14.59it/s]
  6%|▌         | 1113/18408 [01:21<19:44, 14.60it/s]
  6%|▌         | 1115/18408 [01:22<19:29, 14.79it/s]
  6%|▌         | 1117/18408 [01:22<19:07, 15.07it/s]
  6%|▌         | 1119/18408 [01:22<19:08, 15.06it/s]
  6%|▌         | 1121/18408 [01:22<18:55, 15.23it/s]
  6%|▌         | 1123/18408 [01:22<18:46, 15.35it/s]
  6%|▌         | 1125/18408 [01:22<19:22, 14.86it/s]
  6%|▌         | 1127/18408 [01:22<19:02, 15.12it/s]
  6%|▌         | 1129/18408 [01:23<18:59, 15.16it/s]
  6%|▌         | 1131/18408 [01:23<19:30, 14.76it/s]
  6%|▌         | 1133/18408 [01:23<19:21, 14.88it/s]
  6%|▌         | 1135/18408 [01:23<19:40, 14.64it/s]
  6%|▌         | 1137/18408 [01:23<20:23, 14.12it/s]
  6%|▌         | 1139/18408 [01:23<19:44, 14.57it/s]
  6%|▌         | 1141/18408 [01:23<21:37, 13.31it/s]
  6%|▌         | 1143/18408 [01:24<20:35, 13.97it/s]
  6%|▌         | 1145/18408 [01:24<20:08, 14.29it/s]
  6%|▌         | 1147/18408 [01:24<19:46, 14.55it/s]
  6%|▌         | 1149/18408 [01:24<19:32, 14.72it/s]
                                                    
{'loss': '0.7552', 'grad_norm': '3.657', 'learning_rate': '1.885e-05', 'epoch': '0.1874'}

  6%|▌         | 1150/18408 [01:24<19:32, 14.72it/s]
  6%|▋         | 1151/18408 [01:24<19:08, 15.03it/s]
  6%|▋         | 1153/18408 [01:24<18:50, 15.26it/s]
  6%|▋         | 1155/18408 [01:24<19:15, 14.93it/s]
  6%|▋         | 1157/18408 [01:24<19:04, 15.08it/s]
  6%|▋         | 1159/18408 [01:25<18:51, 15.24it/s]
  6%|▋         | 1161/18408 [01:25<19:39, 14.62it/s]
  6%|▋         | 1163/18408 [01:25<20:13, 14.21it/s]
  6%|▋         | 1165/18408 [01:25<21:17, 13.49it/s]
  6%|▋         | 1167/18408 [01:25<20:18, 14.15it/s]
  6%|▋         | 1169/18408 [01:25<19:54, 14.44it/s]
  6%|▋         | 1171/18408 [01:25<19:37, 14.64it/s]
  6%|▋         | 1173/18408 [01:26<20:19, 14.13it/s]
  6%|▋         | 1175/18408 [01:26<20:10, 14.24it/s]
  6%|▋         | 1177/18408 [01:26<19:54, 14.42it/s]
  6%|▋         | 1179/18408 [01:26<19:44, 14.54it/s]
  6%|▋         | 1181/18408 [01:26<19:40, 14.60it/s]
  6%|▋         | 1183/18408 [01:26<19:29, 14.72it/s]
  6%|▋         | 1185/18408 [01:26<19:06, 15.02it/s]
  6%|▋         | 1187/18408 [01:27<19:40, 14.59it/s]
  6%|▋         | 1189/18408 [01:27<19:13, 14.92it/s]
  6%|▋         | 1191/18408 [01:27<19:18, 14.87it/s]
  6%|▋         | 1193/18408 [01:27<19:43, 14.54it/s]
  6%|▋         | 1195/18408 [01:27<19:49, 14.46it/s]
  7%|▋         | 1197/18408 [01:27<19:53, 14.41it/s]
  7%|▋         | 1199/18408 [01:27<19:33, 14.66it/s]
                                                    
{'loss': '0.7507', 'grad_norm': '4.457', 'learning_rate': '1.88e-05', 'epoch': '0.1956'}

  7%|▋         | 1200/18408 [01:27<19:33, 14.66it/s]
  7%|▋         | 1201/18408 [01:28<20:13, 14.18it/s]
  7%|▋         | 1203/18408 [01:28<22:41, 12.63it/s]
  7%|▋         | 1205/18408 [01:28<22:48, 12.57it/s]
  7%|▋         | 1207/18408 [01:28<21:38, 13.25it/s]
  7%|▋         | 1209/18408 [01:28<20:37, 13.89it/s]
  7%|▋         | 1211/18408 [01:28<20:37, 13.89it/s]
  7%|▋         | 1213/18408 [01:28<19:54, 14.39it/s]
  7%|▋         | 1215/18408 [01:29<21:13, 13.50it/s]
  7%|▋         | 1217/18408 [01:29<20:22, 14.07it/s]
  7%|▋         | 1219/18408 [01:29<20:01, 14.30it/s]
  7%|▋         | 1221/18408 [01:29<19:25, 14.75it/s]
  7%|▋         | 1223/18408 [01:29<19:05, 15.01it/s]
  7%|▋         | 1225/18408 [01:29<21:01, 13.62it/s]
  7%|▋         | 1227/18408 [01:29<20:10, 14.19it/s]
  7%|▋         | 1229/18408 [01:30<20:43, 13.82it/s]
  7%|▋         | 1231/18408 [01:30<20:58, 13.64it/s]
  7%|▋         | 1233/18408 [01:30<20:07, 14.22it/s]
  7%|▋         | 1235/18408 [01:30<19:33, 14.64it/s]
  7%|▋         | 1237/18408 [01:30<19:27, 14.71it/s]
  7%|▋         | 1239/18408 [01:30<19:28, 14.69it/s]
  7%|▋         | 1241/18408 [01:30<19:39, 14.56it/s]
  7%|▋         | 1243/18408 [01:30<19:20, 14.79it/s]
  7%|▋         | 1245/18408 [01:31<19:02, 15.02it/s]
  7%|▋         | 1247/18408 [01:31<19:07, 14.96it/s]
  7%|▋         | 1249/18408 [01:31<19:28, 14.68it/s]
                                                    
{'loss': '0.7579', 'grad_norm': '4.495', 'learning_rate': '1.874e-05', 'epoch': '0.2037'}

  7%|▋         | 1250/18408 [01:31<19:28, 14.68it/s]
  7%|▋         | 1251/18408 [01:31<20:00, 14.29it/s]
  7%|▋         | 1253/18408 [01:31<19:44, 14.48it/s]
  7%|▋         | 1255/18408 [01:31<19:13, 14.87it/s]
  7%|▋         | 1257/18408 [01:31<18:48, 15.20it/s]
  7%|▋         | 1259/18408 [01:32<18:37, 15.35it/s]
  7%|▋         | 1261/18408 [01:32<19:22, 14.75it/s]
  7%|▋         | 1263/18408 [01:32<19:34, 14.60it/s]
  7%|▋         | 1265/18408 [01:32<19:20, 14.77it/s]
  7%|▋         | 1267/18408 [01:32<18:54, 15.11it/s]
  7%|▋         | 1269/18408 [01:32<18:59, 15.04it/s]
  7%|▋         | 1271/18408 [01:32<18:51, 15.14it/s]
  7%|▋         | 1273/18408 [01:32<18:57, 15.07it/s]
  7%|▋         | 1275/18408 [01:33<19:24, 14.72it/s]
  7%|▋         | 1277/18408 [01:33<19:57, 14.30it/s]
  7%|▋         | 1279/18408 [01:33<19:39, 14.52it/s]
  7%|▋         | 1281/18408 [01:33<20:13, 14.11it/s]
  7%|▋         | 1283/18408 [01:33<20:09, 14.15it/s]
  7%|▋         | 1285/18408 [01:33<19:42, 14.48it/s]
  7%|▋         | 1287/18408 [01:33<19:33, 14.59it/s]
  7%|▋         | 1289/18408 [01:34<20:20, 14.03it/s]
  7%|▋         | 1291/18408 [01:34<19:56, 14.31it/s]
  7%|▋         | 1293/18408 [01:34<19:32, 14.60it/s]
  7%|▋         | 1295/18408 [01:34<19:25, 14.68it/s]
  7%|▋         | 1297/18408 [01:34<19:14, 14.82it/s]
  7%|▋         | 1299/18408 [01:34<19:03, 14.96it/s]
                                                    
{'loss': '0.7216', 'grad_norm': '4.017', 'learning_rate': '1.869e-05', 'epoch': '0.2119'}

  7%|▋         | 1300/18408 [01:34<19:03, 14.96it/s]
  7%|▋         | 1301/18408 [01:34<19:55, 14.31it/s]
  7%|▋         | 1303/18408 [01:35<19:38, 14.51it/s]
  7%|▋         | 1305/18408 [01:35<19:19, 14.75it/s]
  7%|▋         | 1307/18408 [01:35<20:13, 14.10it/s]
  7%|▋         | 1309/18408 [01:35<19:55, 14.30it/s]
  7%|▋         | 1311/18408 [01:35<19:46, 14.41it/s]
  7%|▋         | 1313/18408 [01:35<19:33, 14.57it/s]
  7%|▋         | 1315/18408 [01:35<19:31, 14.59it/s]
  7%|▋         | 1317/18408 [01:36<20:51, 13.66it/s]
  7%|▋         | 1319/18408 [01:36<21:11, 13.44it/s]
  7%|▋         | 1321/18408 [01:36<20:26, 13.93it/s]
  7%|▋         | 1323/18408 [01:36<19:56, 14.27it/s]
  7%|▋         | 1325/18408 [01:36<22:14, 12.80it/s]
  7%|▋         | 1327/18408 [01:36<23:59, 11.87it/s]
  7%|▋         | 1329/18408 [01:37<22:31, 12.64it/s]
  7%|▋         | 1331/18408 [01:37<21:56, 12.97it/s]
  7%|▋         | 1333/18408 [01:37<21:26, 13.27it/s]
  7%|▋         | 1335/18408 [01:37<20:53, 13.62it/s]
  7%|▋         | 1337/18408 [01:37<20:12, 14.07it/s]
  7%|▋         | 1339/18408 [01:37<19:54, 14.29it/s]
  7%|▋         | 1341/18408 [01:37<19:50, 14.33it/s]
  7%|▋         | 1343/18408 [01:37<19:42, 14.43it/s]
  7%|▋         | 1345/18408 [01:38<19:51, 14.33it/s]
  7%|▋         | 1347/18408 [01:38<19:49, 14.34it/s]
  7%|▋         | 1349/18408 [01:38<19:48, 14.35it/s]
                                                    
{'loss': '0.7153', 'grad_norm': '4.323', 'learning_rate': '1.864e-05', 'epoch': '0.22'}

  7%|▋         | 1350/18408 [01:38<19:48, 14.35it/s]
  7%|▋         | 1351/18408 [01:38<19:33, 14.54it/s]
  7%|▋         | 1353/18408 [01:38<19:32, 14.55it/s]
  7%|▋         | 1355/18408 [01:38<21:32, 13.19it/s]
  7%|▋         | 1357/18408 [01:39<21:56, 12.95it/s]
  7%|▋         | 1359/18408 [01:39<21:12, 13.40it/s]
  7%|▋         | 1361/18408 [01:39<20:36, 13.79it/s]
  7%|▋         | 1363/18408 [01:39<20:17, 14.00it/s]
  7%|▋         | 1365/18408 [01:39<20:20, 13.96it/s]
  7%|▋         | 1367/18408 [01:39<20:02, 14.18it/s]
  7%|▋         | 1369/18408 [01:39<20:08, 14.10it/s]
  7%|▋         | 1371/18408 [01:40<20:47, 13.66it/s]
  7%|▋         | 1373/18408 [01:40<20:28, 13.87it/s]
  7%|▋         | 1375/18408 [01:40<20:48, 13.64it/s]
  7%|▋         | 1377/18408 [01:40<20:28, 13.86it/s]
  7%|▋         | 1379/18408 [01:40<20:07, 14.10it/s]
  8%|▊         | 1381/18408 [01:40<19:47, 14.34it/s]
  8%|▊         | 1383/18408 [01:40<20:45, 13.67it/s]
  8%|▊         | 1385/18408 [01:41<20:07, 14.10it/s]
  8%|▊         | 1387/18408 [01:41<19:54, 14.25it/s]
  8%|▊         | 1389/18408 [01:41<20:17, 13.98it/s]
  8%|▊         | 1391/18408 [01:41<19:51, 14.28it/s]
  8%|▊         | 1393/18408 [01:41<19:38, 14.44it/s]
  8%|▊         | 1395/18408 [01:41<19:11, 14.78it/s]
  8%|▊         | 1397/18408 [01:41<18:52, 15.02it/s]
  8%|▊         | 1399/18408 [01:41<19:42, 14.39it/s]
                                                    
{'loss': '0.7352', 'grad_norm': '3.588', 'learning_rate': '1.858e-05', 'epoch': '0.2282'}

  8%|▊         | 1400/18408 [01:42<19:42, 14.39it/s]
  8%|▊         | 1401/18408 [01:42<19:48, 14.30it/s]
  8%|▊         | 1403/18408 [01:42<19:44, 14.36it/s]
  8%|▊         | 1405/18408 [01:42<20:30, 13.82it/s]
  8%|▊         | 1407/18408 [01:42<20:07, 14.08it/s]
  8%|▊         | 1409/18408 [01:42<19:51, 14.26it/s]
  8%|▊         | 1411/18408 [01:42<19:32, 14.50it/s]
  8%|▊         | 1413/18408 [01:42<20:07, 14.07it/s]
  8%|▊         | 1415/18408 [01:43<19:50, 14.28it/s]
  8%|▊         | 1417/18408 [01:43<19:16, 14.69it/s]
  8%|▊         | 1419/18408 [01:43<19:22, 14.61it/s]
  8%|▊         | 1421/18408 [01:43<19:15, 14.71it/s]
  8%|▊         | 1423/18408 [01:43<19:08, 14.79it/s]
  8%|▊         | 1425/18408 [01:43<19:34, 14.46it/s]
  8%|▊         | 1427/18408 [01:43<19:52, 14.25it/s]
  8%|▊         | 1429/18408 [01:44<20:44, 13.64it/s]
  8%|▊         | 1431/18408 [01:44<19:58, 14.17it/s]
  8%|▊         | 1433/18408 [01:44<19:23, 14.58it/s]
  8%|▊         | 1435/18408 [01:44<19:23, 14.59it/s]
  8%|▊         | 1437/18408 [01:44<20:29, 13.81it/s]
  8%|▊         | 1439/18408 [01:44<20:41, 13.67it/s]
  8%|▊         | 1441/18408 [01:44<19:55, 14.19it/s]
  8%|▊         | 1443/18408 [01:45<20:17, 13.93it/s]
  8%|▊         | 1445/18408 [01:45<21:13, 13.32it/s]
  8%|▊         | 1447/18408 [01:45<20:53, 13.53it/s]
  8%|▊         | 1449/18408 [01:45<20:31, 13.77it/s]
                                                    
{'loss': '0.7281', 'grad_norm': '4.797', 'learning_rate': '1.853e-05', 'epoch': '0.2363'}

  8%|▊         | 1450/18408 [01:45<20:31, 13.77it/s]
  8%|▊         | 1451/18408 [01:45<20:18, 13.92it/s]
  8%|▊         | 1453/18408 [01:45<19:36, 14.41it/s]
  8%|▊         | 1455/18408 [01:45<20:25, 13.83it/s]
  8%|▊         | 1457/18408 [01:46<20:50, 13.55it/s]
  8%|▊         | 1459/18408 [01:46<19:59, 14.14it/s]
  8%|▊         | 1461/18408 [01:46<19:19, 14.62it/s]
  8%|▊         | 1463/18408 [01:46<21:16, 13.27it/s]
  8%|▊         | 1465/18408 [01:46<20:32, 13.75it/s]
  8%|▊         | 1467/18408 [01:46<19:44, 14.31it/s]
  8%|▊         | 1469/18408 [01:46<20:18, 13.90it/s]
  8%|▊         | 1471/18408 [01:47<20:03, 14.07it/s]
  8%|▊         | 1473/18408 [01:47<19:31, 14.45it/s]
  8%|▊         | 1475/18408 [01:47<19:23, 14.55it/s]
  8%|▊         | 1477/18408 [01:47<19:14, 14.67it/s]
  8%|▊         | 1479/18408 [01:47<19:01, 14.83it/s]
  8%|▊         | 1481/18408 [01:47<18:40, 15.10it/s]
  8%|▊         | 1483/18408 [01:47<19:47, 14.26it/s]
  8%|▊         | 1485/18408 [01:48<19:15, 14.64it/s]
  8%|▊         | 1487/18408 [01:48<18:52, 14.94it/s]
  8%|▊         | 1489/18408 [01:48<18:52, 14.94it/s]
  8%|▊         | 1491/18408 [01:48<19:44, 14.29it/s]
  8%|▊         | 1493/18408 [01:48<19:39, 14.34it/s]
  8%|▊         | 1495/18408 [01:48<19:32, 14.42it/s]
  8%|▊         | 1497/18408 [01:48<19:29, 14.46it/s]
  8%|▊         | 1499/18408 [01:49<21:27, 13.14it/s]
                                                    
{'loss': '0.7068', 'grad_norm': '3.863', 'learning_rate': '1.847e-05', 'epoch': '0.2445'}

  8%|▊         | 1500/18408 [01:49<21:27, 13.14it/s]

  0%|          | 0/39 [00:00<?, ?it/s][A

 28%|██▊       | 11/39 [00:00<00:00, 108.88it/s][A

 56%|█████▋    | 22/39 [00:00<00:00, 108.28it/s][A

 87%|████████▋ | 34/39 [00:00<00:00, 112.66it/s][A
                                                    

                                                
[A{'eval_loss': '0.6975', 'eval_accuracy': '0.6964', 'eval_precision': '0.7237', 'eval_recall': '0.6964', 'eval_f1_weighted': '0.6974', 'eval_f1_macro': '0.6974', 'eval_runtime': '0.8272', 'eval_samples_per_second': '3010', 'eval_steps_per_second': '47.15', 'epoch': '0.2445'}

  8%|▊         | 1500/18408 [01:49<21:27, 13.14it/s]

100%|██████████| 39/39 [00:00<00:00, 112.66it/s][A

                                                [A

Writing model shards:   0%|          | 0/1 [00:00<?, ?it/s][A

Writing model shards: 100%|██████████| 1/1 [00:01<00:00,  1.26s/it][A
Writing model shards: 100%|██████████| 1/1 [00:01<00:00,  1.26s/it]

  8%|▊         | 1501/18408 [01:51<1:59:15,  2.36it/s]
  8%|▊         | 1503/18408 [01:51<1:29:49,  3.14it/s]
  8%|▊         | 1505/18408 [01:51<1:08:58,  4.08it/s]
  8%|▊         | 1507/18408 [01:51<56:23,  4.99it/s]  
  8%|▊         | 1509/18408 [01:52<46:16,  6.09it/s]
  8%|▊         | 1511/18408 [01:52<37:59,  7.41it/s]
  8%|▊         | 1513/18408 [01:52<32:46,  8.59it/s]
  8%|▊         | 1515/18408 [01:52<28:31,  9.87it/s]
  8%|▊         | 1517/18408 [01:52<25:47, 10.91it/s]
  8%|▊         | 1519/18408 [01:52<23:26, 12.01it/s]
  8%|▊         | 1521/18408 [01:52<21:57, 12.82it/s]
  8%|▊         | 1523/18408 [01:53<21:22, 13.16it/s]
  8%|▊         | 1525/18408 [01:53<20:49, 13.52it/s]
  8%|▊         | 1527/18408 [01:53<19:53, 14.14it/s]
  8%|▊         | 1529/18408 [01:53<19:17, 14.58it/s]
  8%|▊         | 1531/18408 [01:53<18:49, 14.94it/s]
  8%|▊         | 1533/18408 [01:53<18:47, 14.97it/s]
  8%|▊         | 1535/18408 [01:53<18:52, 14.89it/s]
  8%|▊         | 1537/18408 [01:54<19:03, 14.75it/s]
  8%|▊         | 1539/18408 [01:54<19:02, 14.77it/s]
  8%|▊         | 1541/18408 [01:54<18:53, 14.88it/s]
  8%|▊         | 1543/18408 [01:54<19:05, 14.73it/s]
  8%|▊         | 1545/18408 [01:54<19:50, 14.17it/s]
  8%|▊         | 1547/18408 [01:54<19:24, 14.48it/s]
  8%|▊         | 1549/18408 [01:54<19:01, 14.77it/s]
                                                    
{'loss': '0.7259', 'grad_norm': '5.453', 'learning_rate': '1.842e-05', 'epoch': '0.2526'}

  8%|▊         | 1550/18408 [01:54<19:01, 14.77it/s]
  8%|▊         | 1551/18408 [01:54<19:09, 14.67it/s]
  8%|▊         | 1553/18408 [01:55<19:07, 14.69it/s]
  8%|▊         | 1555/18408 [01:55<19:54, 14.11it/s]
  8%|▊         | 1557/18408 [01:55<20:18, 13.83it/s]
  8%|▊         | 1559/18408 [01:55<19:43, 14.23it/s]
  8%|▊         | 1561/18408 [01:55<19:24, 14.46it/s]
  8%|▊         | 1563/18408 [01:55<21:41, 12.94it/s]
  9%|▊         | 1565/18408 [01:56<20:48, 13.49it/s]
  9%|▊         | 1567/18408 [01:56<20:14, 13.86it/s]
  9%|▊         | 1569/18408 [01:56<20:05, 13.97it/s]
  9%|▊         | 1571/18408 [01:56<19:39, 14.27it/s]
  9%|▊         | 1573/18408 [01:56<19:59, 14.04it/s]
  9%|▊         | 1575/18408 [01:56<19:22, 14.48it/s]
  9%|▊         | 1577/18408 [01:56<19:24, 14.46it/s]
  9%|▊         | 1579/18408 [01:56<18:57, 14.79it/s]
  9%|▊         | 1581/18408 [01:57<18:47, 14.92it/s]
  9%|▊         | 1583/18408 [01:57<18:32, 15.13it/s]
  9%|▊         | 1585/18408 [01:57<18:30, 15.15it/s]
  9%|▊         | 1587/18408 [01:57<18:25, 15.22it/s]
  9%|▊         | 1589/18408 [01:57<18:44, 14.96it/s]
  9%|▊         | 1591/18408 [01:57<18:43, 14.97it/s]
  9%|▊         | 1593/18408 [01:57<18:38, 15.04it/s]
  9%|▊         | 1595/18408 [01:58<18:41, 14.99it/s]
  9%|▊         | 1597/18408 [01:58<19:56, 14.05it/s]
  9%|▊         | 1599/18408 [01:58<20:27, 13.69it/s]
                                                    
{'loss': '0.7295', 'grad_norm': '3.28', 'learning_rate': '1.836e-05', 'epoch': '0.2608'}

  9%|▊         | 1600/18408 [01:58<20:27, 13.69it/s]
  9%|▊         | 1601/18408 [01:58<19:37, 14.27it/s]
  9%|▊         | 1603/18408 [01:58<20:01, 13.99it/s]
  9%|▊         | 1605/18408 [01:58<19:50, 14.12it/s]
  9%|▊         | 1607/18408 [01:58<19:30, 14.35it/s]
  9%|▊         | 1609/18408 [01:59<19:02, 14.71it/s]
  9%|▉         | 1611/18408 [01:59<19:49, 14.12it/s]
  9%|▉         | 1613/18408 [01:59<20:33, 13.61it/s]
  9%|▉         | 1615/18408 [01:59<20:29, 13.66it/s]
  9%|▉         | 1617/18408 [01:59<19:52, 14.09it/s]
  9%|▉         | 1619/18408 [01:59<20:32, 13.63it/s]
  9%|▉         | 1621/18408 [01:59<19:52, 14.08it/s]
  9%|▉         | 1623/18408 [02:00<22:04, 12.67it/s]
  9%|▉         | 1625/18408 [02:00<20:46, 13.46it/s]
  9%|▉         | 1627/18408 [02:00<19:54, 14.05it/s]
  9%|▉         | 1629/18408 [02:00<22:44, 12.30it/s]
  9%|▉         | 1631/18408 [02:00<21:34, 12.96it/s]
  9%|▉         | 1633/18408 [02:00<20:39, 13.53it/s]
  9%|▉         | 1635/18408 [02:00<20:10, 13.86it/s]
  9%|▉         | 1637/18408 [02:01<19:39, 14.22it/s]
  9%|▉         | 1639/18408 [02:01<19:14, 14.53it/s]
  9%|▉         | 1641/18408 [02:01<19:16, 14.49it/s]
  9%|▉         | 1643/18408 [02:01<19:40, 14.20it/s]
  9%|▉         | 1645/18408 [02:01<20:41, 13.51it/s]
  9%|▉         | 1647/18408 [02:01<20:00, 13.96it/s]
  9%|▉         | 1649/18408 [02:01<19:30, 14.31it/s]
                                                    
{'loss': '0.7269', 'grad_norm': '4.35', 'learning_rate': '1.831e-05', 'epoch': '0.2689'}

  9%|▉         | 1650/18408 [02:02<19:30, 14.31it/s]
  9%|▉         | 1651/18408 [02:02<19:16, 14.49it/s]
  9%|▉         | 1653/18408 [02:02<18:45, 14.88it/s]
  9%|▉         | 1655/18408 [02:02<19:00, 14.70it/s]
  9%|▉         | 1657/18408 [02:02<19:01, 14.68it/s]
  9%|▉         | 1659/18408 [02:02<19:23, 14.40it/s]
  9%|▉         | 1661/18408 [02:02<19:10, 14.56it/s]
  9%|▉         | 1663/18408 [02:02<19:04, 14.63it/s]
  9%|▉         | 1665/18408 [02:03<19:04, 14.62it/s]
  9%|▉         | 1667/18408 [02:03<18:45, 14.87it/s]
  9%|▉         | 1669/18408 [02:03<19:11, 14.53it/s]
  9%|▉         | 1671/18408 [02:03<19:02, 14.65it/s]
  9%|▉         | 1673/18408 [02:03<19:04, 14.62it/s]
  9%|▉         | 1675/18408 [02:03<18:54, 14.75it/s]
  9%|▉         | 1677/18408 [02:03<18:51, 14.79it/s]
  9%|▉         | 1679/18408 [02:03<18:52, 14.77it/s]
  9%|▉         | 1681/18408 [02:04<19:49, 14.07it/s]
  9%|▉         | 1683/18408 [02:04<19:10, 14.53it/s]
  9%|▉         | 1685/18408 [02:04<21:31, 12.94it/s]
  9%|▉         | 1687/18408 [02:04<20:52, 13.35it/s]
  9%|▉         | 1689/18408 [02:04<20:07, 13.84it/s]
  9%|▉         | 1691/18408 [02:04<19:29, 14.30it/s]
  9%|▉         | 1693/18408 [02:04<18:56, 14.71it/s]
  9%|▉         | 1695/18408 [02:05<18:52, 14.76it/s]
  9%|▉         | 1697/18408 [02:05<20:09, 13.82it/s]
  9%|▉         | 1699/18408 [02:05<20:47, 13.39it/s]
                                                    
{'loss': '0.7365', 'grad_norm': '4.252', 'learning_rate': '1.825e-05', 'epoch': '0.2771'}

  9%|▉         | 1700/18408 [02:05<20:47, 13.39it/s]
  9%|▉         | 1701/18408 [02:05<20:06, 13.85it/s]
  9%|▉         | 1703/18408 [02:05<19:46, 14.08it/s]
  9%|▉         | 1705/18408 [02:05<19:20, 14.39it/s]
  9%|▉         | 1707/18408 [02:05<19:19, 14.40it/s]
  9%|▉         | 1709/18408 [02:06<18:54, 14.72it/s]
  9%|▉         | 1711/18408 [02:06<18:29, 15.04it/s]
  9%|▉         | 1713/18408 [02:06<18:15, 15.24it/s]
  9%|▉         | 1715/18408 [02:06<18:44, 14.85it/s]
  9%|▉         | 1717/18408 [02:06<19:13, 14.47it/s]
  9%|▉         | 1719/18408 [02:06<19:07, 14.55it/s]
  9%|▉         | 1721/18408 [02:06<19:04, 14.59it/s]
  9%|▉         | 1723/18408 [02:07<19:39, 14.15it/s]
  9%|▉         | 1725/18408 [02:07<19:21, 14.36it/s]
  9%|▉         | 1727/18408 [02:07<20:15, 13.73it/s]
  9%|▉         | 1729/18408 [02:07<20:11, 13.77it/s]
  9%|▉         | 1731/18408 [02:07<19:46, 14.05it/s]
  9%|▉         | 1733/18408 [02:07<19:36, 14.18it/s]
  9%|▉         | 1735/18408 [02:07<20:23, 13.62it/s]
  9%|▉         | 1737/18408 [02:08<19:49, 14.02it/s]
  9%|▉         | 1739/18408 [02:08<19:23, 14.33it/s]
  9%|▉         | 1741/18408 [02:08<19:19, 14.37it/s]
  9%|▉         | 1743/18408 [02:08<19:28, 14.27it/s]
  9%|▉         | 1745/18408 [02:08<19:11, 14.47it/s]
  9%|▉         | 1747/18408 [02:08<19:00, 14.61it/s]
 10%|▉         | 1749/18408 [02:08<18:52, 14.71it/s]
                                                    
{'loss': '0.7268', 'grad_norm': '4.13', 'learning_rate': '1.82e-05', 'epoch': '0.2852'}

 10%|▉         | 1750/18408 [02:09<18:52, 14.71it/s]
 10%|▉         | 1751/18408 [02:09<19:01, 14.59it/s]
 10%|▉         | 1753/18408 [02:09<18:54, 14.68it/s]
 10%|▉         | 1755/18408 [02:09<19:37, 14.14it/s]
 10%|▉         | 1757/18408 [02:09<19:14, 14.42it/s]
 10%|▉         | 1759/18408 [02:09<19:10, 14.47it/s]
 10%|▉         | 1761/18408 [02:09<18:55, 14.66it/s]
 10%|▉         | 1763/18408 [02:09<19:29, 14.24it/s]
 10%|▉         | 1765/18408 [02:10<18:53, 14.68it/s]
 10%|▉         | 1767/18408 [02:10<19:30, 14.22it/s]
 10%|▉         | 1769/18408 [02:10<19:51, 13.97it/s]
 10%|▉         | 1771/18408 [02:10<20:15, 13.69it/s]
 10%|▉         | 1773/18408 [02:10<19:57, 13.89it/s]
 10%|▉         | 1775/18408 [02:10<19:14, 14.41it/s]
 10%|▉         | 1777/18408 [02:10<18:42, 14.81it/s]
 10%|▉         | 1779/18408 [02:11<20:07, 13.77it/s]
 10%|▉         | 1781/18408 [02:11<19:19, 14.34it/s]
 10%|▉         | 1783/18408 [02:11<19:47, 14.00it/s]
 10%|▉         | 1785/18408 [02:11<19:30, 14.20it/s]
 10%|▉         | 1787/18408 [02:11<19:09, 14.46it/s]
 10%|▉         | 1789/18408 [02:11<18:55, 14.64it/s]
 10%|▉         | 1791/18408 [02:11<19:04, 14.52it/s]
 10%|▉         | 1793/18408 [02:11<19:06, 14.49it/s]
 10%|▉         | 1795/18408 [02:12<18:39, 14.85it/s]
 10%|▉         | 1797/18408 [02:12<18:42, 14.79it/s]
 10%|▉         | 1799/18408 [02:12<18:54, 14.65it/s]
                                                    
{'loss': '0.7345', 'grad_norm': '3.899', 'learning_rate': '1.814e-05', 'epoch': '0.2934'}

 10%|▉         | 1800/18408 [02:12<18:53, 14.65it/s]
 10%|▉         | 1801/18408 [02:12<19:15, 14.37it/s]
 10%|▉         | 1803/18408 [02:12<19:01, 14.55it/s]
 10%|▉         | 1805/18408 [02:12<18:51, 14.67it/s]
 10%|▉         | 1807/18408 [02:12<19:24, 14.25it/s]
 10%|▉         | 1809/18408 [02:13<22:04, 12.53it/s]
 10%|▉         | 1811/18408 [02:13<21:59, 12.57it/s]
 10%|▉         | 1813/18408 [02:13<20:52, 13.25it/s]
 10%|▉         | 1815/18408 [02:13<20:03, 13.79it/s]
 10%|▉         | 1817/18408 [02:13<19:30, 14.17it/s]
 10%|▉         | 1819/18408 [02:13<20:18, 13.61it/s]
 10%|▉         | 1821/18408 [02:14<21:39, 12.76it/s]
 10%|▉         | 1823/18408 [02:14<20:43, 13.33it/s]
 10%|▉         | 1825/18408 [02:14<20:35, 13.42it/s]
 10%|▉         | 1827/18408 [02:14<19:41, 14.04it/s]
 10%|▉         | 1829/18408 [02:14<19:11, 14.40it/s]
 10%|▉         | 1831/18408 [02:14<20:06, 13.74it/s]
 10%|▉         | 1833/18408 [02:14<19:19, 14.30it/s]
 10%|▉         | 1835/18408 [02:15<18:55, 14.59it/s]
 10%|▉         | 1837/18408 [02:15<19:00, 14.53it/s]
 10%|▉         | 1839/18408 [02:15<18:54, 14.61it/s]
 10%|█         | 1841/18408 [02:15<18:59, 14.54it/s]
 10%|█         | 1843/18408 [02:15<18:53, 14.62it/s]
 10%|█         | 1845/18408 [02:15<19:20, 14.27it/s]
 10%|█         | 1847/18408 [02:15<19:09, 14.41it/s]
 10%|█         | 1849/18408 [02:15<18:52, 14.62it/s]
                                                    
{'loss': '0.7146', 'grad_norm': '3.689', 'learning_rate': '1.809e-05', 'epoch': '0.3015'}

 10%|█         | 1850/18408 [02:16<18:52, 14.62it/s]
 10%|█         | 1851/18408 [02:16<19:49, 13.91it/s]
 10%|█         | 1853/18408 [02:16<19:31, 14.14it/s]
 10%|█         | 1855/18408 [02:16<19:10, 14.38it/s]
 10%|█         | 1857/18408 [02:16<19:10, 14.39it/s]
 10%|█         | 1859/18408 [02:16<18:48, 14.66it/s]
 10%|█         | 1861/18408 [02:16<18:24, 14.98it/s]
 10%|█         | 1863/18408 [02:16<18:06, 15.23it/s]
 10%|█         | 1865/18408 [02:17<18:09, 15.18it/s]
 10%|█         | 1867/18408 [02:17<18:37, 14.80it/s]
 10%|█         | 1869/18408 [02:17<19:44, 13.96it/s]
 10%|█         | 1871/18408 [02:17<21:19, 12.92it/s]
 10%|█         | 1873/18408 [02:17<20:35, 13.38it/s]
 10%|█         | 1875/18408 [02:17<19:40, 14.00it/s]
 10%|█         | 1877/18408 [02:17<19:08, 14.40it/s]
 10%|█         | 1879/18408 [02:18<18:44, 14.70it/s]
 10%|█         | 1881/18408 [02:18<18:23, 14.97it/s]
 10%|█         | 1883/18408 [02:18<18:16, 15.08it/s]
 10%|█         | 1885/18408 [02:18<18:19, 15.02it/s]
 10%|█         | 1887/18408 [02:18<18:19, 15.02it/s]
 10%|█         | 1889/18408 [02:18<19:27, 14.15it/s]
 10%|█         | 1891/18408 [02:18<19:54, 13.82it/s]
 10%|█         | 1893/18408 [02:19<19:41, 13.98it/s]
 10%|█         | 1895/18408 [02:19<19:17, 14.27it/s]
 10%|█         | 1897/18408 [02:19<19:08, 14.37it/s]
 10%|█         | 1899/18408 [02:19<19:40, 13.98it/s]
                                                    
{'loss': '0.7042', 'grad_norm': '5.197', 'learning_rate': '1.803e-05', 'epoch': '0.3096'}

 10%|█         | 1900/18408 [02:19<19:40, 13.98it/s]
 10%|█         | 1901/18408 [02:19<19:34, 14.05it/s]
 10%|█         | 1903/18408 [02:19<19:24, 14.18it/s]
 10%|█         | 1905/18408 [02:19<19:28, 14.12it/s]
 10%|█         | 1907/18408 [02:20<19:06, 14.40it/s]
 10%|█         | 1909/18408 [02:20<18:37, 14.77it/s]
 10%|█         | 1911/18408 [02:20<21:40, 12.69it/s]
 10%|█         | 1913/18408 [02:20<20:33, 13.37it/s]
 10%|█         | 1915/18408 [02:20<20:19, 13.53it/s]
 10%|█         | 1917/18408 [02:20<19:55, 13.80it/s]
 10%|█         | 1919/18408 [02:20<19:11, 14.32it/s]
 10%|█         | 1921/18408 [02:21<19:03, 14.41it/s]
 10%|█         | 1923/18408 [02:21<18:54, 14.53it/s]
 10%|█         | 1925/18408 [02:21<18:51, 14.56it/s]
 10%|█         | 1927/18408 [02:21<18:26, 14.89it/s]
 10%|█         | 1929/18408 [02:21<18:43, 14.67it/s]
 10%|█         | 1931/18408 [02:21<18:20, 14.98it/s]
 11%|█         | 1933/18408 [02:21<18:32, 14.81it/s]
 11%|█         | 1935/18408 [02:21<18:14, 15.05it/s]
 11%|█         | 1937/18408 [02:22<20:15, 13.55it/s]
 11%|█         | 1939/18408 [02:22<19:27, 14.10it/s]
 11%|█         | 1941/18408 [02:22<19:30, 14.07it/s]
 11%|█         | 1943/18408 [02:22<19:26, 14.11it/s]
 11%|█         | 1945/18408 [02:22<18:54, 14.51it/s]
 11%|█         | 1947/18408 [02:22<19:06, 14.35it/s]
 11%|█         | 1949/18408 [02:22<18:36, 14.75it/s]
                                                    
{'loss': '0.716', 'grad_norm': '2.843', 'learning_rate': '1.798e-05', 'epoch': '0.3178'}

 11%|█         | 1950/18408 [02:23<18:36, 14.75it/s]
 11%|█         | 1951/18408 [02:23<18:59, 14.44it/s]
 11%|█         | 1953/18408 [02:23<18:47, 14.59it/s]
 11%|█         | 1955/18408 [02:23<19:14, 14.25it/s]
 11%|█         | 1957/18408 [02:23<19:33, 14.02it/s]
 11%|█         | 1959/18408 [02:23<18:54, 14.49it/s]
 11%|█         | 1961/18408 [02:23<18:48, 14.57it/s]
 11%|█         | 1963/18408 [02:23<18:37, 14.71it/s]
 11%|█         | 1965/18408 [02:24<19:43, 13.90it/s]
 11%|█         | 1967/18408 [02:24<19:03, 14.37it/s]
 11%|█         | 1969/18408 [02:24<18:48, 14.57it/s]
 11%|█         | 1971/18408 [02:24<19:04, 14.37it/s]
 11%|█         | 1973/18408 [02:24<18:31, 14.78it/s]
 11%|█         | 1975/18408 [02:24<18:24, 14.87it/s]
 11%|█         | 1977/18408 [02:24<18:14, 15.01it/s]
 11%|█         | 1979/18408 [02:25<18:11, 15.06it/s]
 11%|█         | 1981/18408 [02:25<18:14, 15.01it/s]
 11%|█         | 1983/18408 [02:25<17:57, 15.24it/s]
 11%|█         | 1985/18408 [02:25<20:18, 13.47it/s]
 11%|█         | 1987/18408 [02:25<19:56, 13.72it/s]
 11%|█         | 1989/18408 [02:25<19:09, 14.28it/s]
 11%|█         | 1991/18408 [02:25<20:03, 13.64it/s]
 11%|█         | 1993/18408 [02:26<19:13, 14.23it/s]
 11%|█         | 1995/18408 [02:26<19:08, 14.29it/s]
 11%|█         | 1997/18408 [02:26<19:56, 13.72it/s]
 11%|█         | 1999/18408 [02:26<19:10, 14.26it/s]
                                                    
{'loss': '0.701', 'grad_norm': '6.213', 'learning_rate': '1.793e-05', 'epoch': '0.3259'}

 11%|█         | 2000/18408 [02:26<19:10, 14.26it/s]

  0%|          | 0/39 [00:00<?, ?it/s][A

 31%|███       | 12/39 [00:00<00:00, 118.90it/s][A

 62%|██████▏   | 24/39 [00:00<00:00, 111.24it/s][A

 92%|█████████▏| 36/39 [00:00<00:00, 113.49it/s][A
                                                    

                                                
[A{'eval_loss': '0.6662', 'eval_accuracy': '0.7129', 'eval_precision': '0.7233', 'eval_recall': '0.7129', 'eval_f1_weighted': '0.7143', 'eval_f1_macro': '0.7143', 'eval_runtime': '0.7548', 'eval_samples_per_second': '3299', 'eval_steps_per_second': '51.67', 'epoch': '0.3259'}

 11%|█         | 2000/18408 [02:27<19:10, 14.26it/s]

100%|██████████| 39/39 [00:00<00:00, 113.49it/s][A

                                                [A

Writing model shards:   0%|          | 0/1 [00:00<?, ?it/s][A

Writing model shards: 100%|██████████| 1/1 [00:01<00:00,  1.19s/it][A
Writing model shards: 100%|██████████| 1/1 [00:01<00:00,  1.19s/it]

 11%|█         | 2001/18408 [02:28<1:48:26,  2.52it/s]
 11%|█         | 2003/18408 [02:28<1:21:05,  3.37it/s]
 11%|█         | 2005/18408 [02:29<1:04:16,  4.25it/s]
 11%|█         | 2007/18408 [02:29<51:25,  5.32it/s]  
 11%|█         | 2009/18408 [02:29<41:14,  6.63it/s]
 11%|█         | 2011/18408 [02:29<34:42,  7.87it/s]
 11%|█         | 2013/18408 [02:29<29:52,  9.15it/s]
 11%|█         | 2015/18408 [02:29<27:18, 10.00it/s]
 11%|█         | 2017/18408 [02:29<25:15, 10.81it/s]
 11%|█         | 2019/18408 [02:30<23:30, 11.62it/s]
 11%|█         | 2021/18408 [02:30<21:59, 12.42it/s]
 11%|█         | 2023/18408 [02:30<22:58, 11.89it/s]
 11%|█         | 2025/18408 [02:30<21:44, 12.56it/s]
 11%|█         | 2027/18408 [02:30<20:46, 13.14it/s]
 11%|█         | 2029/18408 [02:30<21:40, 12.59it/s]
 11%|█         | 2031/18408 [02:30<21:03, 12.96it/s]
 11%|█         | 2033/18408 [02:31<20:03, 13.60it/s]
 11%|█         | 2035/18408 [02:31<19:26, 14.04it/s]
 11%|█         | 2037/18408 [02:31<19:07, 14.27it/s]
 11%|█         | 2039/18408 [02:31<18:54, 14.43it/s]
 11%|█         | 2041/18408 [02:31<19:28, 14.00it/s]
 11%|█         | 2043/18408 [02:31<19:05, 14.28it/s]
 11%|█         | 2045/18408 [02:31<18:40, 14.60it/s]
 11%|█         | 2047/18408 [02:32<18:34, 14.67it/s]
 11%|█         | 2049/18408 [02:32<18:10, 15.00it/s]
                                                    
{'loss': '0.7231', 'grad_norm': '3.461', 'learning_rate': '1.787e-05', 'epoch': '0.3341'}

 11%|█         | 2050/18408 [02:32<18:10, 15.00it/s]
 11%|█         | 2051/18408 [02:32<18:24, 14.81it/s]
 11%|█         | 2053/18408 [02:32<18:15, 14.94it/s]
 11%|█         | 2055/18408 [02:32<18:45, 14.53it/s]
 11%|█         | 2057/18408 [02:32<18:21, 14.84it/s]
 11%|█         | 2059/18408 [02:32<18:00, 15.13it/s]
 11%|█         | 2061/18408 [02:33<18:20, 14.86it/s]
 11%|█         | 2063/18408 [02:33<19:21, 14.07it/s]
 11%|█         | 2065/18408 [02:33<20:19, 13.40it/s]
 11%|█         | 2067/18408 [02:33<19:22, 14.05it/s]
 11%|█         | 2069/18408 [02:33<18:43, 14.55it/s]
 11%|█▏        | 2071/18408 [02:33<18:44, 14.53it/s]
 11%|█▏        | 2073/18408 [02:33<18:37, 14.62it/s]
 11%|█▏        | 2075/18408 [02:33<18:27, 14.75it/s]
 11%|█▏        | 2077/18408 [02:34<18:12, 14.95it/s]
 11%|█▏        | 2079/18408 [02:34<18:29, 14.71it/s]
 11%|█▏        | 2081/18408 [02:34<18:59, 14.33it/s]
 11%|█▏        | 2083/18408 [02:34<18:56, 14.36it/s]
 11%|█▏        | 2085/18408 [02:34<20:51, 13.05it/s]
 11%|█▏        | 2087/18408 [02:34<20:06, 13.53it/s]
 11%|█▏        | 2089/18408 [02:35<19:26, 13.99it/s]
 11%|█▏        | 2091/18408 [02:35<19:19, 14.07it/s]
 11%|█▏        | 2093/18408 [02:35<19:10, 14.18it/s]
 11%|█▏        | 2095/18408 [02:35<19:39, 13.83it/s]
 11%|█▏        | 2097/18408 [02:35<19:21, 14.04it/s]
 11%|█▏        | 2099/18408 [02:35<21:17, 12.76it/s]
                                                    
{'loss': '0.7252', 'grad_norm': '3.41', 'learning_rate': '1.782e-05', 'epoch': '0.3422'}

 11%|█▏        | 2100/18408 [02:35<21:17, 12.76it/s]
 11%|█▏        | 2101/18408 [02:35<20:57, 12.96it/s]
 11%|█▏        | 2103/18408 [02:36<21:09, 12.84it/s]
 11%|█▏        | 2105/18408 [02:36<20:01, 13.56it/s]
 11%|█▏        | 2107/18408 [02:36<19:14, 14.12it/s]
 11%|█▏        | 2109/18408 [02:36<18:37, 14.58it/s]
 11%|█▏        | 2111/18408 [02:36<18:12, 14.91it/s]
 11%|█▏        | 2113/18408 [02:36<18:23, 14.77it/s]
 11%|█▏        | 2115/18408 [02:36<18:29, 14.68it/s]
 12%|█▏        | 2117/18408 [02:36<18:28, 14.70it/s]
 12%|█▏        | 2119/18408 [02:37<18:39, 14.55it/s]
 12%|█▏        | 2121/18408 [02:37<19:26, 13.96it/s]
 12%|█▏        | 2123/18408 [02:37<18:48, 14.43it/s]
 12%|█▏        | 2125/18408 [02:37<18:36, 14.59it/s]
 12%|█▏        | 2127/18408 [02:37<18:24, 14.73it/s]
 12%|█▏        | 2129/18408 [02:37<18:30, 14.65it/s]
 12%|█▏        | 2131/18408 [02:37<19:22, 14.00it/s]
 12%|█▏        | 2133/18408 [02:38<18:56, 14.32it/s]
 12%|█▏        | 2135/18408 [02:38<18:28, 14.68it/s]
 12%|█▏        | 2137/18408 [02:38<19:08, 14.16it/s]
 12%|█▏        | 2139/18408 [02:38<18:50, 14.40it/s]
 12%|█▏        | 2141/18408 [02:38<19:16, 14.06it/s]
 12%|█▏        | 2143/18408 [02:38<19:05, 14.20it/s]
 12%|█▏        | 2145/18408 [02:38<18:35, 14.58it/s]
 12%|█▏        | 2147/18408 [02:39<18:10, 14.91it/s]
 12%|█▏        | 2149/18408 [02:39<17:52, 15.16it/s]
                                                    
{'loss': '0.7043', 'grad_norm': '3.867', 'learning_rate': '1.776e-05', 'epoch': '0.3504'}

 12%|█▏        | 2150/18408 [02:39<17:52, 15.16it/s]
 12%|█▏        | 2151/18408 [02:39<17:53, 15.15it/s]
 12%|█▏        | 2153/18408 [02:39<18:37, 14.54it/s]
 12%|█▏        | 2155/18408 [02:39<18:27, 14.68it/s]
 12%|█▏        | 2157/18408 [02:39<18:42, 14.47it/s]
 12%|█▏        | 2159/18408 [02:39<18:30, 14.63it/s]
 12%|█▏        | 2161/18408 [02:40<18:20, 14.77it/s]
 12%|█▏        | 2163/18408 [02:40<17:57, 15.08it/s]
 12%|█▏        | 2165/18408 [02:40<20:01, 13.51it/s]
 12%|█▏        | 2167/18408 [02:40<19:22, 13.97it/s]
 12%|█▏        | 2169/18408 [02:40<20:04, 13.48it/s]
 12%|█▏        | 2171/18408 [02:40<20:15, 13.36it/s]
 12%|█▏        | 2173/18408 [02:40<19:43, 13.72it/s]
 12%|█▏        | 2175/18408 [02:41<19:14, 14.07it/s]
 12%|█▏        | 2177/18408 [02:41<18:53, 14.32it/s]
 12%|█▏        | 2179/18408 [02:41<20:32, 13.17it/s]
 12%|█▏        | 2181/18408 [02:41<19:37, 13.79it/s]
 12%|█▏        | 2183/18408 [02:41<19:41, 13.73it/s]
 12%|█▏        | 2185/18408 [02:41<19:09, 14.11it/s]
 12%|█▏        | 2187/18408 [02:41<18:58, 14.25it/s]
 12%|█▏        | 2189/18408 [02:42<18:25, 14.67it/s]
 12%|█▏        | 2191/18408 [02:42<20:52, 12.95it/s]
 12%|█▏        | 2193/18408 [02:42<20:12, 13.37it/s]
 12%|█▏        | 2195/18408 [02:42<19:31, 13.84it/s]
 12%|█▏        | 2197/18408 [02:42<18:47, 14.38it/s]
 12%|█▏        | 2199/18408 [02:42<18:16, 14.78it/s]
                                                    
{'loss': '0.7105', 'grad_norm': '3.584', 'learning_rate': '1.771e-05', 'epoch': '0.3585'}

 12%|█▏        | 2200/18408 [02:42<18:16, 14.78it/s]
 12%|█▏        | 2201/18408 [02:42<18:00, 15.00it/s]
 12%|█▏        | 2203/18408 [02:43<18:30, 14.60it/s]
 12%|█▏        | 2205/18408 [02:43<18:19, 14.74it/s]
 12%|█▏        | 2207/18408 [02:43<18:25, 14.65it/s]
 12%|█▏        | 2209/18408 [02:43<19:02, 14.18it/s]
 12%|█▏        | 2211/18408 [02:43<18:59, 14.22it/s]
 12%|█▏        | 2213/18408 [02:43<18:27, 14.62it/s]
 12%|█▏        | 2215/18408 [02:43<18:44, 14.40it/s]
 12%|█▏        | 2217/18408 [02:44<20:20, 13.26it/s]
 12%|█▏        | 2219/18408 [02:44<19:30, 13.83it/s]
 12%|█▏        | 2221/18408 [02:44<19:02, 14.17it/s]
 12%|█▏        | 2223/18408 [02:44<18:28, 14.60it/s]
 12%|█▏        | 2225/18408 [02:44<18:05, 14.90it/s]
 12%|█▏        | 2227/18408 [02:44<20:30, 13.15it/s]
 12%|█▏        | 2229/18408 [02:44<20:01, 13.47it/s]
 12%|█▏        | 2231/18408 [02:45<19:36, 13.75it/s]
 12%|█▏        | 2233/18408 [02:45<20:05, 13.41it/s]
 12%|█▏        | 2235/18408 [02:45<19:14, 14.01it/s]
 12%|█▏        | 2237/18408 [02:45<18:39, 14.44it/s]
 12%|█▏        | 2239/18408 [02:45<18:27, 14.60it/s]
 12%|█▏        | 2241/18408 [02:45<18:02, 14.93it/s]
 12%|█▏        | 2243/18408 [02:45<18:54, 14.25it/s]
 12%|█▏        | 2245/18408 [02:46<18:55, 14.24it/s]
 12%|█▏        | 2247/18408 [02:46<18:33, 14.51it/s]
 12%|█▏        | 2249/18408 [02:46<18:07, 14.86it/s]
                                                    
{'loss': '0.7257', 'grad_norm': '4.162', 'learning_rate': '1.765e-05', 'epoch': '0.3667'}

 12%|█▏        | 2250/18408 [02:46<18:07, 14.86it/s]
 12%|█▏        | 2251/18408 [02:46<18:07, 14.86it/s]
 12%|█▏        | 2253/18408 [02:46<18:24, 14.63it/s]
 12%|█▏        | 2255/18408 [02:46<18:02, 14.92it/s]
 12%|█▏        | 2257/18408 [02:46<18:03, 14.91it/s]
 12%|█▏        | 2259/18408 [02:46<17:57, 14.99it/s]
 12%|█▏        | 2261/18408 [02:47<18:24, 14.62it/s]
 12%|█▏        | 2263/18408 [02:47<19:00, 14.16it/s]
 12%|█▏        | 2265/18408 [02:47<18:48, 14.30it/s]
 12%|█▏        | 2267/18408 [02:47<18:40, 14.41it/s]
 12%|█▏        | 2269/18408 [02:47<18:18, 14.70it/s]
 12%|█▏        | 2271/18408 [02:47<18:47, 14.31it/s]
 12%|█▏        | 2273/18408 [02:47<18:28, 14.55it/s]
 12%|█▏        | 2275/18408 [02:48<18:59, 14.16it/s]
 12%|█▏        | 2277/18408 [02:48<18:37, 14.43it/s]
 12%|█▏        | 2279/18408 [02:48<18:12, 14.77it/s]
 12%|█▏        | 2281/18408 [02:48<18:14, 14.73it/s]
 12%|█▏        | 2283/18408 [02:48<17:53, 15.02it/s]
 12%|█▏        | 2285/18408 [02:48<18:19, 14.67it/s]
 12%|█▏        | 2287/18408 [02:48<18:09, 14.80it/s]
 12%|█▏        | 2289/18408 [02:49<18:18, 14.68it/s]
 12%|█▏        | 2291/18408 [02:49<18:12, 14.75it/s]
 12%|█▏        | 2293/18408 [02:49<17:54, 14.99it/s]
 12%|█▏        | 2295/18408 [02:49<17:38, 15.22it/s]
 12%|█▏        | 2297/18408 [02:49<17:49, 15.06it/s]
 12%|█▏        | 2299/18408 [02:49<18:06, 14.83it/s]
                                                    
{'loss': '0.7114', 'grad_norm': '3.643', 'learning_rate': '1.76e-05', 'epoch': '0.3748'}

 12%|█▏        | 2300/18408 [02:49<18:06, 14.83it/s]
 12%|█▎        | 2301/18408 [02:49<18:34, 14.45it/s]
 13%|█▎        | 2303/18408 [02:49<18:46, 14.30it/s]
 13%|█▎        | 2305/18408 [02:50<18:39, 14.38it/s]
 13%|█▎        | 2307/18408 [02:50<18:26, 14.55it/s]
 13%|█▎        | 2309/18408 [02:50<18:17, 14.67it/s]
 13%|█▎        | 2311/18408 [02:50<17:52, 15.00it/s]
 13%|█▎        | 2313/18408 [02:50<17:52, 15.00it/s]
 13%|█▎        | 2315/18408 [02:50<17:43, 15.14it/s]
 13%|█▎        | 2317/18408 [02:50<17:52, 15.01it/s]
 13%|█▎        | 2319/18408 [02:51<17:56, 14.95it/s]
 13%|█▎        | 2321/18408 [02:51<18:25, 14.56it/s]
 13%|█▎        | 2323/18408 [02:51<18:04, 14.83it/s]
 13%|█▎        | 2325/18408 [02:51<18:03, 14.85it/s]
 13%|█▎        | 2327/18408 [02:51<17:43, 15.12it/s]
 13%|█▎        | 2329/18408 [02:51<17:45, 15.09it/s]
 13%|█▎        | 2331/18408 [02:51<17:31, 15.28it/s]
 13%|█▎        | 2333/18408 [02:51<17:51, 15.00it/s]
 13%|█▎        | 2335/18408 [02:52<18:04, 14.82it/s]
 13%|█▎        | 2337/18408 [02:52<17:44, 15.10it/s]
 13%|█▎        | 2339/18408 [02:52<17:30, 15.30it/s]
 13%|█▎        | 2341/18408 [02:52<17:35, 15.22it/s]
 13%|█▎        | 2343/18408 [02:52<17:25, 15.37it/s]
 13%|█▎        | 2345/18408 [02:52<17:48, 15.03it/s]
 13%|█▎        | 2347/18408 [02:52<17:32, 15.26it/s]
 13%|█▎        | 2349/18408 [02:53<17:20, 15.44it/s]
                                                    
{'loss': '0.707', 'grad_norm': '3.725', 'learning_rate': '1.754e-05', 'epoch': '0.383'}

 13%|█▎        | 2350/18408 [02:53<17:20, 15.44it/s]
 13%|█▎        | 2351/18408 [02:53<17:58, 14.89it/s]
 13%|█▎        | 2353/18408 [02:53<18:03, 14.81it/s]
 13%|█▎        | 2355/18408 [02:53<17:43, 15.10it/s]
 13%|█▎        | 2357/18408 [02:53<17:50, 15.00it/s]
 13%|█▎        | 2359/18408 [02:53<18:14, 14.66it/s]
 13%|█▎        | 2361/18408 [02:53<17:53, 14.95it/s]
 13%|█▎        | 2363/18408 [02:53<17:39, 15.14it/s]
 13%|█▎        | 2365/18408 [02:54<18:14, 14.66it/s]
 13%|█▎        | 2367/18408 [02:54<18:12, 14.68it/s]
 13%|█▎        | 2369/18408 [02:54<18:16, 14.63it/s]
 13%|█▎        | 2371/18408 [02:54<18:08, 14.74it/s]
 13%|█▎        | 2373/18408 [02:54<17:48, 15.00it/s]
 13%|█▎        | 2375/18408 [02:54<18:27, 14.47it/s]
 13%|█▎        | 2377/18408 [02:54<18:16, 14.61it/s]
 13%|█▎        | 2379/18408 [02:55<18:11, 14.69it/s]
 13%|█▎        | 2381/18408 [02:55<18:15, 14.64it/s]
 13%|█▎        | 2383/18408 [02:55<18:05, 14.77it/s]
 13%|█▎        | 2385/18408 [02:55<18:05, 14.76it/s]
 13%|█▎        | 2387/18408 [02:55<18:00, 14.83it/s]
 13%|█▎        | 2389/18408 [02:55<17:44, 15.04it/s]
 13%|█▎        | 2391/18408 [02:55<17:46, 15.02it/s]
 13%|█▎        | 2393/18408 [02:55<17:59, 14.84it/s]
 13%|█▎        | 2395/18408 [02:56<17:42, 15.07it/s]
 13%|█▎        | 2397/18408 [02:56<17:28, 15.27it/s]
 13%|█▎        | 2399/18408 [02:56<17:37, 15.14it/s]
                                                    
{'loss': '0.715', 'grad_norm': '4.018', 'learning_rate': '1.749e-05', 'epoch': '0.3911'}

 13%|█▎        | 2400/18408 [02:56<17:37, 15.14it/s]
 13%|█▎        | 2401/18408 [02:56<18:57, 14.07it/s]
 13%|█▎        | 2403/18408 [02:56<18:24, 14.49it/s]
 13%|█▎        | 2405/18408 [02:56<18:25, 14.48it/s]
 13%|█▎        | 2407/18408 [02:56<18:05, 14.74it/s]
 13%|█▎        | 2409/18408 [02:57<17:44, 15.03it/s]
 13%|█▎        | 2411/18408 [02:57<18:15, 14.61it/s]
 13%|█▎        | 2413/18408 [02:57<19:55, 13.38it/s]
 13%|█▎        | 2415/18408 [02:57<19:33, 13.63it/s]
 13%|█▎        | 2417/18408 [02:57<19:18, 13.81it/s]
 13%|█▎        | 2419/18408 [02:57<19:19, 13.79it/s]
 13%|█▎        | 2421/18408 [02:57<18:52, 14.11it/s]
 13%|█▎        | 2423/18408 [02:58<18:46, 14.19it/s]
 13%|█▎        | 2425/18408 [02:58<18:32, 14.37it/s]
 13%|█▎        | 2427/18408 [02:58<19:13, 13.85it/s]
 13%|█▎        | 2429/18408 [02:58<20:49, 12.79it/s]
 13%|█▎        | 2431/18408 [02:58<20:12, 13.17it/s]
 13%|█▎        | 2433/18408 [02:58<20:29, 13.00it/s]
 13%|█▎        | 2435/18408 [02:58<19:28, 13.67it/s]
 13%|█▎        | 2437/18408 [02:59<18:45, 14.19it/s]
 13%|█▎        | 2439/18408 [02:59<18:53, 14.09it/s]
 13%|█▎        | 2441/18408 [02:59<18:31, 14.36it/s]
 13%|█▎        | 2443/18408 [02:59<18:21, 14.49it/s]
 13%|█▎        | 2445/18408 [02:59<18:02, 14.74it/s]
 13%|█▎        | 2447/18408 [02:59<17:45, 14.98it/s]
 13%|█▎        | 2449/18408 [02:59<17:46, 14.96it/s]
                                                    
{'loss': '0.7186', 'grad_norm': '5.226', 'learning_rate': '1.743e-05', 'epoch': '0.3993'}

 13%|█▎        | 2450/18408 [03:00<17:46, 14.96it/s]
 13%|█▎        | 2451/18408 [03:00<18:09, 14.65it/s]
 13%|█▎        | 2453/18408 [03:00<20:15, 13.13it/s]
 13%|█▎        | 2455/18408 [03:00<19:34, 13.59it/s]
 13%|█▎        | 2457/18408 [03:00<20:50, 12.76it/s]
 13%|█▎        | 2459/18408 [03:00<19:42, 13.49it/s]
 13%|█▎        | 2461/18408 [03:00<19:04, 13.93it/s]
 13%|█▎        | 2463/18408 [03:00<18:27, 14.39it/s]
 13%|█▎        | 2465/18408 [03:01<18:11, 14.60it/s]
 13%|█▎        | 2467/18408 [03:01<18:12, 14.60it/s]
 13%|█▎        | 2469/18408 [03:01<18:15, 14.56it/s]
 13%|█▎        | 2471/18408 [03:01<18:02, 14.72it/s]
 13%|█▎        | 2473/18408 [03:01<17:51, 14.88it/s]
 13%|█▎        | 2475/18408 [03:01<19:24, 13.68it/s]
 13%|█▎        | 2477/18408 [03:01<18:52, 14.07it/s]
 13%|█▎        | 2479/18408 [03:02<18:27, 14.39it/s]
 13%|█▎        | 2481/18408 [03:02<18:21, 14.46it/s]
 13%|█▎        | 2483/18408 [03:02<18:30, 14.34it/s]
 13%|█▎        | 2485/18408 [03:02<18:06, 14.66it/s]
 14%|█▎        | 2487/18408 [03:02<18:08, 14.63it/s]
 14%|█▎        | 2489/18408 [03:02<17:59, 14.75it/s]
 14%|█▎        | 2491/18408 [03:02<18:03, 14.70it/s]
 14%|█▎        | 2493/18408 [03:03<17:57, 14.77it/s]
 14%|█▎        | 2495/18408 [03:03<18:05, 14.66it/s]
 14%|█▎        | 2497/18408 [03:03<17:48, 14.89it/s]
 14%|█▎        | 2499/18408 [03:03<17:55, 14.79it/s]
                                                    
{'loss': '0.6832', 'grad_norm': '4.292', 'learning_rate': '1.738e-05', 'epoch': '0.4074'}

 14%|█▎        | 2500/18408 [03:03<17:55, 14.79it/s]

  0%|          | 0/39 [00:00<?, ?it/s][A

 31%|███       | 12/39 [00:00<00:00, 112.77it/s][A

 62%|██████▏   | 24/39 [00:00<00:00, 109.75it/s][A

 92%|█████████▏| 36/39 [00:00<00:00, 112.50it/s][A
                                                    

                                                
[A{'eval_loss': '0.6427', 'eval_accuracy': '0.7221', 'eval_precision': '0.7246', 'eval_recall': '0.7221', 'eval_f1_weighted': '0.7221', 'eval_f1_macro': '0.7221', 'eval_runtime': '0.8452', 'eval_samples_per_second': '2946', 'eval_steps_per_second': '46.14', 'epoch': '0.4074'}

 14%|█▎        | 2500/18408 [03:04<17:55, 14.79it/s]

100%|██████████| 39/39 [00:00<00:00, 112.50it/s][A

                                                [A

Writing model shards:   0%|          | 0/1 [00:00<?, ?it/s][A

Writing model shards: 100%|██████████| 1/1 [00:01<00:00,  1.19s/it][A
Writing model shards: 100%|██████████| 1/1 [00:01<00:00,  1.19s/it]

 14%|█▎        | 2501/18408 [03:05<1:48:31,  2.44it/s]
 14%|█▎        | 2503/18408 [03:05<1:21:14,  3.26it/s]
 14%|█▎        | 2505/18408 [03:06<1:02:06,  4.27it/s]
 14%|█▎        | 2507/18408 [03:06<48:38,  5.45it/s]  
 14%|█▎        | 2509/18408 [03:06<40:12,  6.59it/s]
 14%|█▎        | 2511/18408 [03:06<33:39,  7.87it/s]
 14%|█▎        | 2513/18408 [03:06<28:40,  9.24it/s]
 14%|█▎        | 2515/18408 [03:06<26:20, 10.06it/s]
 14%|█▎        | 2517/18408 [03:06<23:26, 11.30it/s]
 14%|█▎        | 2519/18408 [03:07<22:47, 11.62it/s]
 14%|█▎        | 2521/18408 [03:07<21:38, 12.23it/s]
 14%|█▎        | 2523/18408 [03:07<20:18, 13.04it/s]
 14%|█▎        | 2525/18408 [03:07<19:15, 13.74it/s]
 14%|█▎        | 2527/18408 [03:07<18:41, 14.17it/s]
 14%|█▎        | 2529/18408 [03:07<18:34, 14.24it/s]
 14%|█▎        | 2531/18408 [03:07<18:20, 14.42it/s]
 14%|█▍        | 2533/18408 [03:08<18:20, 14.42it/s]
 14%|█▍        | 2535/18408 [03:08<18:43, 14.13it/s]
 14%|█▍        | 2537/18408 [03:08<18:28, 14.32it/s]
 14%|█▍        | 2539/18408 [03:08<18:28, 14.31it/s]
 14%|█▍        | 2541/18408 [03:08<19:28, 13.58it/s]
 14%|█▍        | 2543/18408 [03:08<19:28, 13.57it/s]
 14%|█▍        | 2545/18408 [03:08<18:41, 14.15it/s]
 14%|█▍        | 2547/18408 [03:09<18:11, 14.53it/s]
 14%|█▍        | 2549/18408 [03:09<18:01, 14.67it/s]
                                                    
{'loss': '0.7005', 'grad_norm': '5.141', 'learning_rate': '1.732e-05', 'epoch': '0.4156'}

 14%|█▍        | 2550/18408 [03:09<18:01, 14.67it/s]
 14%|█▍        | 2551/18408 [03:09<20:50, 12.68it/s]
 14%|█▍        | 2553/18408 [03:09<19:38, 13.45it/s]
 14%|█▍        | 2555/18408 [03:09<19:07, 13.82it/s]
 14%|█▍        | 2557/18408 [03:09<19:23, 13.63it/s]
 14%|█▍        | 2559/18408 [03:09<18:59, 13.91it/s]
 14%|█▍        | 2561/18408 [03:10<18:35, 14.21it/s]
 14%|█▍        | 2563/18408 [03:10<18:23, 14.36it/s]
 14%|█▍        | 2565/18408 [03:10<18:50, 14.01it/s]
 14%|█▍        | 2567/18408 [03:10<18:12, 14.50it/s]
 14%|█▍        | 2569/18408 [03:10<18:39, 14.15it/s]
 14%|█▍        | 2571/18408 [03:10<18:23, 14.35it/s]
 14%|█▍        | 2573/18408 [03:10<18:22, 14.36it/s]
 14%|█▍        | 2575/18408 [03:11<18:22, 14.36it/s]
 14%|█▍        | 2577/18408 [03:11<19:05, 13.83it/s]
 14%|█▍        | 2579/18408 [03:11<21:43, 12.14it/s]
 14%|█▍        | 2581/18408 [03:11<20:28, 12.88it/s]
 14%|█▍        | 2583/18408 [03:11<20:04, 13.14it/s]
 14%|█▍        | 2585/18408 [03:11<19:16, 13.69it/s]
 14%|█▍        | 2587/18408 [03:11<18:50, 14.00it/s]
 14%|█▍        | 2589/18408 [03:12<18:54, 13.94it/s]
 14%|█▍        | 2591/18408 [03:12<19:01, 13.86it/s]
 14%|█▍        | 2593/18408 [03:12<18:20, 14.36it/s]
 14%|█▍        | 2595/18408 [03:12<17:59, 14.65it/s]
 14%|█▍        | 2597/18408 [03:12<18:43, 14.08it/s]
 14%|█▍        | 2599/18408 [03:12<18:32, 14.22it/s]
                                                    
{'loss': '0.6814', 'grad_norm': '4.515', 'learning_rate': '1.727e-05', 'epoch': '0.4237'}

 14%|█▍        | 2600/18408 [03:12<18:32, 14.22it/s]
 14%|█▍        | 2601/18408 [03:12<18:49, 14.00it/s]
 14%|█▍        | 2603/18408 [03:13<18:54, 13.93it/s]
 14%|█▍        | 2605/18408 [03:13<19:19, 13.63it/s]
 14%|█▍        | 2607/18408 [03:13<19:03, 13.82it/s]
 14%|█▍        | 2609/18408 [03:13<19:09, 13.74it/s]
 14%|█▍        | 2611/18408 [03:13<18:32, 14.20it/s]
 14%|█▍        | 2613/18408 [03:13<19:10, 13.73it/s]
 14%|█▍        | 2615/18408 [03:13<18:51, 13.96it/s]
 14%|█▍        | 2617/18408 [03:14<18:42, 14.07it/s]
 14%|█▍        | 2619/18408 [03:14<18:14, 14.42it/s]
 14%|█▍        | 2621/18408 [03:14<19:03, 13.80it/s]
 14%|█▍        | 2623/18408 [03:14<19:33, 13.45it/s]
 14%|█▍        | 2625/18408 [03:14<19:17, 13.64it/s]
 14%|█▍        | 2627/18408 [03:14<19:36, 13.41it/s]
 14%|█▍        | 2629/18408 [03:14<19:07, 13.75it/s]
 14%|█▍        | 2631/18408 [03:15<18:44, 14.03it/s]
 14%|█▍        | 2633/18408 [03:15<18:25, 14.26it/s]
 14%|█▍        | 2635/18408 [03:15<18:18, 14.36it/s]
 14%|█▍        | 2637/18408 [03:15<17:58, 14.62it/s]
 14%|█▍        | 2639/18408 [03:15<17:47, 14.77it/s]
 14%|█▍        | 2641/18408 [03:15<17:48, 14.75it/s]
 14%|█▍        | 2643/18408 [03:15<18:42, 14.04it/s]
 14%|█▍        | 2645/18408 [03:16<18:57, 13.86it/s]
 14%|█▍        | 2647/18408 [03:16<18:47, 13.97it/s]
 14%|█▍        | 2649/18408 [03:16<18:36, 14.11it/s]
                                                    
{'loss': '0.7058', 'grad_norm': '3.81', 'learning_rate': '1.722e-05', 'epoch': '0.4319'}

 14%|█▍        | 2650/18408 [03:16<18:36, 14.11it/s]
 14%|█▍        | 2651/18408 [03:16<18:19, 14.34it/s]
 14%|█▍        | 2653/18408 [03:16<19:11, 13.68it/s]
 14%|█▍        | 2655/18408 [03:16<18:45, 14.00it/s]
 14%|█▍        | 2657/18408 [03:16<18:18, 14.34it/s]
 14%|█▍        | 2659/18408 [03:17<18:18, 14.34it/s]
 14%|█▍        | 2661/18408 [03:17<18:00, 14.57it/s]
 14%|█▍        | 2663/18408 [03:17<18:43, 14.01it/s]
 14%|█▍        | 2665/18408 [03:17<20:35, 12.74it/s]
 14%|█▍        | 2667/18408 [03:17<20:01, 13.10it/s]
 14%|█▍        | 2669/18408 [03:17<19:54, 13.18it/s]
 15%|█▍        | 2671/18408 [03:17<19:05, 13.73it/s]
 15%|█▍        | 2673/18408 [03:18<18:54, 13.88it/s]
 15%|█▍        | 2675/18408 [03:18<18:31, 14.16it/s]
 15%|█▍        | 2677/18408 [03:18<18:59, 13.81it/s]
 15%|█▍        | 2679/18408 [03:18<18:36, 14.09it/s]
 15%|█▍        | 2681/18408 [03:18<18:23, 14.26it/s]
 15%|█▍        | 2683/18408 [03:18<18:11, 14.41it/s]
 15%|█▍        | 2685/18408 [03:18<17:54, 14.63it/s]
 15%|█▍        | 2687/18408 [03:19<17:42, 14.79it/s]
 15%|█▍        | 2689/18408 [03:19<17:34, 14.91it/s]
 15%|█▍        | 2691/18408 [03:19<17:52, 14.65it/s]
 15%|█▍        | 2693/18408 [03:19<18:18, 14.31it/s]
 15%|█▍        | 2695/18408 [03:19<17:57, 14.58it/s]
 15%|█▍        | 2697/18408 [03:19<17:58, 14.57it/s]
 15%|█▍        | 2699/18408 [03:19<17:52, 14.65it/s]
                                                    
{'loss': '0.689', 'grad_norm': '3.771', 'learning_rate': '1.716e-05', 'epoch': '0.44'}

 15%|█▍        | 2700/18408 [03:19<17:52, 14.65it/s]
 15%|█▍        | 2701/18408 [03:20<17:52, 14.65it/s]
 15%|█▍        | 2703/18408 [03:20<17:39, 14.83it/s]
 15%|█▍        | 2705/18408 [03:20<18:11, 14.39it/s]
 15%|█▍        | 2707/18408 [03:20<18:39, 14.03it/s]
 15%|█▍        | 2709/18408 [03:20<18:30, 14.14it/s]
 15%|█▍        | 2711/18408 [03:20<19:10, 13.64it/s]
 15%|█▍        | 2713/18408 [03:20<19:58, 13.10it/s]
 15%|█▍        | 2715/18408 [03:21<19:24, 13.48it/s]
 15%|█▍        | 2717/18408 [03:21<19:08, 13.67it/s]
 15%|█▍        | 2719/18408 [03:21<19:08, 13.67it/s]
 15%|█▍        | 2721/18408 [03:21<18:53, 13.84it/s]
 15%|█▍        | 2723/18408 [03:21<18:47, 13.91it/s]
 15%|█▍        | 2725/18408 [03:21<18:56, 13.80it/s]
 15%|█▍        | 2727/18408 [03:21<18:37, 14.03it/s]
 15%|█▍        | 2729/18408 [03:22<18:10, 14.37it/s]
 15%|█▍        | 2731/18408 [03:22<18:14, 14.32it/s]
 15%|█▍        | 2733/18408 [03:22<18:30, 14.11it/s]
 15%|█▍        | 2735/18408 [03:22<18:19, 14.25it/s]
 15%|█▍        | 2737/18408 [03:22<18:39, 14.00it/s]
 15%|█▍        | 2739/18408 [03:22<18:19, 14.25it/s]
 15%|█▍        | 2741/18408 [03:22<18:15, 14.31it/s]
 15%|█▍        | 2743/18408 [03:23<17:59, 14.51it/s]
 15%|█▍        | 2745/18408 [03:23<17:42, 14.74it/s]
 15%|█▍        | 2747/18408 [03:23<17:39, 14.79it/s]
 15%|█▍        | 2749/18408 [03:23<17:36, 14.82it/s]
                                                    
{'loss': '0.7002', 'grad_norm': '3.902', 'learning_rate': '1.711e-05', 'epoch': '0.4482'}

 15%|█▍        | 2750/18408 [03:23<17:36, 14.82it/s]
 15%|█▍        | 2751/18408 [03:23<17:36, 14.82it/s]
 15%|█▍        | 2753/18408 [03:23<17:45, 14.69it/s]
 15%|█▍        | 2755/18408 [03:23<18:45, 13.90it/s]
 15%|█▍        | 2757/18408 [03:23<18:26, 14.14it/s]
 15%|█▍        | 2759/18408 [03:24<18:08, 14.38it/s]
 15%|█▍        | 2761/18408 [03:24<18:02, 14.46it/s]
 15%|█▌        | 2763/18408 [03:24<17:56, 14.53it/s]
 15%|█▌        | 2765/18408 [03:24<17:41, 14.73it/s]
 15%|█▌        | 2767/18408 [03:24<17:36, 14.81it/s]
 15%|█▌        | 2769/18408 [03:24<17:17, 15.07it/s]
 15%|█▌        | 2771/18408 [03:24<17:14, 15.11it/s]
 15%|█▌        | 2773/18408 [03:25<16:56, 15.38it/s]
 15%|█▌        | 2775/18408 [03:25<16:50, 15.47it/s]
 15%|█▌        | 2777/18408 [03:25<17:31, 14.87it/s]
 15%|█▌        | 2779/18408 [03:25<17:17, 15.07it/s]
 15%|█▌        | 2781/18408 [03:25<16:58, 15.34it/s]
 15%|█▌        | 2783/18408 [03:25<17:16, 15.07it/s]
 15%|█▌        | 2785/18408 [03:25<17:11, 15.14it/s]
 15%|█▌        | 2787/18408 [03:25<17:11, 15.14it/s]
 15%|█▌        | 2789/18408 [03:26<17:24, 14.96it/s]
 15%|█▌        | 2791/18408 [03:26<17:31, 14.85it/s]
 15%|█▌        | 2793/18408 [03:26<17:22, 14.98it/s]
 15%|█▌        | 2795/18408 [03:26<17:16, 15.06it/s]
 15%|█▌        | 2797/18408 [03:26<19:24, 13.41it/s]
 15%|█▌        | 2799/18408 [03:26<19:20, 13.45it/s]
                                                    
{'loss': '0.6932', 'grad_norm': '3.73', 'learning_rate': '1.705e-05', 'epoch': '0.4563'}

 15%|█▌        | 2800/18408 [03:26<19:20, 13.45it/s]
 15%|█▌        | 2801/18408 [03:26<19:03, 13.65it/s]
 15%|█▌        | 2803/18408 [03:27<18:46, 13.86it/s]
 15%|█▌        | 2805/18408 [03:27<18:21, 14.16it/s]
 15%|█▌        | 2807/18408 [03:27<18:34, 13.99it/s]
 15%|█▌        | 2809/18408 [03:27<17:56, 14.50it/s]
 15%|█▌        | 2811/18408 [03:27<17:53, 14.53it/s]
 15%|█▌        | 2813/18408 [03:27<17:25, 14.91it/s]
 15%|█▌        | 2815/18408 [03:27<18:03, 14.39it/s]
 15%|█▌        | 2817/18408 [03:28<17:50, 14.57it/s]
 15%|█▌        | 2819/18408 [03:28<17:53, 14.52it/s]
 15%|█▌        | 2821/18408 [03:28<17:50, 14.55it/s]
 15%|█▌        | 2823/18408 [03:28<17:41, 14.68it/s]
 15%|█▌        | 2825/18408 [03:28<17:15, 15.04it/s]
 15%|█▌        | 2827/18408 [03:28<17:45, 14.62it/s]
 15%|█▌        | 2829/18408 [03:28<19:13, 13.50it/s]
 15%|█▌        | 2831/18408 [03:29<18:35, 13.97it/s]
 15%|█▌        | 2833/18408 [03:29<17:49, 14.57it/s]
 15%|█▌        | 2835/18408 [03:29<17:48, 14.57it/s]
 15%|█▌        | 2837/18408 [03:29<17:18, 15.00it/s]
 15%|█▌        | 2839/18408 [03:29<16:56, 15.31it/s]
 15%|█▌        | 2841/18408 [03:29<17:35, 14.75it/s]
 15%|█▌        | 2843/18408 [03:29<17:33, 14.78it/s]
 15%|█▌        | 2845/18408 [03:29<17:20, 14.96it/s]
 15%|█▌        | 2847/18408 [03:30<17:42, 14.65it/s]
 15%|█▌        | 2849/18408 [03:30<17:22, 14.93it/s]
                                                    
{'loss': '0.7013', 'grad_norm': '3.572', 'learning_rate': '1.7e-05', 'epoch': '0.4645'}

 15%|█▌        | 2850/18408 [03:30<17:22, 14.93it/s]
 15%|█▌        | 2851/18408 [03:30<17:17, 15.00it/s]
 15%|█▌        | 2853/18408 [03:30<18:12, 14.24it/s]
 16%|█▌        | 2855/18408 [03:30<17:54, 14.48it/s]
 16%|█▌        | 2857/18408 [03:30<17:24, 14.88it/s]
 16%|█▌        | 2859/18408 [03:30<17:34, 14.75it/s]
 16%|█▌        | 2861/18408 [03:31<17:09, 15.10it/s]
 16%|█▌        | 2863/18408 [03:31<17:10, 15.09it/s]
 16%|█▌        | 2865/18408 [03:31<17:18, 14.97it/s]
 16%|█▌        | 2867/18408 [03:31<17:47, 14.55it/s]
 16%|█▌        | 2869/18408 [03:31<18:01, 14.37it/s]
 16%|█▌        | 2871/18408 [03:31<17:50, 14.51it/s]
 16%|█▌        | 2873/18408 [03:31<17:32, 14.76it/s]
 16%|█▌        | 2875/18408 [03:32<17:10, 15.07it/s]
 16%|█▌        | 2877/18408 [03:32<17:09, 15.09it/s]
 16%|█▌        | 2879/18408 [03:32<17:24, 14.86it/s]
 16%|█▌        | 2881/18408 [03:32<17:24, 14.87it/s]
 16%|█▌        | 2883/18408 [03:32<17:48, 14.53it/s]
 16%|█▌        | 2885/18408 [03:32<18:02, 14.33it/s]
 16%|█▌        | 2887/18408 [03:32<17:40, 14.63it/s]
 16%|█▌        | 2889/18408 [03:32<18:07, 14.27it/s]
 16%|█▌        | 2891/18408 [03:33<19:54, 12.99it/s]
 16%|█▌        | 2893/18408 [03:33<18:49, 13.74it/s]
 16%|█▌        | 2895/18408 [03:33<19:07, 13.52it/s]
 16%|█▌        | 2897/18408 [03:33<18:33, 13.93it/s]
 16%|█▌        | 2899/18408 [03:33<18:52, 13.69it/s]
                                                    
{'loss': '0.6873', 'grad_norm': '3.267', 'learning_rate': '1.694e-05', 'epoch': '0.4726'}

 16%|█▌        | 2900/18408 [03:33<18:52, 13.69it/s]
 16%|█▌        | 2901/18408 [03:33<18:37, 13.88it/s]
 16%|█▌        | 2903/18408 [03:34<18:38, 13.86it/s]
 16%|█▌        | 2905/18408 [03:34<18:08, 14.25it/s]
 16%|█▌        | 2907/18408 [03:34<18:09, 14.23it/s]
 16%|█▌        | 2909/18408 [03:34<18:02, 14.32it/s]
 16%|█▌        | 2911/18408 [03:34<17:43, 14.57it/s]
 16%|█▌        | 2913/18408 [03:34<19:07, 13.50it/s]
 16%|█▌        | 2915/18408 [03:34<18:41, 13.81it/s]
 16%|█▌        | 2917/18408 [03:35<18:55, 13.64it/s]
 16%|█▌        | 2919/18408 [03:35<18:21, 14.06it/s]
 16%|█▌        | 2921/18408 [03:35<18:18, 14.09it/s]
 16%|█▌        | 2923/18408 [03:35<18:00, 14.34it/s]
 16%|█▌        | 2925/18408 [03:35<18:23, 14.03it/s]
 16%|█▌        | 2927/18408 [03:35<18:13, 14.16it/s]
 16%|█▌        | 2929/18408 [03:35<18:00, 14.33it/s]
 16%|█▌        | 2931/18408 [03:36<18:16, 14.12it/s]
 16%|█▌        | 2933/18408 [03:36<18:19, 14.07it/s]
 16%|█▌        | 2935/18408 [03:36<17:58, 14.35it/s]
 16%|█▌        | 2937/18408 [03:36<17:38, 14.61it/s]
 16%|█▌        | 2939/18408 [03:36<18:04, 14.27it/s]
 16%|█▌        | 2941/18408 [03:36<18:18, 14.08it/s]
 16%|█▌        | 2943/18408 [03:36<17:56, 14.37it/s]
 16%|█▌        | 2945/18408 [03:36<17:42, 14.55it/s]
 16%|█▌        | 2947/18408 [03:37<17:51, 14.42it/s]
 16%|█▌        | 2949/18408 [03:37<17:48, 14.46it/s]
                                                    
{'loss': '0.6847', 'grad_norm': '4.688', 'learning_rate': '1.689e-05', 'epoch': '0.4808'}

 16%|█▌        | 2950/18408 [03:37<17:48, 14.46it/s]
 16%|█▌        | 2951/18408 [03:37<17:30, 14.71it/s]
 16%|█▌        | 2953/18408 [03:37<17:38, 14.60it/s]
 16%|█▌        | 2955/18408 [03:37<17:40, 14.57it/s]
 16%|█▌        | 2957/18408 [03:37<17:28, 14.74it/s]
 16%|█▌        | 2959/18408 [03:37<18:05, 14.24it/s]
 16%|█▌        | 2961/18408 [03:38<18:23, 14.00it/s]
 16%|█▌        | 2963/18408 [03:38<17:57, 14.33it/s]
 16%|█▌        | 2965/18408 [03:38<17:42, 14.53it/s]
 16%|█▌        | 2967/18408 [03:38<18:24, 13.98it/s]
 16%|█▌        | 2969/18408 [03:38<18:06, 14.21it/s]
 16%|█▌        | 2971/18408 [03:38<18:51, 13.65it/s]
 16%|█▌        | 2973/18408 [03:38<18:17, 14.07it/s]
 16%|█▌        | 2975/18408 [03:39<18:31, 13.89it/s]
 16%|█▌        | 2977/18408 [03:39<18:26, 13.95it/s]
 16%|█▌        | 2979/18408 [03:39<18:05, 14.21it/s]
 16%|█▌        | 2981/18408 [03:39<18:07, 14.18it/s]
 16%|█▌        | 2983/18408 [03:39<17:49, 14.42it/s]
 16%|█▌        | 2985/18408 [03:39<18:04, 14.22it/s]
 16%|█▌        | 2987/18408 [03:39<18:32, 13.86it/s]
 16%|█▌        | 2989/18408 [03:40<18:25, 13.95it/s]
 16%|█▌        | 2991/18408 [03:40<18:05, 14.20it/s]
 16%|█▋        | 2993/18408 [03:40<17:48, 14.42it/s]
 16%|█▋        | 2995/18408 [03:40<17:37, 14.58it/s]
 16%|█▋        | 2997/18408 [03:40<17:44, 14.48it/s]
 16%|█▋        | 2999/18408 [03:40<17:36, 14.58it/s]
                                                    
{'loss': '0.6811', 'grad_norm': '3.814', 'learning_rate': '1.683e-05', 'epoch': '0.4889'}

 16%|█▋        | 3000/18408 [03:40<17:36, 14.58it/s]

  0%|          | 0/39 [00:00<?, ?it/s][A

 28%|██▊       | 11/39 [00:00<00:00, 108.31it/s][A

 56%|█████▋    | 22/39 [00:00<00:00, 106.14it/s][A

 87%|████████▋ | 34/39 [00:00<00:00, 110.89it/s][A
                                                    

                                                
[A{'eval_loss': '0.6274', 'eval_accuracy': '0.7317', 'eval_precision': '0.7322', 'eval_recall': '0.7317', 'eval_f1_weighted': '0.7315', 'eval_f1_macro': '0.7315', 'eval_runtime': '0.8244', 'eval_samples_per_second': '3020', 'eval_steps_per_second': '47.31', 'epoch': '0.4889'}

 16%|█▋        | 3000/18408 [03:41<17:36, 14.58it/s]

100%|██████████| 39/39 [00:00<00:00, 110.89it/s][A

                                                [A

Writing model shards:   0%|          | 0/1 [00:00<?, ?it/s][A

Writing model shards: 100%|██████████| 1/1 [00:01<00:00,  1.20s/it][A
Writing model shards: 100%|██████████| 1/1 [00:01<00:00,  1.20s/it]

 16%|█▋        | 3001/18408 [03:43<1:46:03,  2.42it/s]
 16%|█▋        | 3003/18408 [03:43<1:19:32,  3.23it/s]
 16%|█▋        | 3005/18408 [03:43<1:01:41,  4.16it/s]
 16%|█▋        | 3007/18408 [03:43<48:31,  5.29it/s]  
 16%|█▋        | 3009/18408 [03:43<41:02,  6.25it/s]
 16%|█▋        | 3011/18408 [03:43<34:04,  7.53it/s]
 16%|█▋        | 3013/18408 [03:44<29:05,  8.82it/s]
 16%|█▋        | 3015/18408 [03:44<25:34, 10.03it/s]
 16%|█▋        | 3017/18408 [03:44<23:31, 10.91it/s]
 16%|█▋        | 3019/18408 [03:44<21:31, 11.91it/s]
 16%|█▋        | 3021/18408 [03:44<20:31, 12.50it/s]
 16%|█▋        | 3023/18408 [03:44<19:34, 13.10it/s]
 16%|█▋        | 3025/18408 [03:44<19:03, 13.45it/s]
 16%|█▋        | 3027/18408 [03:45<18:47, 13.64it/s]
 16%|█▋        | 3029/18408 [03:45<18:11, 14.09it/s]
 16%|█▋        | 3031/18408 [03:45<17:57, 14.27it/s]
 16%|█▋        | 3033/18408 [03:45<17:45, 14.42it/s]
 16%|█▋        | 3035/18408 [03:45<18:16, 14.02it/s]
 16%|█▋        | 3037/18408 [03:45<19:17, 13.28it/s]
 17%|█▋        | 3039/18408 [03:45<19:39, 13.03it/s]
 17%|█▋        | 3041/18408 [03:46<18:45, 13.65it/s]
 17%|█▋        | 3043/18408 [03:46<18:33, 13.80it/s]
 17%|█▋        | 3045/18408 [03:46<18:19, 13.97it/s]
 17%|█▋        | 3047/18408 [03:46<19:20, 13.24it/s]
 17%|█▋        | 3049/18408 [03:46<18:54, 13.53it/s]
                                                    
{'loss': '0.6804', 'grad_norm': '4.424', 'learning_rate': '1.678e-05', 'epoch': '0.4971'}

 17%|█▋        | 3050/18408 [03:46<18:54, 13.53it/s]
 17%|█▋        | 3051/18408 [03:46<18:09, 14.09it/s]
 17%|█▋        | 3053/18408 [03:46<18:07, 14.12it/s]
 17%|█▋        | 3055/18408 [03:47<17:35, 14.55it/s]
 17%|█▋        | 3057/18408 [03:47<17:37, 14.52it/s]
 17%|█▋        | 3059/18408 [03:47<18:05, 14.14it/s]
 17%|█▋        | 3061/18408 [03:47<17:59, 14.22it/s]
 17%|█▋        | 3063/18408 [03:47<17:24, 14.69it/s]
 17%|█▋        | 3065/18408 [03:47<17:02, 15.00it/s]
 17%|█▋        | 3067/18408 [03:47<17:30, 14.60it/s]
 17%|█▋        | 3069/18408 [03:48<17:06, 14.94it/s]
 17%|█▋        | 3071/18408 [03:48<16:54, 15.12it/s]
 17%|█▋        | 3073/18408 [03:48<16:42, 15.30it/s]
 17%|█▋        | 3075/18408 [03:48<17:21, 14.72it/s]
 17%|█▋        | 3077/18408 [03:48<17:05, 14.94it/s]
 17%|█▋        | 3079/18408 [03:48<17:14, 14.82it/s]
 17%|█▋        | 3081/18408 [03:48<16:54, 15.11it/s]
 17%|█▋        | 3083/18408 [03:48<16:43, 15.27it/s]
 17%|█▋        | 3085/18408 [03:49<18:07, 14.08it/s]
 17%|█▋        | 3087/18408 [03:49<17:48, 14.34it/s]
 17%|█▋        | 3089/18408 [03:49<17:47, 14.35it/s]
 17%|█▋        | 3091/18408 [03:49<17:30, 14.58it/s]
 17%|█▋        | 3093/18408 [03:49<17:08, 14.89it/s]
 17%|█▋        | 3095/18408 [03:49<17:04, 14.95it/s]
 17%|█▋        | 3097/18408 [03:49<18:02, 14.14it/s]
 17%|█▋        | 3099/18408 [03:50<18:19, 13.92it/s]
                                                    
{'loss': '0.6835', 'grad_norm': '2.963', 'learning_rate': '1.672e-05', 'epoch': '0.5052'}

 17%|█▋        | 3100/18408 [03:50<18:19, 13.92it/s]
 17%|█▋        | 3101/18408 [03:50<18:01, 14.16it/s]
 17%|█▋        | 3103/18408 [03:50<18:11, 14.02it/s]
 17%|█▋        | 3105/18408 [03:50<18:03, 14.12it/s]
 17%|█▋        | 3107/18408 [03:50<18:56, 13.46it/s]
 17%|█▋        | 3109/18408 [03:50<18:54, 13.48it/s]
 17%|█▋        | 3111/18408 [03:50<18:27, 13.81it/s]
 17%|█▋        | 3113/18408 [03:51<18:23, 13.86it/s]
 17%|█▋        | 3115/18408 [03:51<18:31, 13.76it/s]
 17%|█▋        | 3117/18408 [03:51<17:58, 14.17it/s]
 17%|█▋        | 3119/18408 [03:51<17:52, 14.25it/s]
 17%|█▋        | 3121/18408 [03:51<19:53, 12.81it/s]
 17%|█▋        | 3123/18408 [03:51<19:00, 13.40it/s]
 17%|█▋        | 3125/18408 [03:51<18:33, 13.73it/s]
 17%|█▋        | 3127/18408 [03:52<18:07, 14.05it/s]
 17%|█▋        | 3129/18408 [03:52<18:45, 13.58it/s]
 17%|█▋        | 3131/18408 [03:52<18:04, 14.08it/s]
 17%|█▋        | 3133/18408 [03:52<17:36, 14.46it/s]
 17%|█▋        | 3135/18408 [03:52<17:54, 14.21it/s]
 17%|█▋        | 3137/18408 [03:52<17:36, 14.46it/s]
 17%|█▋        | 3139/18408 [03:52<17:51, 14.25it/s]
 17%|█▋        | 3141/18408 [03:53<17:53, 14.22it/s]
 17%|█▋        | 3143/18408 [03:53<17:37, 14.43it/s]
 17%|█▋        | 3145/18408 [03:53<17:16, 14.73it/s]
 17%|█▋        | 3147/18408 [03:53<17:14, 14.75it/s]
 17%|█▋        | 3149/18408 [03:53<17:10, 14.81it/s]
                                                    
{'loss': '0.6845', 'grad_norm': '4.035', 'learning_rate': '1.667e-05', 'epoch': '0.5134'}

 17%|█▋        | 3150/18408 [03:53<17:10, 14.81it/s]
 17%|█▋        | 3151/18408 [03:53<17:36, 14.43it/s]
 17%|█▋        | 3153/18408 [03:53<17:41, 14.37it/s]
 17%|█▋        | 3155/18408 [03:54<18:36, 13.66it/s]
 17%|█▋        | 3157/18408 [03:54<18:00, 14.12it/s]
 17%|█▋        | 3159/18408 [03:54<18:13, 13.95it/s]
 17%|█▋        | 3161/18408 [03:54<18:06, 14.03it/s]
 17%|█▋        | 3163/18408 [03:54<20:07, 12.62it/s]
 17%|█▋        | 3165/18408 [03:54<19:33, 12.99it/s]
 17%|█▋        | 3167/18408 [03:54<19:48, 12.82it/s]
 17%|█▋        | 3169/18408 [03:55<19:11, 13.23it/s]
 17%|█▋        | 3171/18408 [03:55<19:06, 13.29it/s]
 17%|█▋        | 3173/18408 [03:55<19:15, 13.19it/s]
 17%|█▋        | 3175/18408 [03:55<18:39, 13.61it/s]
 17%|█▋        | 3177/18408 [03:55<17:54, 14.18it/s]
 17%|█▋        | 3179/18408 [03:55<17:26, 14.55it/s]
 17%|█▋        | 3181/18408 [03:55<17:37, 14.40it/s]
 17%|█▋        | 3183/18408 [03:56<17:22, 14.60it/s]
 17%|█▋        | 3185/18408 [03:56<17:15, 14.71it/s]
 17%|█▋        | 3187/18408 [03:56<17:10, 14.77it/s]
 17%|█▋        | 3189/18408 [03:56<16:51, 15.05it/s]
 17%|█▋        | 3191/18408 [03:56<18:39, 13.60it/s]
 17%|█▋        | 3193/18408 [03:56<18:30, 13.70it/s]
 17%|█▋        | 3195/18408 [03:56<18:04, 14.03it/s]
 17%|█▋        | 3197/18408 [03:57<18:51, 13.44it/s]
 17%|█▋        | 3199/18408 [03:57<18:37, 13.61it/s]
                                                    
{'loss': '0.6834', 'grad_norm': '3.536', 'learning_rate': '1.661e-05', 'epoch': '0.5215'}

 17%|█▋        | 3200/18408 [03:57<18:37, 13.61it/s]
 17%|█▋        | 3201/18408 [03:57<18:13, 13.91it/s]
 17%|█▋        | 3203/18408 [03:57<17:50, 14.20it/s]
 17%|█▋        | 3205/18408 [03:57<17:19, 14.62it/s]
 17%|█▋        | 3207/18408 [03:57<17:09, 14.77it/s]
 17%|█▋        | 3209/18408 [03:57<17:14, 14.70it/s]
 17%|█▋        | 3211/18408 [03:58<16:56, 14.96it/s]
 17%|█▋        | 3213/18408 [03:58<17:11, 14.73it/s]
 17%|█▋        | 3215/18408 [03:58<17:16, 14.66it/s]
 17%|█▋        | 3217/18408 [03:58<17:07, 14.78it/s]
 17%|█▋        | 3219/18408 [03:58<17:12, 14.70it/s]
 17%|█▋        | 3221/18408 [03:58<16:53, 14.99it/s]
 18%|█▊        | 3223/18408 [03:58<17:28, 14.48it/s]
 18%|█▊        | 3225/18408 [03:59<17:16, 14.65it/s]
 18%|█▊        | 3227/18408 [03:59<16:54, 14.97it/s]
 18%|█▊        | 3229/18408 [03:59<16:51, 15.00it/s]
 18%|█▊        | 3231/18408 [03:59<16:50, 15.01it/s]
 18%|█▊        | 3233/18408 [03:59<17:22, 14.56it/s]
 18%|█▊        | 3235/18408 [03:59<17:12, 14.70it/s]
 18%|█▊        | 3237/18408 [03:59<16:52, 14.99it/s]
 18%|█▊        | 3239/18408 [03:59<16:48, 15.03it/s]
 18%|█▊        | 3241/18408 [04:00<16:39, 15.18it/s]
 18%|█▊        | 3243/18408 [04:00<16:29, 15.33it/s]
 18%|█▊        | 3245/18408 [04:00<16:42, 15.12it/s]
 18%|█▊        | 3247/18408 [04:00<17:11, 14.70it/s]
 18%|█▊        | 3249/18408 [04:00<16:49, 15.01it/s]
                                                    
{'loss': '0.7167', 'grad_norm': '3.566', 'learning_rate': '1.656e-05', 'epoch': '0.5297'}

 18%|█▊        | 3250/18408 [04:00<16:49, 15.01it/s]
 18%|█▊        | 3251/18408 [04:00<16:38, 15.18it/s]
 18%|█▊        | 3253/18408 [04:00<16:39, 15.17it/s]
 18%|█▊        | 3255/18408 [04:00<16:26, 15.36it/s]
 18%|█▊        | 3257/18408 [04:01<16:17, 15.49it/s]
 18%|█▊        | 3259/18408 [04:01<16:11, 15.59it/s]
 18%|█▊        | 3261/18408 [04:01<16:31, 15.28it/s]
 18%|█▊        | 3263/18408 [04:01<16:21, 15.43it/s]
 18%|█▊        | 3265/18408 [04:01<16:56, 14.90it/s]
 18%|█▊        | 3267/18408 [04:01<16:43, 15.08it/s]
 18%|█▊        | 3269/18408 [04:01<17:01, 14.81it/s]
 18%|█▊        | 3271/18408 [04:02<16:56, 14.90it/s]
 18%|█▊        | 3273/18408 [04:02<16:42, 15.10it/s]
 18%|█▊        | 3275/18408 [04:02<16:57, 14.87it/s]
 18%|█▊        | 3277/18408 [04:02<16:52, 14.95it/s]
 18%|█▊        | 3279/18408 [04:02<16:39, 15.13it/s]
 18%|█▊        | 3281/18408 [04:02<17:35, 14.33it/s]
 18%|█▊        | 3283/18408 [04:02<17:23, 14.49it/s]
 18%|█▊        | 3285/18408 [04:03<17:09, 14.69it/s]
 18%|█▊        | 3287/18408 [04:03<16:52, 14.93it/s]
 18%|█▊        | 3289/18408 [04:03<17:01, 14.80it/s]
 18%|█▊        | 3291/18408 [04:03<17:16, 14.58it/s]
 18%|█▊        | 3293/18408 [04:03<17:14, 14.62it/s]
 18%|█▊        | 3295/18408 [04:03<17:06, 14.73it/s]
 18%|█▊        | 3297/18408 [04:03<17:04, 14.76it/s]
 18%|█▊        | 3299/18408 [04:03<16:50, 14.96it/s]
                                                    
{'loss': '0.6831', 'grad_norm': '3.116', 'learning_rate': '1.651e-05', 'epoch': '0.5378'}

 18%|█▊        | 3300/18408 [04:04<16:49, 14.96it/s]
 18%|█▊        | 3301/18408 [04:04<17:27, 14.42it/s]
 18%|█▊        | 3303/18408 [04:04<17:10, 14.66it/s]
 18%|█▊        | 3305/18408 [04:04<16:50, 14.95it/s]
 18%|█▊        | 3307/18408 [04:04<16:50, 14.94it/s]
 18%|█▊        | 3309/18408 [04:04<16:33, 15.19it/s]
 18%|█▊        | 3311/18408 [04:04<17:02, 14.76it/s]
 18%|█▊        | 3313/18408 [04:04<16:58, 14.83it/s]
 18%|█▊        | 3315/18408 [04:05<17:04, 14.74it/s]
 18%|█▊        | 3317/18408 [04:05<17:38, 14.26it/s]
 18%|█▊        | 3319/18408 [04:05<18:09, 13.85it/s]
 18%|█▊        | 3321/18408 [04:05<17:46, 14.14it/s]
 18%|█▊        | 3323/18408 [04:05<17:37, 14.26it/s]
 18%|█▊        | 3325/18408 [04:05<17:30, 14.35it/s]
 18%|█▊        | 3327/18408 [04:05<17:57, 14.00it/s]
 18%|█▊        | 3329/18408 [04:06<17:28, 14.38it/s]
 18%|█▊        | 3331/18408 [04:06<17:15, 14.56it/s]
 18%|█▊        | 3333/18408 [04:06<17:44, 14.16it/s]
 18%|█▊        | 3335/18408 [04:06<17:24, 14.43it/s]
 18%|█▊        | 3337/18408 [04:06<17:13, 14.58it/s]
 18%|█▊        | 3339/18408 [04:06<17:41, 14.20it/s]
 18%|█▊        | 3341/18408 [04:06<17:33, 14.30it/s]
 18%|█▊        | 3343/18408 [04:07<17:29, 14.36it/s]
 18%|█▊        | 3345/18408 [04:07<17:18, 14.50it/s]
 18%|█▊        | 3347/18408 [04:07<16:52, 14.87it/s]
 18%|█▊        | 3349/18408 [04:07<16:32, 15.17it/s]
                                                    
{'loss': '0.6734', 'grad_norm': '3.486', 'learning_rate': '1.645e-05', 'epoch': '0.546'}

 18%|█▊        | 3350/18408 [04:07<16:32, 15.17it/s]
 18%|█▊        | 3351/18408 [04:07<16:39, 15.06it/s]
 18%|█▊        | 3353/18408 [04:07<17:02, 14.73it/s]
 18%|█▊        | 3355/18408 [04:07<19:37, 12.78it/s]
 18%|█▊        | 3357/18408 [04:08<20:42, 12.11it/s]
 18%|█▊        | 3359/18408 [04:08<19:21, 12.96it/s]
 18%|█▊        | 3361/18408 [04:08<18:24, 13.62it/s]
 18%|█▊        | 3363/18408 [04:08<18:14, 13.74it/s]
 18%|█▊        | 3365/18408 [04:08<18:36, 13.47it/s]
 18%|█▊        | 3367/18408 [04:08<18:33, 13.51it/s]
 18%|█▊        | 3369/18408 [04:08<17:52, 14.02it/s]
 18%|█▊        | 3371/18408 [04:09<17:46, 14.11it/s]
 18%|█▊        | 3373/18408 [04:09<17:14, 14.53it/s]
 18%|█▊        | 3375/18408 [04:09<16:51, 14.86it/s]
 18%|█▊        | 3377/18408 [04:09<16:33, 15.13it/s]
 18%|█▊        | 3379/18408 [04:09<16:57, 14.77it/s]
 18%|█▊        | 3381/18408 [04:09<16:57, 14.77it/s]
 18%|█▊        | 3383/18408 [04:09<17:49, 14.05it/s]
 18%|█▊        | 3385/18408 [04:10<18:11, 13.76it/s]
 18%|█▊        | 3387/18408 [04:10<17:58, 13.93it/s]
 18%|█▊        | 3389/18408 [04:10<17:58, 13.93it/s]
 18%|█▊        | 3391/18408 [04:10<18:06, 13.83it/s]
 18%|█▊        | 3393/18408 [04:10<18:10, 13.77it/s]
 18%|█▊        | 3395/18408 [04:10<17:30, 14.29it/s]
 18%|█▊        | 3397/18408 [04:10<17:09, 14.59it/s]
 18%|█▊        | 3399/18408 [04:10<17:04, 14.65it/s]
                                                    
{'loss': '0.6926', 'grad_norm': '3.974', 'learning_rate': '1.64e-05', 'epoch': '0.5541'}

 18%|█▊        | 3400/18408 [04:11<17:04, 14.65it/s]
 18%|█▊        | 3401/18408 [04:11<19:09, 13.06it/s]
 18%|█▊        | 3403/18408 [04:11<18:32, 13.49it/s]
 18%|█▊        | 3405/18408 [04:11<18:25, 13.57it/s]
 19%|█▊        | 3407/18408 [04:11<18:04, 13.83it/s]
 19%|█▊        | 3409/18408 [04:11<18:15, 13.69it/s]
 19%|█▊        | 3411/18408 [04:11<19:40, 12.70it/s]
 19%|█▊        | 3413/18408 [04:12<19:40, 12.70it/s]
 19%|█▊        | 3415/18408 [04:12<18:53, 13.23it/s]
 19%|█▊        | 3417/18408 [04:12<19:40, 12.70it/s]
 19%|█▊        | 3419/18408 [04:12<19:00, 13.15it/s]
 19%|█▊        | 3421/18408 [04:12<18:10, 13.74it/s]
 19%|█▊        | 3423/18408 [04:12<17:46, 14.05it/s]
 19%|█▊        | 3425/18408 [04:12<17:19, 14.42it/s]
 19%|█▊        | 3427/18408 [04:13<16:55, 14.75it/s]
 19%|█▊        | 3429/18408 [04:13<17:02, 14.65it/s]
 19%|█▊        | 3431/18408 [04:13<17:10, 14.54it/s]
 19%|█▊        | 3433/18408 [04:13<18:07, 13.77it/s]
 19%|█▊        | 3435/18408 [04:13<17:25, 14.31it/s]
 19%|█▊        | 3437/18408 [04:13<18:14, 13.68it/s]
 19%|█▊        | 3439/18408 [04:13<17:43, 14.07it/s]
 19%|█▊        | 3441/18408 [04:14<17:33, 14.20it/s]
 19%|█▊        | 3443/18408 [04:14<17:58, 13.87it/s]
 19%|█▊        | 3445/18408 [04:14<17:19, 14.40it/s]
 19%|█▊        | 3447/18408 [04:14<17:35, 14.17it/s]
 19%|█▊        | 3449/18408 [04:14<19:11, 12.99it/s]
                                                    
{'loss': '0.6884', 'grad_norm': '3.499', 'learning_rate': '1.634e-05', 'epoch': '0.5623'}

 19%|█▊        | 3450/18408 [04:14<19:11, 12.99it/s]
 19%|█▊        | 3451/18408 [04:14<18:31, 13.45it/s]
 19%|█▉        | 3453/18408 [04:14<18:07, 13.75it/s]
 19%|█▉        | 3455/18408 [04:15<17:48, 13.99it/s]
 19%|█▉        | 3457/18408 [04:15<17:13, 14.47it/s]
 19%|█▉        | 3459/18408 [04:15<17:58, 13.86it/s]
 19%|█▉        | 3461/18408 [04:15<17:30, 14.23it/s]
 19%|█▉        | 3463/18408 [04:15<17:17, 14.41it/s]
 19%|█▉        | 3465/18408 [04:15<16:58, 14.67it/s]
 19%|█▉        | 3467/18408 [04:15<16:40, 14.94it/s]
 19%|█▉        | 3469/18408 [04:16<16:49, 14.79it/s]
 19%|█▉        | 3471/18408 [04:16<16:30, 15.08it/s]
 19%|█▉        | 3473/18408 [04:16<17:00, 14.63it/s]
 19%|█▉        | 3475/18408 [04:16<16:38, 14.96it/s]
 19%|█▉        | 3477/18408 [04:16<16:22, 15.20it/s]
 19%|█▉        | 3479/18408 [04:16<16:12, 15.35it/s]
 19%|█▉        | 3481/18408 [04:16<17:13, 14.45it/s]
 19%|█▉        | 3483/18408 [04:16<16:49, 14.79it/s]
 19%|█▉        | 3485/18408 [04:17<17:12, 14.46it/s]
 19%|█▉        | 3487/18408 [04:17<17:29, 14.22it/s]
 19%|█▉        | 3489/18408 [04:17<17:38, 14.09it/s]
 19%|█▉        | 3491/18408 [04:17<17:57, 13.84it/s]
 19%|█▉        | 3493/18408 [04:17<17:38, 14.09it/s]
 19%|█▉        | 3495/18408 [04:17<18:02, 13.77it/s]
 19%|█▉        | 3497/18408 [04:17<17:27, 14.24it/s]
 19%|█▉        | 3499/18408 [04:18<16:57, 14.65it/s]
                                                    
{'loss': '0.6779', 'grad_norm': '4.763', 'learning_rate': '1.629e-05', 'epoch': '0.5704'}

 19%|█▉        | 3500/18408 [04:18<16:57, 14.65it/s]

  0%|          | 0/39 [00:00<?, ?it/s][A

 31%|███       | 12/39 [00:00<00:00, 111.65it/s][A

 62%|██████▏   | 24/39 [00:00<00:00, 106.75it/s][A

 92%|█████████▏| 36/39 [00:00<00:00, 111.19it/s][A
                                                    

                                                
[A{'eval_loss': '0.6303', 'eval_accuracy': '0.7341', 'eval_precision': '0.7442', 'eval_recall': '0.7341', 'eval_f1_weighted': '0.7352', 'eval_f1_macro': '0.7352', 'eval_runtime': '0.7986', 'eval_samples_per_second': '3118', 'eval_steps_per_second': '48.84', 'epoch': '0.5704'}

 19%|█▉        | 3500/18408 [04:18<16:57, 14.65it/s]

100%|██████████| 39/39 [00:00<00:00, 111.19it/s][A

                                                [A

Writing model shards:   0%|          | 0/1 [00:00<?, ?it/s][A

Writing model shards: 100%|██████████| 1/1 [00:01<00:00,  1.25s/it][A
Writing model shards: 100%|██████████| 1/1 [00:01<00:00,  1.25s/it]

 19%|█▉        | 3501/18408 [04:20<1:42:11,  2.43it/s]
 19%|█▉        | 3503/18408 [04:20<1:16:20,  3.25it/s]
 19%|█▉        | 3505/18408 [04:20<58:48,  4.22it/s]  
 19%|█▉        | 3507/18408 [04:20<45:59,  5.40it/s]
 19%|█▉        | 3509/18408 [04:21<37:08,  6.69it/s]
 19%|█▉        | 3511/18408 [04:21<30:59,  8.01it/s]
 19%|█▉        | 3513/18408 [04:21<26:26,  9.39it/s]
 19%|█▉        | 3515/18408 [04:21<23:37, 10.50it/s]
 19%|█▉        | 3517/18408 [04:21<21:54, 11.33it/s]
 19%|█▉        | 3519/18408 [04:21<22:36, 10.97it/s]
 19%|█▉        | 3521/18408 [04:21<20:31, 12.08it/s]
 19%|█▉        | 3523/18408 [04:22<19:16, 12.87it/s]
 19%|█▉        | 3525/18408 [04:22<18:12, 13.62it/s]
 19%|█▉        | 3527/18408 [04:22<17:27, 14.20it/s]
 19%|█▉        | 3529/18408 [04:22<17:43, 13.99it/s]
 19%|█▉        | 3531/18408 [04:22<17:09, 14.44it/s]
 19%|█▉        | 3533/18408 [04:22<16:44, 14.81it/s]
 19%|█▉        | 3535/18408 [04:22<16:56, 14.63it/s]
 19%|█▉        | 3537/18408 [04:22<16:33, 14.96it/s]
 19%|█▉        | 3539/18408 [04:23<16:47, 14.76it/s]
 19%|█▉        | 3541/18408 [04:23<17:13, 14.38it/s]
 19%|█▉        | 3543/18408 [04:23<17:05, 14.49it/s]
 19%|█▉        | 3545/18408 [04:23<16:55, 14.63it/s]
 19%|█▉        | 3547/18408 [04:23<16:49, 14.71it/s]
 19%|█▉        | 3549/18408 [04:23<16:40, 14.86it/s]
                                                    
{'loss': '0.6756', 'grad_norm': '3.361', 'learning_rate': '1.623e-05', 'epoch': '0.5786'}

 19%|█▉        | 3550/18408 [04:23<16:39, 14.86it/s]
 19%|█▉        | 3551/18408 [04:23<16:57, 14.60it/s]
 19%|█▉        | 3553/18408 [04:24<17:20, 14.28it/s]
 19%|█▉        | 3555/18408 [04:24<17:52, 13.85it/s]
 19%|█▉        | 3557/18408 [04:24<17:32, 14.11it/s]
 19%|█▉        | 3559/18408 [04:24<17:41, 13.98it/s]
 19%|█▉        | 3561/18408 [04:24<17:08, 14.44it/s]
 19%|█▉        | 3563/18408 [04:24<17:10, 14.40it/s]
 19%|█▉        | 3565/18408 [04:24<17:08, 14.44it/s]
 19%|█▉        | 3567/18408 [04:25<17:01, 14.53it/s]
 19%|█▉        | 3569/18408 [04:25<17:54, 13.81it/s]
 19%|█▉        | 3571/18408 [04:25<17:45, 13.92it/s]
 19%|█▉        | 3573/18408 [04:25<18:02, 13.71it/s]
 19%|█▉        | 3575/18408 [04:25<17:19, 14.27it/s]
 19%|█▉        | 3577/18408 [04:25<16:59, 14.55it/s]
 19%|█▉        | 3579/18408 [04:25<16:56, 14.59it/s]
 19%|█▉        | 3581/18408 [04:26<17:16, 14.31it/s]
 19%|█▉        | 3583/18408 [04:26<16:52, 14.64it/s]
 19%|█▉        | 3585/18408 [04:26<16:50, 14.68it/s]
 19%|█▉        | 3587/18408 [04:26<16:41, 14.80it/s]
 19%|█▉        | 3589/18408 [04:26<16:23, 15.07it/s]
 20%|█▉        | 3591/18408 [04:26<16:30, 14.96it/s]
 20%|█▉        | 3593/18408 [04:26<16:22, 15.07it/s]
 20%|█▉        | 3595/18408 [04:26<16:32, 14.92it/s]
 20%|█▉        | 3597/18408 [04:27<17:28, 14.13it/s]
 20%|█▉        | 3599/18408 [04:27<17:00, 14.51it/s]
                                                    
{'loss': '0.6824', 'grad_norm': '3.228', 'learning_rate': '1.618e-05', 'epoch': '0.5867'}

 20%|█▉        | 3600/18408 [04:27<17:00, 14.51it/s]
 20%|█▉        | 3601/18408 [04:27<17:03, 14.47it/s]
 20%|█▉        | 3603/18408 [04:27<17:33, 14.05it/s]
 20%|█▉        | 3605/18408 [04:27<17:09, 14.38it/s]
 20%|█▉        | 3607/18408 [04:27<16:42, 14.77it/s]
 20%|█▉        | 3609/18408 [04:27<16:34, 14.88it/s]
 20%|█▉        | 3611/18408 [04:28<16:45, 14.72it/s]
 20%|█▉        | 3613/18408 [04:28<16:37, 14.83it/s]
 20%|█▉        | 3615/18408 [04:28<16:31, 14.93it/s]
 20%|█▉        | 3617/18408 [04:28<17:04, 14.44it/s]
 20%|█▉        | 3619/18408 [04:28<16:59, 14.51it/s]
 20%|█▉        | 3621/18408 [04:28<16:50, 14.63it/s]
 20%|█▉        | 3623/18408 [04:28<18:30, 13.31it/s]
 20%|█▉        | 3625/18408 [04:29<18:22, 13.41it/s]
 20%|█▉        | 3627/18408 [04:29<19:22, 12.71it/s]
 20%|█▉        | 3629/18408 [04:29<19:47, 12.45it/s]
 20%|█▉        | 3631/18408 [04:29<18:53, 13.04it/s]
 20%|█▉        | 3633/18408 [04:29<18:15, 13.48it/s]
 20%|█▉        | 3635/18408 [04:29<18:07, 13.59it/s]
 20%|█▉        | 3637/18408 [04:29<17:25, 14.13it/s]
 20%|█▉        | 3639/18408 [04:30<17:34, 14.00it/s]
 20%|█▉        | 3641/18408 [04:30<17:03, 14.43it/s]
 20%|█▉        | 3643/18408 [04:30<17:58, 13.68it/s]
 20%|█▉        | 3645/18408 [04:30<17:34, 14.00it/s]
 20%|█▉        | 3647/18408 [04:30<16:57, 14.50it/s]
 20%|█▉        | 3649/18408 [04:30<16:33, 14.85it/s]
                                                    
{'loss': '0.6833', 'grad_norm': '3.046', 'learning_rate': '1.612e-05', 'epoch': '0.5949'}

 20%|█▉        | 3650/18408 [04:30<16:33, 14.85it/s]
 20%|█▉        | 3651/18408 [04:30<16:17, 15.09it/s]
 20%|█▉        | 3653/18408 [04:31<16:04, 15.30it/s]
 20%|█▉        | 3655/18408 [04:31<16:12, 15.17it/s]
 20%|█▉        | 3657/18408 [04:31<16:01, 15.34it/s]
 20%|█▉        | 3659/18408 [04:31<16:05, 15.28it/s]
 20%|█▉        | 3661/18408 [04:31<15:57, 15.41it/s]
 20%|█▉        | 3663/18408 [04:31<15:51, 15.50it/s]
 20%|█▉        | 3665/18408 [04:31<15:56, 15.42it/s]
 20%|█▉        | 3667/18408 [04:31<16:11, 15.17it/s]
 20%|█▉        | 3669/18408 [04:32<16:05, 15.26it/s]
 20%|█▉        | 3671/18408 [04:32<16:06, 15.25it/s]
 20%|█▉        | 3673/18408 [04:32<16:02, 15.31it/s]
 20%|█▉        | 3675/18408 [04:32<16:31, 14.86it/s]
 20%|█▉        | 3677/18408 [04:32<16:36, 14.78it/s]
 20%|█▉        | 3679/18408 [04:32<16:59, 14.44it/s]
 20%|█▉        | 3681/18408 [04:32<16:51, 14.56it/s]
 20%|██        | 3683/18408 [04:33<17:47, 13.80it/s]
 20%|██        | 3685/18408 [04:33<17:11, 14.28it/s]
 20%|██        | 3687/18408 [04:33<17:17, 14.19it/s]
 20%|██        | 3689/18408 [04:33<17:33, 13.97it/s]
 20%|██        | 3691/18408 [04:33<17:08, 14.31it/s]
 20%|██        | 3693/18408 [04:33<17:06, 14.34it/s]
 20%|██        | 3695/18408 [04:33<16:52, 14.53it/s]
 20%|██        | 3697/18408 [04:34<17:24, 14.09it/s]
 20%|██        | 3699/18408 [04:34<16:57, 14.46it/s]
                                                    
{'loss': '0.6754', 'grad_norm': '3.932', 'learning_rate': '1.607e-05', 'epoch': '0.603'}

 20%|██        | 3700/18408 [04:34<16:57, 14.46it/s]
 20%|██        | 3701/18408 [04:34<16:40, 14.70it/s]
 20%|██        | 3703/18408 [04:34<17:20, 14.14it/s]
 20%|██        | 3705/18408 [04:34<17:45, 13.80it/s]
 20%|██        | 3707/18408 [04:34<17:12, 14.23it/s]
 20%|██        | 3709/18408 [04:34<17:00, 14.40it/s]
 20%|██        | 3711/18408 [04:35<17:09, 14.27it/s]
 20%|██        | 3713/18408 [04:35<16:40, 14.68it/s]
 20%|██        | 3715/18408 [04:35<16:22, 14.96it/s]
 20%|██        | 3717/18408 [04:35<16:31, 14.81it/s]
 20%|██        | 3719/18408 [04:35<16:42, 14.66it/s]
 20%|██        | 3721/18408 [04:35<16:51, 14.52it/s]
 20%|██        | 3723/18408 [04:35<17:24, 14.06it/s]
 20%|██        | 3725/18408 [04:36<17:03, 14.35it/s]
 20%|██        | 3727/18408 [04:36<16:40, 14.67it/s]
 20%|██        | 3729/18408 [04:36<16:29, 14.83it/s]
 20%|██        | 3731/18408 [04:36<16:25, 14.90it/s]
 20%|██        | 3733/18408 [04:36<17:07, 14.28it/s]
 20%|██        | 3735/18408 [04:36<16:55, 14.45it/s]
 20%|██        | 3737/18408 [04:36<16:45, 14.60it/s]
 20%|██        | 3739/18408 [04:36<16:21, 14.95it/s]
 20%|██        | 3741/18408 [04:37<16:17, 15.00it/s]
 20%|██        | 3743/18408 [04:37<16:45, 14.59it/s]
 20%|██        | 3745/18408 [04:37<16:49, 14.53it/s]
 20%|██        | 3747/18408 [04:37<16:23, 14.91it/s]
 20%|██        | 3749/18408 [04:37<16:32, 14.76it/s]
                                                    
{'loss': '0.6811', 'grad_norm': '4.679', 'learning_rate': '1.601e-05', 'epoch': '0.6111'}

 20%|██        | 3750/18408 [04:37<16:32, 14.76it/s]
 20%|██        | 3751/18408 [04:37<16:33, 14.76it/s]
 20%|██        | 3753/18408 [04:37<16:53, 14.47it/s]
 20%|██        | 3755/18408 [04:38<18:30, 13.20it/s]
 20%|██        | 3757/18408 [04:38<17:54, 13.64it/s]
 20%|██        | 3759/18408 [04:38<17:10, 14.22it/s]
 20%|██        | 3761/18408 [04:38<16:38, 14.67it/s]
 20%|██        | 3763/18408 [04:38<16:48, 14.53it/s]
 20%|██        | 3765/18408 [04:38<16:43, 14.59it/s]
 20%|██        | 3767/18408 [04:38<17:12, 14.18it/s]
 20%|██        | 3769/18408 [04:39<16:55, 14.41it/s]
 20%|██        | 3771/18408 [04:39<18:03, 13.50it/s]
 20%|██        | 3773/18408 [04:39<17:20, 14.07it/s]
 21%|██        | 3775/18408 [04:39<17:14, 14.14it/s]
 21%|██        | 3777/18408 [04:39<17:03, 14.30it/s]
 21%|██        | 3779/18408 [04:39<16:37, 14.66it/s]
 21%|██        | 3781/18408 [04:39<19:01, 12.82it/s]
 21%|██        | 3783/18408 [04:40<18:11, 13.40it/s]
 21%|██        | 3785/18408 [04:40<17:44, 13.73it/s]
 21%|██        | 3787/18408 [04:40<17:26, 13.97it/s]
 21%|██        | 3789/18408 [04:40<17:30, 13.91it/s]
 21%|██        | 3791/18408 [04:40<17:35, 13.84it/s]
 21%|██        | 3793/18408 [04:40<17:00, 14.33it/s]
 21%|██        | 3795/18408 [04:40<17:02, 14.28it/s]
 21%|██        | 3797/18408 [04:41<16:46, 14.52it/s]
 21%|██        | 3799/18408 [04:41<16:48, 14.48it/s]
                                                    
{'loss': '0.6838', 'grad_norm': '3.905', 'learning_rate': '1.596e-05', 'epoch': '0.6193'}

 21%|██        | 3800/18408 [04:41<16:48, 14.48it/s]
 21%|██        | 3801/18408 [04:41<16:59, 14.33it/s]
 21%|██        | 3803/18408 [04:41<16:35, 14.67it/s]
 21%|██        | 3805/18408 [04:41<17:08, 14.20it/s]
 21%|██        | 3807/18408 [04:41<17:37, 13.81it/s]
 21%|██        | 3809/18408 [04:41<17:00, 14.31it/s]
 21%|██        | 3811/18408 [04:42<16:30, 14.73it/s]
 21%|██        | 3813/18408 [04:42<16:13, 14.99it/s]
 21%|██        | 3815/18408 [04:42<16:51, 14.43it/s]
 21%|██        | 3817/18408 [04:42<16:39, 14.61it/s]
 21%|██        | 3819/18408 [04:42<16:56, 14.36it/s]
 21%|██        | 3821/18408 [04:42<16:26, 14.78it/s]
 21%|██        | 3823/18408 [04:42<16:06, 15.09it/s]
 21%|██        | 3825/18408 [04:42<16:16, 14.93it/s]
 21%|██        | 3827/18408 [04:43<16:47, 14.47it/s]
 21%|██        | 3829/18408 [04:43<16:18, 14.90it/s]
 21%|██        | 3831/18408 [04:43<17:01, 14.26it/s]
 21%|██        | 3833/18408 [04:43<16:43, 14.53it/s]
 21%|██        | 3835/18408 [04:43<16:43, 14.52it/s]
 21%|██        | 3837/18408 [04:43<16:19, 14.88it/s]
 21%|██        | 3839/18408 [04:43<16:08, 15.04it/s]
 21%|██        | 3841/18408 [04:44<16:12, 14.97it/s]
 21%|██        | 3843/18408 [04:44<16:00, 15.17it/s]
 21%|██        | 3845/18408 [04:44<15:55, 15.23it/s]
 21%|██        | 3847/18408 [04:44<16:49, 14.42it/s]
 21%|██        | 3849/18408 [04:44<16:23, 14.81it/s]
                                                    
{'loss': '0.6661', 'grad_norm': '3.395', 'learning_rate': '1.59e-05', 'epoch': '0.6274'}

 21%|██        | 3850/18408 [04:44<16:22, 14.81it/s]
 21%|██        | 3851/18408 [04:44<16:19, 14.86it/s]
 21%|██        | 3853/18408 [04:44<18:36, 13.04it/s]
 21%|██        | 3855/18408 [04:45<17:42, 13.70it/s]
 21%|██        | 3857/18408 [04:45<17:13, 14.08it/s]
 21%|██        | 3859/18408 [04:45<17:03, 14.22it/s]
 21%|██        | 3861/18408 [04:45<17:59, 13.48it/s]
 21%|██        | 3863/18408 [04:45<17:24, 13.93it/s]
 21%|██        | 3865/18408 [04:45<17:39, 13.73it/s]
 21%|██        | 3867/18408 [04:45<17:23, 13.93it/s]
 21%|██        | 3869/18408 [04:46<16:56, 14.30it/s]
 21%|██        | 3871/18408 [04:46<17:32, 13.81it/s]
 21%|██        | 3873/18408 [04:46<17:38, 13.73it/s]
 21%|██        | 3875/18408 [04:46<17:24, 13.92it/s]
 21%|██        | 3877/18408 [04:46<17:24, 13.91it/s]
 21%|██        | 3879/18408 [04:46<16:59, 14.25it/s]
 21%|██        | 3881/18408 [04:46<16:28, 14.70it/s]
 21%|██        | 3883/18408 [04:47<16:33, 14.63it/s]
 21%|██        | 3885/18408 [04:47<17:29, 13.84it/s]
 21%|██        | 3887/18408 [04:47<16:57, 14.27it/s]
 21%|██        | 3889/18408 [04:47<16:28, 14.68it/s]
 21%|██        | 3891/18408 [04:47<16:07, 15.01it/s]
 21%|██        | 3893/18408 [04:47<16:12, 14.93it/s]
 21%|██        | 3895/18408 [04:47<17:10, 14.09it/s]
 21%|██        | 3897/18408 [04:48<17:46, 13.61it/s]
 21%|██        | 3899/18408 [04:48<17:25, 13.88it/s]
                                                    
{'loss': '0.6759', 'grad_norm': '4.421', 'learning_rate': '1.585e-05', 'epoch': '0.6356'}

 21%|██        | 3900/18408 [04:48<17:25, 13.88it/s]
 21%|██        | 3901/18408 [04:48<16:49, 14.37it/s]
 21%|██        | 3903/18408 [04:48<17:16, 14.00it/s]
 21%|██        | 3905/18408 [04:48<16:52, 14.33it/s]
 21%|██        | 3907/18408 [04:48<16:24, 14.73it/s]
 21%|██        | 3909/18408 [04:48<17:36, 13.72it/s]
 21%|██        | 3911/18408 [04:49<17:45, 13.61it/s]
 21%|██▏       | 3913/18408 [04:49<17:16, 13.99it/s]
 21%|██▏       | 3915/18408 [04:49<16:41, 14.47it/s]
 21%|██▏       | 3917/18408 [04:49<16:19, 14.79it/s]
 21%|██▏       | 3919/18408 [04:49<17:47, 13.57it/s]
 21%|██▏       | 3921/18408 [04:49<17:31, 13.78it/s]
 21%|██▏       | 3923/18408 [04:49<17:27, 13.83it/s]
 21%|██▏       | 3925/18408 [04:50<16:47, 14.38it/s]
 21%|██▏       | 3927/18408 [04:50<17:14, 13.99it/s]
 21%|██▏       | 3929/18408 [04:50<16:57, 14.23it/s]
 21%|██▏       | 3931/18408 [04:50<17:03, 14.15it/s]
 21%|██▏       | 3933/18408 [04:50<17:17, 13.95it/s]
 21%|██▏       | 3935/18408 [04:50<17:06, 14.11it/s]
 21%|██▏       | 3937/18408 [04:50<17:22, 13.89it/s]
 21%|██▏       | 3939/18408 [04:51<17:18, 13.93it/s]
 21%|██▏       | 3941/18408 [04:51<16:56, 14.23it/s]
 21%|██▏       | 3943/18408 [04:51<16:23, 14.71it/s]
 21%|██▏       | 3945/18408 [04:51<17:00, 14.17it/s]
 21%|██▏       | 3947/18408 [04:51<16:44, 14.40it/s]
 21%|██▏       | 3949/18408 [04:51<17:04, 14.12it/s]
                                                    
{'loss': '0.6745', 'grad_norm': '3.563', 'learning_rate': '1.58e-05', 'epoch': '0.6437'}

 21%|██▏       | 3950/18408 [04:51<17:04, 14.12it/s]
 21%|██▏       | 3951/18408 [04:51<17:11, 14.01it/s]
 21%|██▏       | 3953/18408 [04:51<16:49, 14.32it/s]
 21%|██▏       | 3955/18408 [04:52<17:05, 14.09it/s]
 21%|██▏       | 3957/18408 [04:52<16:49, 14.32it/s]
 22%|██▏       | 3959/18408 [04:52<16:43, 14.40it/s]
 22%|██▏       | 3961/18408 [04:52<16:54, 14.24it/s]
 22%|██▏       | 3963/18408 [04:52<16:48, 14.32it/s]
 22%|██▏       | 3965/18408 [04:52<16:37, 14.47it/s]
 22%|██▏       | 3967/18408 [04:53<18:22, 13.09it/s]
 22%|██▏       | 3969/18408 [04:53<18:15, 13.18it/s]
 22%|██▏       | 3971/18408 [04:53<18:23, 13.08it/s]
 22%|██▏       | 3973/18408 [04:53<17:34, 13.69it/s]
 22%|██▏       | 3975/18408 [04:53<16:59, 14.16it/s]
 22%|██▏       | 3977/18408 [04:53<16:52, 14.26it/s]
 22%|██▏       | 3979/18408 [04:53<16:40, 14.42it/s]
 22%|██▏       | 3981/18408 [04:53<16:28, 14.60it/s]
 22%|██▏       | 3983/18408 [04:54<16:50, 14.27it/s]
 22%|██▏       | 3985/18408 [04:54<16:34, 14.50it/s]
 22%|██▏       | 3987/18408 [04:54<16:31, 14.54it/s]
 22%|██▏       | 3989/18408 [04:54<17:12, 13.97it/s]
 22%|██▏       | 3991/18408 [04:54<16:45, 14.34it/s]
 22%|██▏       | 3993/18408 [04:54<16:24, 14.65it/s]
 22%|██▏       | 3995/18408 [04:54<17:00, 14.12it/s]
 22%|██▏       | 3997/18408 [04:55<16:44, 14.34it/s]
 22%|██▏       | 3999/18408 [04:55<16:46, 14.32it/s]
                                                    
{'loss': '0.6739', 'grad_norm': '3.944', 'learning_rate': '1.574e-05', 'epoch': '0.6519'}

 22%|██▏       | 4000/18408 [04:55<16:46, 14.32it/s]

  0%|          | 0/39 [00:00<?, ?it/s][A

 31%|███       | 12/39 [00:00<00:00, 113.29it/s][A

 62%|██████▏   | 24/39 [00:00<00:00, 109.67it/s][A

 92%|█████████▏| 36/39 [00:00<00:00, 112.54it/s][A
                                                    

                                                
[A{'eval_loss': '0.6262', 'eval_accuracy': '0.7341', 'eval_precision': '0.7364', 'eval_recall': '0.7341', 'eval_f1_weighted': '0.7332', 'eval_f1_macro': '0.7332', 'eval_runtime': '0.7923', 'eval_samples_per_second': '3143', 'eval_steps_per_second': '49.23', 'epoch': '0.6519'}

 22%|██▏       | 4000/18408 [04:56<16:46, 14.32it/s]

100%|██████████| 39/39 [00:00<00:00, 112.54it/s][A

                                                [A

Writing model shards:   0%|          | 0/1 [00:00<?, ?it/s][A

Writing model shards: 100%|██████████| 1/1 [00:01<00:00,  1.25s/it][A
Writing model shards: 100%|██████████| 1/1 [00:01<00:00,  1.25s/it]

 22%|██▏       | 4001/18408 [04:57<1:38:32,  2.44it/s]
 22%|██▏       | 4003/18408 [04:57<1:13:17,  3.28it/s]
 22%|██▏       | 4005/18408 [04:57<56:12,  4.27it/s]  
 22%|██▏       | 4007/18408 [04:58<44:47,  5.36it/s]
 22%|██▏       | 4009/18408 [04:58<36:23,  6.60it/s]
 22%|██▏       | 4011/18408 [04:58<30:04,  7.98it/s]
 22%|██▏       | 4013/18408 [04:58<25:42,  9.33it/s]
 22%|██▏       | 4015/18408 [04:58<23:40, 10.13it/s]
 22%|██▏       | 4017/18408 [04:58<21:34, 11.12it/s]
 22%|██▏       | 4019/18408 [04:58<19:52, 12.07it/s]
 22%|██▏       | 4021/18408 [04:59<18:28, 12.98it/s]
 22%|██▏       | 4023/18408 [04:59<17:35, 13.62it/s]
 22%|██▏       | 4025/18408 [04:59<17:02, 14.06it/s]
 22%|██▏       | 4027/18408 [04:59<16:24, 14.61it/s]
 22%|██▏       | 4029/18408 [04:59<16:15, 14.74it/s]
 22%|██▏       | 4031/18408 [04:59<16:20, 14.66it/s]
 22%|██▏       | 4033/18408 [04:59<16:07, 14.85it/s]
 22%|██▏       | 4035/18408 [04:59<15:50, 15.13it/s]
 22%|██▏       | 4037/18408 [05:00<16:48, 14.25it/s]
 22%|██▏       | 4039/18408 [05:00<16:37, 14.40it/s]
 22%|██▏       | 4041/18408 [05:00<16:25, 14.57it/s]
 22%|██▏       | 4043/18408 [05:00<15:58, 14.98it/s]
 22%|██▏       | 4045/18408 [05:00<15:54, 15.05it/s]
 22%|██▏       | 4047/18408 [05:00<15:34, 15.37it/s]
 22%|██▏       | 4049/18408 [05:00<15:43, 15.21it/s]
                                                    
{'loss': '0.6682', 'grad_norm': '4.743', 'learning_rate': '1.569e-05', 'epoch': '0.66'}

 22%|██▏       | 4050/18408 [05:00<15:43, 15.21it/s]
 22%|██▏       | 4051/18408 [05:01<15:54, 15.04it/s]
 22%|██▏       | 4053/18408 [05:01<15:27, 15.47it/s]
 22%|██▏       | 4055/18408 [05:01<15:37, 15.32it/s]
 22%|██▏       | 4057/18408 [05:01<15:19, 15.60it/s]
 22%|██▏       | 4059/18408 [05:01<15:08, 15.80it/s]
 22%|██▏       | 4061/18408 [05:01<15:00, 15.92it/s]
 22%|██▏       | 4063/18408 [05:01<15:25, 15.50it/s]
 22%|██▏       | 4065/18408 [05:01<15:22, 15.54it/s]
 22%|██▏       | 4067/18408 [05:02<15:24, 15.51it/s]
 22%|██▏       | 4069/18408 [05:02<16:24, 14.56it/s]
 22%|██▏       | 4071/18408 [05:02<16:03, 14.89it/s]
 22%|██▏       | 4073/18408 [05:02<16:26, 14.54it/s]
 22%|██▏       | 4075/18408 [05:02<16:11, 14.76it/s]
 22%|██▏       | 4077/18408 [05:02<16:04, 14.85it/s]
 22%|██▏       | 4079/18408 [05:02<15:42, 15.20it/s]
 22%|██▏       | 4081/18408 [05:02<16:01, 14.90it/s]
 22%|██▏       | 4083/18408 [05:03<16:03, 14.87it/s]
 22%|██▏       | 4085/18408 [05:03<16:12, 14.73it/s]
 22%|██▏       | 4087/18408 [05:03<15:51, 15.05it/s]
 22%|██▏       | 4089/18408 [05:03<15:35, 15.31it/s]
 22%|██▏       | 4091/18408 [05:03<15:39, 15.23it/s]
 22%|██▏       | 4093/18408 [05:03<16:32, 14.43it/s]
 22%|██▏       | 4095/18408 [05:03<16:53, 14.13it/s]
 22%|██▏       | 4097/18408 [05:04<16:46, 14.22it/s]
 22%|██▏       | 4099/18408 [05:04<16:48, 14.19it/s]
                                                    
{'loss': '0.6492', 'grad_norm': '4.134', 'learning_rate': '1.563e-05', 'epoch': '0.6682'}

 22%|██▏       | 4100/18408 [05:04<16:48, 14.19it/s]
 22%|██▏       | 4101/18408 [05:04<16:47, 14.20it/s]
 22%|██▏       | 4103/18408 [05:04<17:12, 13.86it/s]
 22%|██▏       | 4105/18408 [05:04<16:55, 14.08it/s]
 22%|██▏       | 4107/18408 [05:04<16:30, 14.44it/s]
 22%|██▏       | 4109/18408 [05:04<16:12, 14.71it/s]
 22%|██▏       | 4111/18408 [05:05<17:41, 13.46it/s]
 22%|██▏       | 4113/18408 [05:05<17:11, 13.85it/s]
 22%|██▏       | 4115/18408 [05:05<17:24, 13.68it/s]
 22%|██▏       | 4117/18408 [05:05<17:14, 13.81it/s]
 22%|██▏       | 4119/18408 [05:05<17:45, 13.41it/s]
 22%|██▏       | 4121/18408 [05:05<17:25, 13.66it/s]
 22%|██▏       | 4123/18408 [05:05<17:03, 13.96it/s]
 22%|██▏       | 4125/18408 [05:06<16:52, 14.11it/s]
 22%|██▏       | 4127/18408 [05:06<16:31, 14.40it/s]
 22%|██▏       | 4129/18408 [05:06<17:34, 13.54it/s]
 22%|██▏       | 4131/18408 [05:06<17:04, 13.93it/s]
 22%|██▏       | 4133/18408 [05:06<16:34, 14.35it/s]
 22%|██▏       | 4135/18408 [05:06<16:17, 14.60it/s]
 22%|██▏       | 4137/18408 [05:06<15:52, 14.99it/s]
 22%|██▏       | 4139/18408 [05:07<16:53, 14.07it/s]
 22%|██▏       | 4141/18408 [05:07<18:12, 13.06it/s]
 23%|██▎       | 4143/18408 [05:07<17:33, 13.55it/s]
 23%|██▎       | 4145/18408 [05:07<17:01, 13.96it/s]
 23%|██▎       | 4147/18408 [05:07<16:46, 14.17it/s]
 23%|██▎       | 4149/18408 [05:07<16:28, 14.43it/s]
                                                    
{'loss': '0.6901', 'grad_norm': '3.772', 'learning_rate': '1.558e-05', 'epoch': '0.6763'}

 23%|██▎       | 4150/18408 [05:07<16:27, 14.43it/s]
 23%|██▎       | 4151/18408 [05:07<16:09, 14.70it/s]
 23%|██▎       | 4153/18408 [05:08<15:48, 15.03it/s]
 23%|██▎       | 4155/18408 [05:08<15:48, 15.03it/s]
 23%|██▎       | 4157/18408 [05:08<15:29, 15.33it/s]
 23%|██▎       | 4159/18408 [05:08<15:39, 15.16it/s]
 23%|██▎       | 4161/18408 [05:08<15:22, 15.44it/s]
 23%|██▎       | 4163/18408 [05:08<15:30, 15.30it/s]
 23%|██▎       | 4165/18408 [05:08<17:32, 13.54it/s]
 23%|██▎       | 4167/18408 [05:09<16:58, 13.99it/s]
 23%|██▎       | 4169/18408 [05:09<17:58, 13.20it/s]
 23%|██▎       | 4171/18408 [05:09<17:44, 13.38it/s]
 23%|██▎       | 4173/18408 [05:09<17:12, 13.78it/s]
 23%|██▎       | 4175/18408 [05:09<16:50, 14.09it/s]
 23%|██▎       | 4177/18408 [05:09<16:38, 14.25it/s]
 23%|██▎       | 4179/18408 [05:09<17:00, 13.95it/s]
 23%|██▎       | 4181/18408 [05:10<16:45, 14.14it/s]
 23%|██▎       | 4183/18408 [05:10<16:06, 14.72it/s]
 23%|██▎       | 4185/18408 [05:10<15:44, 15.06it/s]
 23%|██▎       | 4187/18408 [05:10<16:05, 14.73it/s]
 23%|██▎       | 4189/18408 [05:10<17:52, 13.26it/s]
 23%|██▎       | 4191/18408 [05:10<17:06, 13.85it/s]
 23%|██▎       | 4193/18408 [05:10<16:23, 14.46it/s]
 23%|██▎       | 4195/18408 [05:10<16:16, 14.56it/s]
 23%|██▎       | 4197/18408 [05:11<15:44, 15.05it/s]
 23%|██▎       | 4199/18408 [05:11<15:50, 14.94it/s]
                                                    
{'loss': '0.6739', 'grad_norm': '3.823', 'learning_rate': '1.552e-05', 'epoch': '0.6845'}

 23%|██▎       | 4200/18408 [05:11<15:50, 14.94it/s]
 23%|██▎       | 4201/18408 [05:11<16:02, 14.77it/s]
 23%|██▎       | 4203/18408 [05:11<15:46, 15.01it/s]
 23%|██▎       | 4205/18408 [05:11<15:42, 15.07it/s]
 23%|██▎       | 4207/18408 [05:11<15:40, 15.11it/s]
 23%|██▎       | 4209/18408 [05:11<15:42, 15.06it/s]
 23%|██▎       | 4211/18408 [05:12<17:49, 13.27it/s]
 23%|██▎       | 4213/18408 [05:12<17:42, 13.36it/s]
 23%|██▎       | 4215/18408 [05:12<17:52, 13.24it/s]
 23%|██▎       | 4217/18408 [05:12<17:00, 13.91it/s]
 23%|██▎       | 4219/18408 [05:12<16:52, 14.01it/s]
 23%|██▎       | 4221/18408 [05:12<16:14, 14.55it/s]
 23%|██▎       | 4223/18408 [05:12<16:32, 14.29it/s]
 23%|██▎       | 4225/18408 [05:13<16:15, 14.54it/s]
 23%|██▎       | 4227/18408 [05:13<16:38, 14.21it/s]
 23%|██▎       | 4229/18408 [05:13<16:09, 14.63it/s]
 23%|██▎       | 4231/18408 [05:13<16:24, 14.41it/s]
 23%|██▎       | 4233/18408 [05:13<16:26, 14.37it/s]
 23%|██▎       | 4235/18408 [05:13<16:13, 14.56it/s]
 23%|██▎       | 4237/18408 [05:13<16:17, 14.50it/s]
 23%|██▎       | 4239/18408 [05:14<18:00, 13.11it/s]
 23%|██▎       | 4241/18408 [05:14<18:26, 12.80it/s]
 23%|██▎       | 4243/18408 [05:14<17:20, 13.61it/s]
 23%|██▎       | 4245/18408 [05:14<17:09, 13.75it/s]
 23%|██▎       | 4247/18408 [05:14<17:13, 13.71it/s]
 23%|██▎       | 4249/18408 [05:14<16:58, 13.90it/s]
                                                    
{'loss': '0.6724', 'grad_norm': '4.232', 'learning_rate': '1.547e-05', 'epoch': '0.6926'}

 23%|██▎       | 4250/18408 [05:14<16:58, 13.90it/s]
 23%|██▎       | 4251/18408 [05:14<17:26, 13.52it/s]
 23%|██▎       | 4253/18408 [05:15<16:42, 14.12it/s]
 23%|██▎       | 4255/18408 [05:15<17:01, 13.85it/s]
 23%|██▎       | 4257/18408 [05:15<16:32, 14.26it/s]
 23%|██▎       | 4259/18408 [05:15<16:00, 14.73it/s]
 23%|██▎       | 4261/18408 [05:15<15:48, 14.91it/s]
 23%|██▎       | 4263/18408 [05:15<15:36, 15.11it/s]
 23%|██▎       | 4265/18408 [05:15<15:56, 14.78it/s]
 23%|██▎       | 4267/18408 [05:16<15:35, 15.11it/s]
 23%|██▎       | 4269/18408 [05:16<15:44, 14.97it/s]
 23%|██▎       | 4271/18408 [05:16<16:01, 14.70it/s]
 23%|██▎       | 4273/18408 [05:16<15:43, 14.97it/s]
 23%|██▎       | 4275/18408 [05:16<15:21, 15.34it/s]
 23%|██▎       | 4277/18408 [05:16<16:18, 14.44it/s]
 23%|██▎       | 4279/18408 [05:16<16:35, 14.19it/s]
 23%|██▎       | 4281/18408 [05:16<16:00, 14.71it/s]
 23%|██▎       | 4283/18408 [05:17<16:10, 14.55it/s]
 23%|██▎       | 4285/18408 [05:17<15:49, 14.87it/s]
 23%|██▎       | 4287/18408 [05:17<15:35, 15.10it/s]
 23%|██▎       | 4289/18408 [05:17<15:37, 15.06it/s]
 23%|██▎       | 4291/18408 [05:17<15:27, 15.22it/s]
 23%|██▎       | 4293/18408 [05:17<15:19, 15.36it/s]
 23%|██▎       | 4295/18408 [05:17<15:14, 15.44it/s]
 23%|██▎       | 4297/18408 [05:18<15:33, 15.11it/s]
 23%|██▎       | 4299/18408 [05:18<15:46, 14.90it/s]
                                                    
{'loss': '0.6712', 'grad_norm': '2.674', 'learning_rate': '1.541e-05', 'epoch': '0.7008'}

 23%|██▎       | 4300/18408 [05:18<15:46, 14.90it/s]
 23%|██▎       | 4301/18408 [05:18<15:55, 14.77it/s]
 23%|██▎       | 4303/18408 [05:18<15:47, 14.89it/s]
 23%|██▎       | 4305/18408 [05:18<17:06, 13.74it/s]
 23%|██▎       | 4307/18408 [05:18<16:49, 13.97it/s]
 23%|██▎       | 4309/18408 [05:18<16:13, 14.48it/s]
 23%|██▎       | 4311/18408 [05:19<16:17, 14.42it/s]
 23%|██▎       | 4313/18408 [05:19<15:56, 14.73it/s]
 23%|██▎       | 4315/18408 [05:19<16:20, 14.37it/s]
 23%|██▎       | 4317/18408 [05:19<16:40, 14.08it/s]
 23%|██▎       | 4319/18408 [05:19<16:56, 13.85it/s]
 23%|██▎       | 4321/18408 [05:19<17:07, 13.71it/s]
 23%|██▎       | 4323/18408 [05:19<17:05, 13.74it/s]
 23%|██▎       | 4325/18408 [05:20<16:28, 14.25it/s]
 24%|██▎       | 4327/18408 [05:20<16:25, 14.29it/s]
 24%|██▎       | 4329/18408 [05:20<16:32, 14.19it/s]
 24%|██▎       | 4331/18408 [05:20<16:28, 14.24it/s]
 24%|██▎       | 4333/18408 [05:20<16:15, 14.42it/s]
 24%|██▎       | 4335/18408 [05:20<16:00, 14.65it/s]
 24%|██▎       | 4337/18408 [05:20<17:01, 13.77it/s]
 24%|██▎       | 4339/18408 [05:21<16:22, 14.32it/s]
 24%|██▎       | 4341/18408 [05:21<17:44, 13.21it/s]
 24%|██▎       | 4343/18408 [05:21<17:23, 13.48it/s]
 24%|██▎       | 4345/18408 [05:21<18:01, 13.01it/s]
 24%|██▎       | 4347/18408 [05:21<17:04, 13.73it/s]
 24%|██▎       | 4349/18408 [05:21<17:17, 13.55it/s]
                                                    
{'loss': '0.655', 'grad_norm': '4.402', 'learning_rate': '1.536e-05', 'epoch': '0.7089'}

 24%|██▎       | 4350/18408 [05:21<17:17, 13.55it/s]
 24%|██▎       | 4351/18408 [05:21<17:18, 13.53it/s]
 24%|██▎       | 4353/18408 [05:22<18:35, 12.60it/s]
 24%|██▎       | 4355/18408 [05:22<17:46, 13.18it/s]
 24%|██▎       | 4357/18408 [05:22<17:09, 13.65it/s]
 24%|██▎       | 4359/18408 [05:22<17:02, 13.74it/s]
 24%|██▎       | 4361/18408 [05:22<16:32, 14.16it/s]
 24%|██▎       | 4363/18408 [05:22<16:14, 14.41it/s]
 24%|██▎       | 4365/18408 [05:22<17:03, 13.72it/s]
 24%|██▎       | 4367/18408 [05:23<16:42, 14.00it/s]
 24%|██▎       | 4369/18408 [05:23<16:34, 14.12it/s]
 24%|██▎       | 4371/18408 [05:23<16:03, 14.58it/s]
 24%|██▍       | 4373/18408 [05:23<16:00, 14.61it/s]
 24%|██▍       | 4375/18408 [05:23<15:37, 14.96it/s]
 24%|██▍       | 4377/18408 [05:23<16:29, 14.18it/s]
 24%|██▍       | 4379/18408 [05:23<15:59, 14.62it/s]
 24%|██▍       | 4381/18408 [05:24<16:24, 14.25it/s]
 24%|██▍       | 4383/18408 [05:24<15:53, 14.70it/s]
 24%|██▍       | 4385/18408 [05:24<17:47, 13.14it/s]
 24%|██▍       | 4387/18408 [05:24<16:58, 13.77it/s]
 24%|██▍       | 4389/18408 [05:24<16:27, 14.20it/s]
 24%|██▍       | 4391/18408 [05:24<16:15, 14.36it/s]
 24%|██▍       | 4393/18408 [05:24<15:59, 14.61it/s]
 24%|██▍       | 4395/18408 [05:25<17:16, 13.52it/s]
 24%|██▍       | 4397/18408 [05:25<16:55, 13.80it/s]
 24%|██▍       | 4399/18408 [05:25<16:16, 14.35it/s]
                                                    
{'loss': '0.6723', 'grad_norm': '5.574', 'learning_rate': '1.53e-05', 'epoch': '0.7171'}

 24%|██▍       | 4400/18408 [05:25<16:15, 14.35it/s]
 24%|██▍       | 4401/18408 [05:25<16:02, 14.56it/s]
 24%|██▍       | 4403/18408 [05:25<16:24, 14.22it/s]
 24%|██▍       | 4405/18408 [05:25<16:21, 14.26it/s]
 24%|██▍       | 4407/18408 [05:25<16:34, 14.08it/s]
 24%|██▍       | 4409/18408 [05:26<16:24, 14.22it/s]
 24%|██▍       | 4411/18408 [05:26<16:43, 13.94it/s]
 24%|██▍       | 4413/18408 [05:26<16:43, 13.95it/s]
 24%|██▍       | 4415/18408 [05:26<15:58, 14.59it/s]
 24%|██▍       | 4417/18408 [05:26<16:24, 14.22it/s]
 24%|██▍       | 4419/18408 [05:26<16:08, 14.44it/s]
 24%|██▍       | 4421/18408 [05:26<15:58, 14.59it/s]
 24%|██▍       | 4423/18408 [05:26<15:49, 14.73it/s]
 24%|██▍       | 4425/18408 [05:27<15:33, 14.97it/s]
 24%|██▍       | 4427/18408 [05:27<15:54, 14.65it/s]
 24%|██▍       | 4429/18408 [05:27<16:11, 14.39it/s]
 24%|██▍       | 4431/18408 [05:27<16:10, 14.40it/s]
 24%|██▍       | 4433/18408 [05:27<15:58, 14.58it/s]
 24%|██▍       | 4435/18408 [05:27<15:44, 14.79it/s]
 24%|██▍       | 4437/18408 [05:27<15:35, 14.93it/s]
 24%|██▍       | 4439/18408 [05:28<15:17, 15.23it/s]
 24%|██▍       | 4441/18408 [05:28<15:01, 15.49it/s]
 24%|██▍       | 4443/18408 [05:28<15:16, 15.24it/s]
 24%|██▍       | 4445/18408 [05:28<14:58, 15.54it/s]
 24%|██▍       | 4447/18408 [05:28<16:51, 13.80it/s]
 24%|██▍       | 4449/18408 [05:28<16:13, 14.34it/s]
                                                    
{'loss': '0.6799', 'grad_norm': '2.987', 'learning_rate': '1.525e-05', 'epoch': '0.7252'}

 24%|██▍       | 4450/18408 [05:28<16:13, 14.34it/s]
 24%|██▍       | 4451/18408 [05:28<15:43, 14.79it/s]
 24%|██▍       | 4453/18408 [05:29<15:36, 14.90it/s]
 24%|██▍       | 4455/18408 [05:29<15:30, 15.00it/s]
 24%|██▍       | 4457/18408 [05:29<15:15, 15.25it/s]
 24%|██▍       | 4459/18408 [05:29<15:52, 14.65it/s]
 24%|██▍       | 4461/18408 [05:29<15:45, 14.75it/s]
 24%|██▍       | 4463/18408 [05:29<15:19, 15.17it/s]
 24%|██▍       | 4465/18408 [05:29<15:04, 15.42it/s]
 24%|██▍       | 4467/18408 [05:29<14:53, 15.60it/s]
 24%|██▍       | 4469/18408 [05:30<15:07, 15.36it/s]
 24%|██▍       | 4471/18408 [05:30<15:14, 15.25it/s]
 24%|██▍       | 4473/18408 [05:30<16:07, 14.41it/s]
 24%|██▍       | 4475/18408 [05:30<16:31, 14.05it/s]
 24%|██▍       | 4477/18408 [05:30<16:07, 14.39it/s]
 24%|██▍       | 4479/18408 [05:30<15:34, 14.91it/s]
 24%|██▍       | 4481/18408 [05:30<15:30, 14.96it/s]
 24%|██▍       | 4483/18408 [05:31<15:28, 14.99it/s]
 24%|██▍       | 4485/18408 [05:31<15:12, 15.26it/s]
 24%|██▍       | 4487/18408 [05:31<14:56, 15.53it/s]
 24%|██▍       | 4489/18408 [05:31<15:11, 15.27it/s]
 24%|██▍       | 4491/18408 [05:31<15:37, 14.84it/s]
 24%|██▍       | 4493/18408 [05:31<16:01, 14.47it/s]
 24%|██▍       | 4495/18408 [05:31<15:59, 14.50it/s]
 24%|██▍       | 4497/18408 [05:31<15:33, 14.90it/s]
 24%|██▍       | 4499/18408 [05:32<15:38, 14.82it/s]
                                                    
{'loss': '0.6773', 'grad_norm': '4.794', 'learning_rate': '1.519e-05', 'epoch': '0.7334'}

 24%|██▍       | 4500/18408 [05:32<15:38, 14.82it/s]

  0%|          | 0/39 [00:00<?, ?it/s][A

 31%|███       | 12/39 [00:00<00:00, 114.26it/s][A

 62%|██████▏   | 24/39 [00:00<00:00, 111.84it/s][A

 92%|█████████▏| 36/39 [00:00<00:00, 113.82it/s][A
                                                    

                                                
[A{'eval_loss': '0.6047', 'eval_accuracy': '0.753', 'eval_precision': '0.7535', 'eval_recall': '0.753', 'eval_f1_weighted': '0.7532', 'eval_f1_macro': '0.7532', 'eval_runtime': '0.7961', 'eval_samples_per_second': '3128', 'eval_steps_per_second': '48.99', 'epoch': '0.7334'}

 24%|██▍       | 4500/18408 [05:32<15:38, 14.82it/s]

100%|██████████| 39/39 [00:00<00:00, 113.82it/s][A

                                                [A

Writing model shards:   0%|          | 0/1 [00:00<?, ?it/s][A

Writing model shards: 100%|██████████| 1/1 [00:01<00:00,  1.22s/it][A
Writing model shards: 100%|██████████| 1/1 [00:01<00:00,  1.22s/it]

 24%|██▍       | 4501/18408 [05:34<1:33:58,  2.47it/s]
 24%|██▍       | 4503/18408 [05:34<1:10:55,  3.27it/s]
 24%|██▍       | 4505/18408 [05:34<55:33,  4.17it/s]  
 24%|██▍       | 4507/18408 [05:34<43:15,  5.36it/s]
 24%|██▍       | 4509/18408 [05:35<35:01,  6.62it/s]
 25%|██▍       | 4511/18408 [05:35<29:32,  7.84it/s]
 25%|██▍       | 4513/18408 [05:35<25:16,  9.16it/s]
 25%|██▍       | 4515/18408 [05:35<22:13, 10.42it/s]
 25%|██▍       | 4517/18408 [05:35<20:33, 11.26it/s]
 25%|██▍       | 4519/18408 [05:35<18:55, 12.23it/s]
 25%|██▍       | 4521/18408 [05:35<18:10, 12.74it/s]
 25%|██▍       | 4523/18408 [05:36<17:32, 13.19it/s]
 25%|██▍       | 4525/18408 [05:36<16:49, 13.76it/s]
 25%|██▍       | 4527/18408 [05:36<16:02, 14.43it/s]
 25%|██▍       | 4529/18408 [05:36<16:24, 14.09it/s]
 25%|██▍       | 4531/18408 [05:36<15:45, 14.67it/s]
 25%|██▍       | 4533/18408 [05:36<15:25, 14.99it/s]
 25%|██▍       | 4535/18408 [05:36<15:27, 14.96it/s]
 25%|██▍       | 4537/18408 [05:36<15:28, 14.94it/s]
 25%|██▍       | 4539/18408 [05:37<15:18, 15.09it/s]
 25%|██▍       | 4541/18408 [05:37<15:53, 14.54it/s]
 25%|██▍       | 4543/18408 [05:37<15:59, 14.46it/s]
 25%|██▍       | 4545/18408 [05:37<16:01, 14.42it/s]
 25%|██▍       | 4547/18408 [05:37<16:20, 14.14it/s]
 25%|██▍       | 4549/18408 [05:37<16:13, 14.23it/s]
                                                    
{'loss': '0.6627', 'grad_norm': '3.146', 'learning_rate': '1.514e-05', 'epoch': '0.7415'}

 25%|██▍       | 4550/18408 [05:37<16:13, 14.23it/s]
 25%|██▍       | 4551/18408 [05:37<15:57, 14.48it/s]
 25%|██▍       | 4553/18408 [05:38<15:51, 14.57it/s]
 25%|██▍       | 4555/18408 [05:38<15:47, 14.62it/s]
 25%|██▍       | 4557/18408 [05:38<15:42, 14.70it/s]
 25%|██▍       | 4559/18408 [05:38<15:40, 14.72it/s]
 25%|██▍       | 4561/18408 [05:38<15:43, 14.67it/s]
 25%|██▍       | 4563/18408 [05:38<15:32, 14.85it/s]
 25%|██▍       | 4565/18408 [05:38<15:27, 14.92it/s]
 25%|██▍       | 4567/18408 [05:39<15:44, 14.66it/s]
 25%|██▍       | 4569/18408 [05:39<15:46, 14.62it/s]
 25%|██▍       | 4571/18408 [05:39<15:46, 14.62it/s]
 25%|██▍       | 4573/18408 [05:39<16:15, 14.19it/s]
 25%|██▍       | 4575/18408 [05:39<16:37, 13.87it/s]
 25%|██▍       | 4577/18408 [05:39<16:12, 14.22it/s]
 25%|██▍       | 4579/18408 [05:39<15:56, 14.45it/s]
 25%|██▍       | 4581/18408 [05:39<15:45, 14.62it/s]
 25%|██▍       | 4583/18408 [05:40<15:51, 14.53it/s]
 25%|██▍       | 4585/18408 [05:40<15:49, 14.57it/s]
 25%|██▍       | 4587/18408 [05:40<15:40, 14.70it/s]
 25%|██▍       | 4589/18408 [05:40<16:16, 14.15it/s]
 25%|██▍       | 4591/18408 [05:40<16:56, 13.60it/s]
 25%|██▍       | 4593/18408 [05:40<17:07, 13.44it/s]
 25%|██▍       | 4595/18408 [05:41<16:45, 13.74it/s]
 25%|██▍       | 4597/18408 [05:41<16:52, 13.64it/s]
 25%|██▍       | 4599/18408 [05:41<16:22, 14.05it/s]
                                                    
{'loss': '0.6791', 'grad_norm': '3.54', 'learning_rate': '1.509e-05', 'epoch': '0.7497'}

 25%|██▍       | 4600/18408 [05:41<16:22, 14.05it/s]
 25%|██▍       | 4601/18408 [05:41<17:04, 13.48it/s]
 25%|██▌       | 4603/18408 [05:41<17:08, 13.42it/s]
 25%|██▌       | 4605/18408 [05:41<16:44, 13.74it/s]
 25%|██▌       | 4607/18408 [05:41<16:51, 13.65it/s]
 25%|██▌       | 4609/18408 [05:42<16:32, 13.91it/s]
 25%|██▌       | 4611/18408 [05:42<16:22, 14.05it/s]
 25%|██▌       | 4613/18408 [05:42<15:59, 14.38it/s]
 25%|██▌       | 4615/18408 [05:42<16:24, 14.02it/s]
 25%|██▌       | 4617/18408 [05:42<16:07, 14.25it/s]
 25%|██▌       | 4619/18408 [05:42<15:54, 14.45it/s]
 25%|██▌       | 4621/18408 [05:42<15:42, 14.63it/s]
 25%|██▌       | 4623/18408 [05:42<15:56, 14.41it/s]
 25%|██▌       | 4625/18408 [05:43<15:49, 14.52it/s]
 25%|██▌       | 4627/18408 [05:43<15:46, 14.55it/s]
 25%|██▌       | 4629/18408 [05:43<15:34, 14.75it/s]
 25%|██▌       | 4631/18408 [05:43<15:56, 14.41it/s]
 25%|██▌       | 4633/18408 [05:43<16:07, 14.24it/s]
 25%|██▌       | 4635/18408 [05:43<15:56, 14.40it/s]
 25%|██▌       | 4637/18408 [05:43<16:36, 13.82it/s]
 25%|██▌       | 4639/18408 [05:44<16:21, 14.03it/s]
 25%|██▌       | 4641/18408 [05:44<16:06, 14.25it/s]
 25%|██▌       | 4643/18408 [05:44<16:00, 14.33it/s]
 25%|██▌       | 4645/18408 [05:44<16:25, 13.96it/s]
 25%|██▌       | 4647/18408 [05:44<16:24, 13.97it/s]
 25%|██▌       | 4649/18408 [05:44<16:10, 14.17it/s]
                                                    
{'loss': '0.6469', 'grad_norm': '3.799', 'learning_rate': '1.503e-05', 'epoch': '0.7578'}

 25%|██▌       | 4650/18408 [05:44<16:10, 14.17it/s]
 25%|██▌       | 4651/18408 [05:44<15:55, 14.39it/s]
 25%|██▌       | 4653/18408 [05:45<16:26, 13.95it/s]
 25%|██▌       | 4655/18408 [05:45<16:22, 14.00it/s]
 25%|██▌       | 4657/18408 [05:45<16:21, 14.01it/s]
 25%|██▌       | 4659/18408 [05:45<16:01, 14.30it/s]
 25%|██▌       | 4661/18408 [05:45<15:43, 14.58it/s]
 25%|██▌       | 4663/18408 [05:45<16:46, 13.66it/s]
 25%|██▌       | 4665/18408 [05:45<16:32, 13.85it/s]
 25%|██▌       | 4667/18408 [05:46<16:40, 13.73it/s]
 25%|██▌       | 4669/18408 [05:46<16:57, 13.50it/s]
 25%|██▌       | 4671/18408 [05:46<16:46, 13.65it/s]
 25%|██▌       | 4673/18408 [05:46<16:24, 13.95it/s]
 25%|██▌       | 4675/18408 [05:46<16:49, 13.60it/s]
 25%|██▌       | 4677/18408 [05:46<16:33, 13.82it/s]
 25%|██▌       | 4679/18408 [05:46<16:12, 14.12it/s]
 25%|██▌       | 4681/18408 [05:47<15:53, 14.40it/s]
 25%|██▌       | 4683/18408 [05:47<16:39, 13.73it/s]
 25%|██▌       | 4685/18408 [05:47<16:24, 13.94it/s]
 25%|██▌       | 4687/18408 [05:47<16:14, 14.08it/s]
 25%|██▌       | 4689/18408 [05:47<16:30, 13.85it/s]
 25%|██▌       | 4691/18408 [05:47<16:23, 13.95it/s]
 25%|██▌       | 4693/18408 [05:47<16:17, 14.03it/s]
 26%|██▌       | 4695/18408 [05:48<15:58, 14.30it/s]
 26%|██▌       | 4697/18408 [05:48<16:16, 14.05it/s]
 26%|██▌       | 4699/18408 [05:48<15:52, 14.39it/s]
                                                    
{'loss': '0.6853', 'grad_norm': '3.552', 'learning_rate': '1.498e-05', 'epoch': '0.766'}

 26%|██▌       | 4700/18408 [05:48<15:52, 14.39it/s]
 26%|██▌       | 4701/18408 [05:48<16:52, 13.54it/s]
 26%|██▌       | 4703/18408 [05:48<16:37, 13.73it/s]
 26%|██▌       | 4705/18408 [05:48<16:16, 14.03it/s]
 26%|██▌       | 4707/18408 [05:48<16:10, 14.12it/s]
 26%|██▌       | 4709/18408 [05:49<15:55, 14.33it/s]
 26%|██▌       | 4711/18408 [05:49<15:39, 14.58it/s]
 26%|██▌       | 4713/18408 [05:49<15:34, 14.66it/s]
 26%|██▌       | 4715/18408 [05:49<15:38, 14.58it/s]
 26%|██▌       | 4717/18408 [05:49<15:34, 14.65it/s]
 26%|██▌       | 4719/18408 [05:49<16:20, 13.97it/s]
 26%|██▌       | 4721/18408 [05:49<16:24, 13.90it/s]
 26%|██▌       | 4723/18408 [05:50<17:43, 12.86it/s]
 26%|██▌       | 4725/18408 [05:50<18:00, 12.67it/s]
 26%|██▌       | 4727/18408 [05:50<17:11, 13.27it/s]
 26%|██▌       | 4729/18408 [05:50<18:43, 12.18it/s]
 26%|██▌       | 4731/18408 [05:50<19:02, 11.97it/s]
 26%|██▌       | 4733/18408 [05:50<17:58, 12.69it/s]
 26%|██▌       | 4735/18408 [05:51<17:10, 13.27it/s]
 26%|██▌       | 4737/18408 [05:51<16:18, 13.97it/s]
 26%|██▌       | 4739/18408 [05:51<15:35, 14.61it/s]
 26%|██▌       | 4741/18408 [05:51<16:05, 14.15it/s]
 26%|██▌       | 4743/18408 [05:51<15:50, 14.38it/s]
 26%|██▌       | 4745/18408 [05:51<15:49, 14.38it/s]
 26%|██▌       | 4747/18408 [05:51<15:51, 14.36it/s]
 26%|██▌       | 4749/18408 [05:52<18:05, 12.59it/s]
                                                    
{'loss': '0.6668', 'grad_norm': '3.813', 'learning_rate': '1.492e-05', 'epoch': '0.7741'}

 26%|██▌       | 4750/18408 [05:52<18:04, 12.59it/s]
 26%|██▌       | 4751/18408 [05:52<17:11, 13.24it/s]
 26%|██▌       | 4753/18408 [05:52<17:17, 13.16it/s]
 26%|██▌       | 4755/18408 [05:52<17:49, 12.76it/s]
 26%|██▌       | 4757/18408 [05:52<17:04, 13.32it/s]
 26%|██▌       | 4759/18408 [05:52<16:35, 13.70it/s]
 26%|██▌       | 4761/18408 [05:52<16:05, 14.14it/s]
 26%|██▌       | 4763/18408 [05:53<15:59, 14.23it/s]
 26%|██▌       | 4765/18408 [05:53<16:22, 13.88it/s]
 26%|██▌       | 4767/18408 [05:53<16:15, 13.98it/s]
 26%|██▌       | 4769/18408 [05:53<15:56, 14.25it/s]
 26%|██▌       | 4771/18408 [05:53<16:01, 14.19it/s]
 26%|██▌       | 4773/18408 [05:53<16:28, 13.79it/s]
 26%|██▌       | 4775/18408 [05:53<16:33, 13.72it/s]
 26%|██▌       | 4777/18408 [05:54<16:10, 14.05it/s]
 26%|██▌       | 4779/18408 [05:54<17:17, 13.14it/s]
 26%|██▌       | 4781/18408 [05:54<16:45, 13.56it/s]
 26%|██▌       | 4783/18408 [05:54<16:43, 13.58it/s]
 26%|██▌       | 4785/18408 [05:54<16:56, 13.40it/s]
 26%|██▌       | 4787/18408 [05:54<16:35, 13.68it/s]
 26%|██▌       | 4789/18408 [05:54<16:29, 13.77it/s]
 26%|██▌       | 4791/18408 [05:55<16:15, 13.96it/s]
 26%|██▌       | 4793/18408 [05:55<16:22, 13.86it/s]
 26%|██▌       | 4795/18408 [05:55<16:12, 14.00it/s]
 26%|██▌       | 4797/18408 [05:55<15:51, 14.31it/s]
 26%|██▌       | 4799/18408 [05:55<15:44, 14.41it/s]
                                                    
{'loss': '0.6579', 'grad_norm': '4.058', 'learning_rate': '1.487e-05', 'epoch': '0.7823'}

 26%|██▌       | 4800/18408 [05:55<15:44, 14.41it/s]
 26%|██▌       | 4801/18408 [05:55<15:44, 14.41it/s]
 26%|██▌       | 4803/18408 [05:55<16:26, 13.79it/s]
 26%|██▌       | 4805/18408 [05:56<16:35, 13.66it/s]
 26%|██▌       | 4807/18408 [05:56<16:46, 13.51it/s]
 26%|██▌       | 4809/18408 [05:56<16:18, 13.90it/s]
 26%|██▌       | 4811/18408 [05:56<16:00, 14.15it/s]
 26%|██▌       | 4813/18408 [05:56<15:46, 14.36it/s]
 26%|██▌       | 4815/18408 [05:56<15:32, 14.57it/s]
 26%|██▌       | 4817/18408 [05:56<15:59, 14.17it/s]
 26%|██▌       | 4819/18408 [05:57<15:46, 14.35it/s]
 26%|██▌       | 4821/18408 [05:57<15:35, 14.52it/s]
 26%|██▌       | 4823/18408 [05:57<15:27, 14.64it/s]
 26%|██▌       | 4825/18408 [05:57<15:27, 14.64it/s]
 26%|██▌       | 4827/18408 [05:57<15:15, 14.83it/s]
 26%|██▌       | 4829/18408 [05:57<16:58, 13.33it/s]
 26%|██▌       | 4831/18408 [05:57<16:20, 13.85it/s]
 26%|██▋       | 4833/18408 [05:58<16:00, 14.13it/s]
 26%|██▋       | 4835/18408 [05:58<15:56, 14.19it/s]
 26%|██▋       | 4837/18408 [05:58<15:59, 14.14it/s]
 26%|██▋       | 4839/18408 [05:58<15:51, 14.26it/s]
 26%|██▋       | 4841/18408 [05:58<15:42, 14.39it/s]
 26%|██▋       | 4843/18408 [05:58<16:15, 13.91it/s]
 26%|██▋       | 4845/18408 [05:58<16:49, 13.44it/s]
 26%|██▋       | 4847/18408 [05:59<16:16, 13.89it/s]
 26%|██▋       | 4849/18408 [05:59<16:04, 14.06it/s]
                                                    
{'loss': '0.673', 'grad_norm': '3.174', 'learning_rate': '1.481e-05', 'epoch': '0.7904'}

 26%|██▋       | 4850/18408 [05:59<16:04, 14.06it/s]
 26%|██▋       | 4851/18408 [05:59<16:22, 13.80it/s]
 26%|██▋       | 4853/18408 [05:59<15:59, 14.13it/s]
 26%|██▋       | 4855/18408 [05:59<15:46, 14.32it/s]
 26%|██▋       | 4857/18408 [05:59<15:36, 14.46it/s]
 26%|██▋       | 4859/18408 [05:59<15:27, 14.61it/s]
 26%|██▋       | 4861/18408 [06:00<15:20, 14.71it/s]
 26%|██▋       | 4863/18408 [06:00<15:23, 14.66it/s]
 26%|██▋       | 4865/18408 [06:00<15:17, 14.76it/s]
 26%|██▋       | 4867/18408 [06:00<15:13, 14.83it/s]
 26%|██▋       | 4869/18408 [06:00<15:06, 14.94it/s]
 26%|██▋       | 4871/18408 [06:00<15:12, 14.83it/s]
 26%|██▋       | 4873/18408 [06:00<15:51, 14.22it/s]
 26%|██▋       | 4875/18408 [06:01<15:57, 14.14it/s]
 26%|██▋       | 4877/18408 [06:01<15:49, 14.25it/s]
 27%|██▋       | 4879/18408 [06:01<16:01, 14.08it/s]
 27%|██▋       | 4881/18408 [06:01<18:52, 11.94it/s]
 27%|██▋       | 4883/18408 [06:01<18:14, 12.35it/s]
 27%|██▋       | 4885/18408 [06:01<17:43, 12.71it/s]
 27%|██▋       | 4887/18408 [06:01<16:55, 13.31it/s]
 27%|██▋       | 4889/18408 [06:02<16:16, 13.84it/s]
 27%|██▋       | 4891/18408 [06:02<15:55, 14.14it/s]
 27%|██▋       | 4893/18408 [06:02<15:53, 14.17it/s]
 27%|██▋       | 4895/18408 [06:02<15:25, 14.61it/s]
 27%|██▋       | 4897/18408 [06:02<15:05, 14.92it/s]
 27%|██▋       | 4899/18408 [06:02<14:51, 15.15it/s]
                                                    
{'loss': '0.6815', 'grad_norm': '4.084', 'learning_rate': '1.476e-05', 'epoch': '0.7986'}

 27%|██▋       | 4900/18408 [06:02<14:51, 15.15it/s]
 27%|██▋       | 4901/18408 [06:02<14:53, 15.11it/s]
 27%|██▋       | 4903/18408 [06:03<15:01, 14.99it/s]
 27%|██▋       | 4905/18408 [06:03<15:02, 14.96it/s]
 27%|██▋       | 4907/18408 [06:03<14:55, 15.08it/s]
 27%|██▋       | 4909/18408 [06:03<14:44, 15.26it/s]
 27%|██▋       | 4911/18408 [06:03<15:09, 14.84it/s]
 27%|██▋       | 4913/18408 [06:03<15:24, 14.59it/s]
 27%|██▋       | 4915/18408 [06:03<15:05, 14.90it/s]
 27%|██▋       | 4917/18408 [06:03<15:02, 14.95it/s]
 27%|██▋       | 4919/18408 [06:04<14:47, 15.20it/s]
 27%|██▋       | 4921/18408 [06:04<14:48, 15.18it/s]
 27%|██▋       | 4923/18408 [06:04<14:54, 15.08it/s]
 27%|██▋       | 4925/18408 [06:04<15:59, 14.05it/s]
 27%|██▋       | 4927/18408 [06:04<16:43, 13.43it/s]
 27%|██▋       | 4929/18408 [06:04<16:03, 13.99it/s]
 27%|██▋       | 4931/18408 [06:04<15:55, 14.10it/s]
 27%|██▋       | 4933/18408 [06:05<15:35, 14.41it/s]
 27%|██▋       | 4935/18408 [06:05<15:38, 14.36it/s]
 27%|██▋       | 4937/18408 [06:05<16:32, 13.57it/s]
 27%|██▋       | 4939/18408 [06:05<16:57, 13.23it/s]
 27%|██▋       | 4941/18408 [06:05<16:07, 13.91it/s]
 27%|██▋       | 4943/18408 [06:05<15:47, 14.22it/s]
 27%|██▋       | 4945/18408 [06:05<15:43, 14.27it/s]
 27%|██▋       | 4947/18408 [06:06<15:31, 14.44it/s]
 27%|██▋       | 4949/18408 [06:06<16:39, 13.46it/s]
                                                    
{'loss': '0.664', 'grad_norm': '3.205', 'learning_rate': '1.47e-05', 'epoch': '0.8067'}

 27%|██▋       | 4950/18408 [06:06<16:39, 13.46it/s]
 27%|██▋       | 4951/18408 [06:06<15:58, 14.04it/s]
 27%|██▋       | 4953/18408 [06:06<15:28, 14.49it/s]
 27%|██▋       | 4955/18408 [06:06<15:19, 14.62it/s]
 27%|██▋       | 4957/18408 [06:06<15:12, 14.74it/s]
 27%|██▋       | 4959/18408 [06:06<14:57, 14.99it/s]
 27%|██▋       | 4961/18408 [06:07<15:47, 14.19it/s]
 27%|██▋       | 4963/18408 [06:07<15:31, 14.43it/s]
 27%|██▋       | 4965/18408 [06:07<15:08, 14.80it/s]
 27%|██▋       | 4967/18408 [06:07<14:53, 15.05it/s]
 27%|██▋       | 4969/18408 [06:07<14:44, 15.19it/s]
 27%|██▋       | 4971/18408 [06:07<14:40, 15.26it/s]
 27%|██▋       | 4973/18408 [06:07<15:06, 14.82it/s]
 27%|██▋       | 4975/18408 [06:07<15:11, 14.73it/s]
 27%|██▋       | 4977/18408 [06:08<15:15, 14.67it/s]
 27%|██▋       | 4979/18408 [06:08<14:56, 14.98it/s]
 27%|██▋       | 4981/18408 [06:08<15:08, 14.79it/s]
 27%|██▋       | 4983/18408 [06:08<15:50, 14.13it/s]
 27%|██▋       | 4985/18408 [06:08<15:31, 14.40it/s]
 27%|██▋       | 4987/18408 [06:08<15:28, 14.46it/s]
 27%|██▋       | 4989/18408 [06:08<15:46, 14.18it/s]
 27%|██▋       | 4991/18408 [06:09<15:34, 14.36it/s]
 27%|██▋       | 4993/18408 [06:09<15:18, 14.61it/s]
 27%|██▋       | 4995/18408 [06:09<16:46, 13.32it/s]
 27%|██▋       | 4997/18408 [06:09<16:11, 13.81it/s]
 27%|██▋       | 4999/18408 [06:09<16:18, 13.70it/s]
                                                    
{'loss': '0.6396', 'grad_norm': '2.776', 'learning_rate': '1.465e-05', 'epoch': '0.8149'}

 27%|██▋       | 5000/18408 [06:09<16:18, 13.70it/s]

  0%|          | 0/39 [00:00<?, ?it/s][A

 28%|██▊       | 11/39 [00:00<00:00, 107.75it/s][A

 56%|█████▋    | 22/39 [00:00<00:00, 108.15it/s][A

 87%|████████▋ | 34/39 [00:00<00:00, 112.06it/s][A
                                                    

                                                
[A{'eval_loss': '0.6033', 'eval_accuracy': '0.7434', 'eval_precision': '0.7457', 'eval_recall': '0.7434', 'eval_f1_weighted': '0.7431', 'eval_f1_macro': '0.7431', 'eval_runtime': '0.7965', 'eval_samples_per_second': '3126', 'eval_steps_per_second': '48.96', 'epoch': '0.8149'}

 27%|██▋       | 5000/18408 [06:10<16:18, 13.70it/s]

100%|██████████| 39/39 [00:00<00:00, 112.06it/s][A

                                                [A

Writing model shards:   0%|          | 0/1 [00:00<?, ?it/s][A

Writing model shards: 100%|██████████| 1/1 [00:01<00:00,  1.21s/it][A
Writing model shards: 100%|██████████| 1/1 [00:01<00:00,  1.21s/it]

 27%|██▋       | 5001/18408 [06:12<1:31:15,  2.45it/s]
 27%|██▋       | 5003/18408 [06:12<1:08:05,  3.28it/s]
 27%|██▋       | 5005/18408 [06:12<52:20,  4.27it/s]  
 27%|██▋       | 5007/18408 [06:12<41:14,  5.42it/s]
 27%|██▋       | 5009/18408 [06:12<33:56,  6.58it/s]
 27%|██▋       | 5011/18408 [06:12<28:23,  7.86it/s]
 27%|██▋       | 5013/18408 [06:12<24:32,  9.09it/s]
 27%|██▋       | 5015/18408 [06:13<22:58,  9.71it/s]
 27%|██▋       | 5017/18408 [06:13<20:34, 10.85it/s]
 27%|██▋       | 5019/18408 [06:13<18:53, 11.81it/s]
 27%|██▋       | 5021/18408 [06:13<17:32, 12.72it/s]
 27%|██▋       | 5023/18408 [06:13<16:32, 13.49it/s]
 27%|██▋       | 5025/18408 [06:13<16:15, 13.72it/s]
 27%|██▋       | 5027/18408 [06:13<16:18, 13.67it/s]
 27%|██▋       | 5029/18408 [06:14<15:40, 14.22it/s]
 27%|██▋       | 5031/18408 [06:14<15:26, 14.43it/s]
 27%|██▋       | 5033/18408 [06:14<15:19, 14.54it/s]
 27%|██▋       | 5035/18408 [06:14<15:23, 14.48it/s]
 27%|██▋       | 5037/18408 [06:14<15:06, 14.74it/s]
 27%|██▋       | 5039/18408 [06:14<15:10, 14.68it/s]
 27%|██▋       | 5041/18408 [06:14<15:08, 14.71it/s]
 27%|██▋       | 5043/18408 [06:14<15:38, 14.24it/s]
 27%|██▋       | 5045/18408 [06:15<15:26, 14.42it/s]
 27%|██▋       | 5047/18408 [06:15<15:13, 14.63it/s]
 27%|██▋       | 5049/18408 [06:15<14:52, 14.97it/s]
                                                    
{'loss': '0.6576', 'grad_norm': '3.238', 'learning_rate': '1.459e-05', 'epoch': '0.823'}

 27%|██▋       | 5050/18408 [06:15<14:52, 14.97it/s]
 27%|██▋       | 5051/18408 [06:15<15:28, 14.39it/s]
 27%|██▋       | 5053/18408 [06:15<15:07, 14.71it/s]
 27%|██▋       | 5055/18408 [06:15<15:50, 14.04it/s]
 27%|██▋       | 5057/18408 [06:15<15:36, 14.26it/s]
 27%|██▋       | 5059/18408 [06:16<16:04, 13.84it/s]
 27%|██▋       | 5061/18408 [06:16<16:19, 13.63it/s]
 28%|██▊       | 5063/18408 [06:16<15:49, 14.06it/s]
 28%|██▊       | 5065/18408 [06:16<15:39, 14.20it/s]
 28%|██▊       | 5067/18408 [06:16<15:12, 14.62it/s]
 28%|██▊       | 5069/18408 [06:16<15:03, 14.77it/s]
 28%|██▊       | 5071/18408 [06:16<14:47, 15.03it/s]
 28%|██▊       | 5073/18408 [06:17<14:50, 14.97it/s]
 28%|██▊       | 5075/18408 [06:17<15:00, 14.81it/s]
 28%|██▊       | 5077/18408 [06:17<15:01, 14.79it/s]
 28%|██▊       | 5079/18408 [06:17<15:00, 14.80it/s]
 28%|██▊       | 5081/18408 [06:17<15:42, 14.15it/s]
 28%|██▊       | 5083/18408 [06:17<16:43, 13.28it/s]
 28%|██▊       | 5085/18408 [06:17<16:09, 13.74it/s]
 28%|██▊       | 5087/18408 [06:18<16:09, 13.74it/s]
 28%|██▊       | 5089/18408 [06:18<15:31, 14.29it/s]
 28%|██▊       | 5091/18408 [06:18<15:17, 14.51it/s]
 28%|██▊       | 5093/18408 [06:18<15:05, 14.70it/s]
 28%|██▊       | 5095/18408 [06:18<15:18, 14.49it/s]
 28%|██▊       | 5097/18408 [06:18<15:19, 14.47it/s]
 28%|██▊       | 5099/18408 [06:18<14:58, 14.82it/s]
                                                    
{'loss': '0.6709', 'grad_norm': '2.711', 'learning_rate': '1.454e-05', 'epoch': '0.8312'}

 28%|██▊       | 5100/18408 [06:18<14:57, 14.82it/s]
 28%|██▊       | 5101/18408 [06:18<14:42, 15.07it/s]
 28%|██▊       | 5103/18408 [06:19<14:51, 14.92it/s]
 28%|██▊       | 5105/18408 [06:19<15:01, 14.75it/s]
 28%|██▊       | 5107/18408 [06:19<14:48, 14.97it/s]
 28%|██▊       | 5109/18408 [06:19<15:32, 14.26it/s]
 28%|██▊       | 5111/18408 [06:19<15:17, 14.49it/s]
 28%|██▊       | 5113/18408 [06:19<14:59, 14.78it/s]
 28%|██▊       | 5115/18408 [06:19<14:42, 15.06it/s]
 28%|██▊       | 5117/18408 [06:20<14:30, 15.27it/s]
 28%|██▊       | 5119/18408 [06:20<14:23, 15.39it/s]
 28%|██▊       | 5121/18408 [06:20<14:16, 15.52it/s]
 28%|██▊       | 5123/18408 [06:20<14:25, 15.34it/s]
 28%|██▊       | 5125/18408 [06:20<14:41, 15.08it/s]
 28%|██▊       | 5127/18408 [06:20<15:04, 14.68it/s]
 28%|██▊       | 5129/18408 [06:20<15:11, 14.57it/s]
 28%|██▊       | 5131/18408 [06:21<15:18, 14.46it/s]
 28%|██▊       | 5133/18408 [06:21<15:10, 14.58it/s]
 28%|██▊       | 5135/18408 [06:21<14:49, 14.92it/s]
 28%|██▊       | 5137/18408 [06:21<14:37, 15.12it/s]
 28%|██▊       | 5139/18408 [06:21<14:30, 15.25it/s]
 28%|██▊       | 5141/18408 [06:21<14:49, 14.92it/s]
 28%|██▊       | 5143/18408 [06:21<15:00, 14.73it/s]
 28%|██▊       | 5145/18408 [06:21<14:53, 14.84it/s]
 28%|██▊       | 5147/18408 [06:22<14:38, 15.10it/s]
 28%|██▊       | 5149/18408 [06:22<14:49, 14.91it/s]
                                                    
{'loss': '0.6476', 'grad_norm': '3.59', 'learning_rate': '1.448e-05', 'epoch': '0.8393'}

 28%|██▊       | 5150/18408 [06:22<14:48, 14.91it/s]
 28%|██▊       | 5151/18408 [06:22<14:42, 15.03it/s]
 28%|██▊       | 5153/18408 [06:22<15:48, 13.97it/s]
 28%|██▊       | 5155/18408 [06:22<15:26, 14.30it/s]
 28%|██▊       | 5157/18408 [06:22<15:16, 14.46it/s]
 28%|██▊       | 5159/18408 [06:22<15:15, 14.48it/s]
 28%|██▊       | 5161/18408 [06:23<15:23, 14.35it/s]
 28%|██▊       | 5163/18408 [06:23<15:48, 13.97it/s]
 28%|██▊       | 5165/18408 [06:23<15:28, 14.26it/s]
 28%|██▊       | 5167/18408 [06:23<16:33, 13.33it/s]
 28%|██▊       | 5169/18408 [06:23<16:49, 13.11it/s]
 28%|██▊       | 5171/18408 [06:23<15:59, 13.80it/s]
 28%|██▊       | 5173/18408 [06:23<16:45, 13.16it/s]
 28%|██▊       | 5175/18408 [06:24<16:07, 13.67it/s]
 28%|██▊       | 5177/18408 [06:24<15:55, 13.85it/s]
 28%|██▊       | 5179/18408 [06:24<16:09, 13.64it/s]
 28%|██▊       | 5181/18408 [06:24<15:40, 14.07it/s]
 28%|██▊       | 5183/18408 [06:24<15:31, 14.19it/s]
 28%|██▊       | 5185/18408 [06:24<15:27, 14.26it/s]
 28%|██▊       | 5187/18408 [06:24<15:12, 14.50it/s]
 28%|██▊       | 5189/18408 [06:25<15:29, 14.23it/s]
 28%|██▊       | 5191/18408 [06:25<15:19, 14.37it/s]
 28%|██▊       | 5193/18408 [06:25<14:55, 14.76it/s]
 28%|██▊       | 5195/18408 [06:25<14:40, 15.00it/s]
 28%|██▊       | 5197/18408 [06:25<14:35, 15.10it/s]
 28%|██▊       | 5199/18408 [06:25<14:29, 15.19it/s]
                                                    
{'loss': '0.6472', 'grad_norm': '3.482', 'learning_rate': '1.443e-05', 'epoch': '0.8475'}

 28%|██▊       | 5200/18408 [06:25<14:29, 15.19it/s]
 28%|██▊       | 5201/18408 [06:25<14:31, 15.16it/s]
 28%|██▊       | 5203/18408 [06:25<14:31, 15.14it/s]
 28%|██▊       | 5205/18408 [06:26<16:55, 13.01it/s]
 28%|██▊       | 5207/18408 [06:26<16:05, 13.67it/s]
 28%|██▊       | 5209/18408 [06:26<15:44, 13.97it/s]
 28%|██▊       | 5211/18408 [06:26<16:17, 13.50it/s]
 28%|██▊       | 5213/18408 [06:26<17:35, 12.50it/s]
 28%|██▊       | 5215/18408 [06:26<16:50, 13.06it/s]
 28%|██▊       | 5217/18408 [06:27<17:10, 12.80it/s]
 28%|██▊       | 5219/18408 [06:27<16:37, 13.22it/s]
 28%|██▊       | 5221/18408 [06:27<16:28, 13.34it/s]
 28%|██▊       | 5223/18408 [06:27<16:11, 13.58it/s]
 28%|██▊       | 5225/18408 [06:27<15:45, 13.94it/s]
 28%|██▊       | 5227/18408 [06:27<16:09, 13.59it/s]
 28%|██▊       | 5229/18408 [06:27<15:40, 14.01it/s]
 28%|██▊       | 5231/18408 [06:28<15:17, 14.37it/s]
 28%|██▊       | 5233/18408 [06:28<15:03, 14.58it/s]
 28%|██▊       | 5235/18408 [06:28<14:56, 14.69it/s]
 28%|██▊       | 5237/18408 [06:28<14:48, 14.83it/s]
 28%|██▊       | 5239/18408 [06:28<14:45, 14.87it/s]
 28%|██▊       | 5241/18408 [06:28<14:40, 14.95it/s]
 28%|██▊       | 5243/18408 [06:28<14:41, 14.94it/s]
 28%|██▊       | 5245/18408 [06:29<15:18, 14.33it/s]
 29%|██▊       | 5247/18408 [06:29<15:26, 14.21it/s]
 29%|██▊       | 5249/18408 [06:29<15:21, 14.28it/s]
                                                    
{'loss': '0.6983', 'grad_norm': '4.993', 'learning_rate': '1.438e-05', 'epoch': '0.8556'}

 29%|██▊       | 5250/18408 [06:29<15:21, 14.28it/s]
 29%|██▊       | 5251/18408 [06:29<15:53, 13.79it/s]
 29%|██▊       | 5253/18408 [06:29<15:37, 14.04it/s]
 29%|██▊       | 5255/18408 [06:29<16:06, 13.61it/s]
 29%|██▊       | 5257/18408 [06:29<15:43, 13.94it/s]
 29%|██▊       | 5259/18408 [06:30<15:36, 14.03it/s]
 29%|██▊       | 5261/18408 [06:30<15:21, 14.27it/s]
 29%|██▊       | 5263/18408 [06:30<15:07, 14.48it/s]
 29%|██▊       | 5265/18408 [06:30<15:11, 14.42it/s]
 29%|██▊       | 5267/18408 [06:30<14:58, 14.63it/s]
 29%|██▊       | 5269/18408 [06:30<14:59, 14.61it/s]
 29%|██▊       | 5271/18408 [06:30<14:57, 14.63it/s]
 29%|██▊       | 5273/18408 [06:31<14:58, 14.62it/s]
 29%|██▊       | 5275/18408 [06:31<15:23, 14.21it/s]
 29%|██▊       | 5277/18408 [06:31<15:07, 14.47it/s]
 29%|██▊       | 5279/18408 [06:31<15:10, 14.43it/s]
 29%|██▊       | 5281/18408 [06:31<15:05, 14.50it/s]
 29%|██▊       | 5283/18408 [06:31<15:02, 14.55it/s]
 29%|██▊       | 5285/18408 [06:31<15:35, 14.03it/s]
 29%|██▊       | 5287/18408 [06:32<15:48, 13.83it/s]
 29%|██▊       | 5289/18408 [06:32<17:28, 12.51it/s]
 29%|██▊       | 5291/18408 [06:32<16:59, 12.87it/s]
 29%|██▉       | 5293/18408 [06:32<16:17, 13.41it/s]
 29%|██▉       | 5295/18408 [06:32<16:11, 13.50it/s]
 29%|██▉       | 5297/18408 [06:32<15:37, 13.99it/s]
 29%|██▉       | 5299/18408 [06:32<15:41, 13.92it/s]
                                                    
{'loss': '0.6793', 'grad_norm': '3.343', 'learning_rate': '1.432e-05', 'epoch': '0.8638'}

 29%|██▉       | 5300/18408 [06:33<15:41, 13.92it/s]
 29%|██▉       | 5301/18408 [06:33<15:37, 13.98it/s]
 29%|██▉       | 5303/18408 [06:33<15:27, 14.13it/s]
 29%|██▉       | 5305/18408 [06:33<15:54, 13.73it/s]
 29%|██▉       | 5307/18408 [06:33<15:50, 13.78it/s]
 29%|██▉       | 5309/18408 [06:33<15:41, 13.91it/s]
 29%|██▉       | 5311/18408 [06:33<15:48, 13.80it/s]
 29%|██▉       | 5313/18408 [06:33<16:08, 13.52it/s]
 29%|██▉       | 5315/18408 [06:34<15:48, 13.81it/s]
 29%|██▉       | 5317/18408 [06:34<15:40, 13.92it/s]
 29%|██▉       | 5319/18408 [06:34<15:19, 14.23it/s]
 29%|██▉       | 5321/18408 [06:34<15:11, 14.36it/s]
 29%|██▉       | 5323/18408 [06:34<15:01, 14.52it/s]
 29%|██▉       | 5325/18408 [06:34<14:56, 14.59it/s]
 29%|██▉       | 5327/18408 [06:34<14:52, 14.66it/s]
 29%|██▉       | 5329/18408 [06:35<14:42, 14.83it/s]
 29%|██▉       | 5331/18408 [06:35<14:55, 14.60it/s]
 29%|██▉       | 5333/18408 [06:35<15:01, 14.51it/s]
 29%|██▉       | 5335/18408 [06:35<15:11, 14.34it/s]
 29%|██▉       | 5337/18408 [06:35<15:01, 14.50it/s]
 29%|██▉       | 5339/18408 [06:35<15:21, 14.19it/s]
 29%|██▉       | 5341/18408 [06:35<15:23, 14.15it/s]
 29%|██▉       | 5343/18408 [06:36<15:50, 13.74it/s]
 29%|██▉       | 5345/18408 [06:36<15:22, 14.16it/s]
 29%|██▉       | 5347/18408 [06:36<15:03, 14.46it/s]
 29%|██▉       | 5349/18408 [06:36<15:08, 14.38it/s]
                                                    
{'loss': '0.6644', 'grad_norm': '21.07', 'learning_rate': '1.427e-05', 'epoch': '0.8719'}

 29%|██▉       | 5350/18408 [06:36<15:07, 14.38it/s]
 29%|██▉       | 5351/18408 [06:36<15:10, 14.34it/s]
 29%|██▉       | 5353/18408 [06:36<14:54, 14.60it/s]
 29%|██▉       | 5355/18408 [06:36<14:59, 14.52it/s]
 29%|██▉       | 5357/18408 [06:36<15:15, 14.26it/s]
 29%|██▉       | 5359/18408 [06:37<15:42, 13.84it/s]
 29%|██▉       | 5361/18408 [06:37<15:22, 14.14it/s]
 29%|██▉       | 5363/18408 [06:37<15:13, 14.28it/s]
 29%|██▉       | 5365/18408 [06:37<15:18, 14.19it/s]
 29%|██▉       | 5367/18408 [06:37<15:17, 14.22it/s]
 29%|██▉       | 5369/18408 [06:37<15:13, 14.27it/s]
 29%|██▉       | 5371/18408 [06:37<15:06, 14.38it/s]
 29%|██▉       | 5373/18408 [06:38<15:09, 14.33it/s]
 29%|██▉       | 5375/18408 [06:38<14:57, 14.52it/s]
 29%|██▉       | 5377/18408 [06:38<14:54, 14.56it/s]
 29%|██▉       | 5379/18408 [06:38<15:24, 14.09it/s]
 29%|██▉       | 5381/18408 [06:38<15:22, 14.12it/s]
 29%|██▉       | 5383/18408 [06:38<15:11, 14.29it/s]
 29%|██▉       | 5385/18408 [06:38<14:47, 14.67it/s]
 29%|██▉       | 5387/18408 [06:39<14:39, 14.81it/s]
 29%|██▉       | 5389/18408 [06:39<14:37, 14.83it/s]
 29%|██▉       | 5391/18408 [06:39<14:53, 14.56it/s]
 29%|██▉       | 5393/18408 [06:39<14:37, 14.84it/s]
 29%|██▉       | 5395/18408 [06:39<14:41, 14.76it/s]
 29%|██▉       | 5397/18408 [06:39<15:05, 14.38it/s]
 29%|██▉       | 5399/18408 [06:39<15:10, 14.29it/s]
                                                    
{'loss': '0.6665', 'grad_norm': '3.557', 'learning_rate': '1.421e-05', 'epoch': '0.8801'}

 29%|██▉       | 5400/18408 [06:39<15:10, 14.29it/s]
 29%|██▉       | 5401/18408 [06:40<15:22, 14.11it/s]
 29%|██▉       | 5403/18408 [06:40<15:38, 13.86it/s]
 29%|██▉       | 5405/18408 [06:40<15:11, 14.27it/s]
 29%|██▉       | 5407/18408 [06:40<15:09, 14.29it/s]
 29%|██▉       | 5409/18408 [06:40<14:55, 14.51it/s]
 29%|██▉       | 5411/18408 [06:40<15:20, 14.11it/s]
 29%|██▉       | 5413/18408 [06:40<15:32, 13.93it/s]
 29%|██▉       | 5415/18408 [06:41<15:04, 14.37it/s]
 29%|██▉       | 5417/18408 [06:41<14:53, 14.54it/s]
 29%|██▉       | 5419/18408 [06:41<14:42, 14.72it/s]
 29%|██▉       | 5421/18408 [06:41<15:55, 13.59it/s]
 29%|██▉       | 5423/18408 [06:41<16:37, 13.02it/s]
 29%|██▉       | 5425/18408 [06:41<16:01, 13.50it/s]
 29%|██▉       | 5427/18408 [06:41<15:23, 14.06it/s]
 29%|██▉       | 5429/18408 [06:42<16:09, 13.39it/s]
 30%|██▉       | 5431/18408 [06:42<16:07, 13.42it/s]
 30%|██▉       | 5433/18408 [06:42<15:41, 13.77it/s]
 30%|██▉       | 5435/18408 [06:42<15:24, 14.03it/s]
 30%|██▉       | 5437/18408 [06:42<15:27, 13.98it/s]
 30%|██▉       | 5439/18408 [06:42<14:54, 14.50it/s]
 30%|██▉       | 5441/18408 [06:42<14:42, 14.69it/s]
 30%|██▉       | 5443/18408 [06:43<15:15, 14.17it/s]
 30%|██▉       | 5445/18408 [06:43<16:59, 12.72it/s]
 30%|██▉       | 5447/18408 [06:43<16:13, 13.32it/s]
 30%|██▉       | 5449/18408 [06:43<16:06, 13.41it/s]
                                                    
{'loss': '0.6833', 'grad_norm': '5.824', 'learning_rate': '1.416e-05', 'epoch': '0.8882'}

 30%|██▉       | 5450/18408 [06:43<16:06, 13.41it/s]
 30%|██▉       | 5451/18408 [06:43<15:34, 13.87it/s]
 30%|██▉       | 5453/18408 [06:43<15:52, 13.60it/s]
 30%|██▉       | 5455/18408 [06:43<15:59, 13.50it/s]
 30%|██▉       | 5457/18408 [06:44<15:50, 13.63it/s]
 30%|██▉       | 5459/18408 [06:44<15:12, 14.19it/s]
 30%|██▉       | 5461/18408 [06:44<14:47, 14.59it/s]
 30%|██▉       | 5463/18408 [06:44<14:35, 14.79it/s]
 30%|██▉       | 5465/18408 [06:44<14:27, 14.92it/s]
 30%|██▉       | 5467/18408 [06:44<14:13, 15.16it/s]
 30%|██▉       | 5469/18408 [06:44<14:02, 15.35it/s]
 30%|██▉       | 5471/18408 [06:45<14:31, 14.85it/s]
 30%|██▉       | 5473/18408 [06:45<15:17, 14.11it/s]
 30%|██▉       | 5475/18408 [06:45<15:12, 14.18it/s]
 30%|██▉       | 5477/18408 [06:45<15:28, 13.92it/s]
 30%|██▉       | 5479/18408 [06:45<15:08, 14.23it/s]
 30%|██▉       | 5481/18408 [06:45<16:06, 13.38it/s]
 30%|██▉       | 5483/18408 [06:45<15:58, 13.48it/s]
 30%|██▉       | 5485/18408 [06:46<15:39, 13.76it/s]
 30%|██▉       | 5487/18408 [06:46<16:08, 13.34it/s]
 30%|██▉       | 5489/18408 [06:46<16:10, 13.31it/s]
 30%|██▉       | 5491/18408 [06:46<17:08, 12.56it/s]
 30%|██▉       | 5493/18408 [06:46<17:09, 12.55it/s]
 30%|██▉       | 5495/18408 [06:46<16:25, 13.10it/s]
 30%|██▉       | 5497/18408 [06:46<16:07, 13.35it/s]
 30%|██▉       | 5499/18408 [06:47<16:00, 13.45it/s]
                                                    
{'loss': '0.6771', 'grad_norm': '2.933', 'learning_rate': '1.41e-05', 'epoch': '0.8963'}

 30%|██▉       | 5500/18408 [06:47<16:00, 13.45it/s]

  0%|          | 0/39 [00:00<?, ?it/s][A

 28%|██▊       | 11/39 [00:00<00:00, 109.68it/s][A

 56%|█████▋    | 22/39 [00:00<00:00, 107.09it/s][A

 87%|████████▋ | 34/39 [00:00<00:00, 111.82it/s][A
                                                    

                                                
[A{'eval_loss': '0.6208', 'eval_accuracy': '0.7398', 'eval_precision': '0.7512', 'eval_recall': '0.7398', 'eval_f1_weighted': '0.7403', 'eval_f1_macro': '0.7403', 'eval_runtime': '0.8155', 'eval_samples_per_second': '3053', 'eval_steps_per_second': '47.82', 'epoch': '0.8963'}

 30%|██▉       | 5500/18408 [06:48<16:00, 13.45it/s]

100%|██████████| 39/39 [00:00<00:00, 111.82it/s][A

                                                [A

Writing model shards:   0%|          | 0/1 [00:00<?, ?it/s][A

Writing model shards: 100%|██████████| 1/1 [00:01<00:00,  1.20s/it][A
Writing model shards: 100%|██████████| 1/1 [00:01<00:00,  1.20s/it]

 30%|██▉       | 5501/18408 [06:49<1:28:21,  2.43it/s]
 30%|██▉       | 5503/18408 [06:49<1:06:41,  3.22it/s]
 30%|██▉       | 5505/18408 [06:49<51:35,  4.17it/s]  
 30%|██▉       | 5507/18408 [06:49<40:43,  5.28it/s]
 30%|██▉       | 5509/18408 [06:50<32:36,  6.59it/s]
 30%|██▉       | 5511/18408 [06:50<27:31,  7.81it/s]
 30%|██▉       | 5513/18408 [06:50<23:23,  9.19it/s]
 30%|██▉       | 5515/18408 [06:50<20:27, 10.51it/s]
 30%|██▉       | 5517/18408 [06:50<19:03, 11.28it/s]
 30%|██▉       | 5519/18408 [06:50<17:47, 12.07it/s]
 30%|██▉       | 5521/18408 [06:50<16:49, 12.76it/s]
 30%|███       | 5523/18408 [06:51<17:09, 12.52it/s]
 30%|███       | 5525/18408 [06:51<16:29, 13.03it/s]
 30%|███       | 5527/18408 [06:51<15:49, 13.57it/s]
 30%|███       | 5529/18408 [06:51<15:11, 14.13it/s]
 30%|███       | 5531/18408 [06:51<15:07, 14.18it/s]
 30%|███       | 5533/18408 [06:51<14:53, 14.41it/s]
 30%|███       | 5535/18408 [06:51<15:24, 13.93it/s]
 30%|███       | 5537/18408 [06:52<15:08, 14.16it/s]
 30%|███       | 5539/18408 [06:52<14:45, 14.54it/s]
 30%|███       | 5541/18408 [06:52<15:38, 13.71it/s]
 30%|███       | 5543/18408 [06:52<15:02, 14.26it/s]
 30%|███       | 5545/18408 [06:52<15:04, 14.23it/s]
 30%|███       | 5547/18408 [06:52<14:48, 14.47it/s]
 30%|███       | 5549/18408 [06:52<14:50, 14.45it/s]
                                                    
{'loss': '0.6782', 'grad_norm': '5.427', 'learning_rate': '1.405e-05', 'epoch': '0.9045'}

 30%|███       | 5550/18408 [06:52<14:50, 14.45it/s]
 30%|███       | 5551/18408 [06:52<14:36, 14.66it/s]
 30%|███       | 5553/18408 [06:53<14:39, 14.62it/s]
 30%|███       | 5555/18408 [06:53<15:19, 13.98it/s]
 30%|███       | 5557/18408 [06:53<15:24, 13.90it/s]
 30%|███       | 5559/18408 [06:53<15:59, 13.40it/s]
 30%|███       | 5561/18408 [06:53<15:17, 14.01it/s]
 30%|███       | 5563/18408 [06:53<14:58, 14.29it/s]
 30%|███       | 5565/18408 [06:54<15:05, 14.18it/s]
 30%|███       | 5567/18408 [06:54<14:46, 14.49it/s]
 30%|███       | 5569/18408 [06:54<14:24, 14.85it/s]
 30%|███       | 5571/18408 [06:54<14:11, 15.07it/s]
 30%|███       | 5573/18408 [06:54<14:19, 14.93it/s]
 30%|███       | 5575/18408 [06:54<14:06, 15.16it/s]
 30%|███       | 5577/18408 [06:54<13:57, 15.33it/s]
 30%|███       | 5579/18408 [06:54<14:11, 15.07it/s]
 30%|███       | 5581/18408 [06:55<14:08, 15.11it/s]
 30%|███       | 5583/18408 [06:55<14:08, 15.11it/s]
 30%|███       | 5585/18408 [06:55<14:10, 15.07it/s]
 30%|███       | 5587/18408 [06:55<14:24, 14.82it/s]
 30%|███       | 5589/18408 [06:55<14:30, 14.73it/s]
 30%|███       | 5591/18408 [06:55<14:25, 14.82it/s]
 30%|███       | 5593/18408 [06:55<14:26, 14.79it/s]
 30%|███       | 5595/18408 [06:55<14:20, 14.88it/s]
 30%|███       | 5597/18408 [06:56<14:10, 15.06it/s]
 30%|███       | 5599/18408 [06:56<14:43, 14.49it/s]
                                                    
{'loss': '0.6773', 'grad_norm': '4.235', 'learning_rate': '1.399e-05', 'epoch': '0.9126'}

 30%|███       | 5600/18408 [06:56<14:43, 14.49it/s]
 30%|███       | 5601/18408 [06:56<14:23, 14.83it/s]
 30%|███       | 5603/18408 [06:56<14:10, 15.06it/s]
 30%|███       | 5605/18408 [06:56<14:59, 14.24it/s]
 30%|███       | 5607/18408 [06:56<15:51, 13.45it/s]
 30%|███       | 5609/18408 [06:57<15:48, 13.49it/s]
 30%|███       | 5611/18408 [06:57<15:13, 14.02it/s]
 30%|███       | 5613/18408 [06:57<14:45, 14.46it/s]
 31%|███       | 5615/18408 [06:57<14:46, 14.43it/s]
 31%|███       | 5617/18408 [06:57<14:25, 14.78it/s]
 31%|███       | 5619/18408 [06:57<14:16, 14.93it/s]
 31%|███       | 5621/18408 [06:57<14:19, 14.88it/s]
 31%|███       | 5623/18408 [06:57<14:55, 14.28it/s]
 31%|███       | 5625/18408 [06:58<15:12, 14.00it/s]
 31%|███       | 5627/18408 [06:58<14:59, 14.21it/s]
 31%|███       | 5629/18408 [06:58<14:50, 14.35it/s]
 31%|███       | 5631/18408 [06:58<14:39, 14.53it/s]
 31%|███       | 5633/18408 [06:58<14:32, 14.65it/s]
 31%|███       | 5635/18408 [06:58<14:49, 14.36it/s]
 31%|███       | 5637/18408 [06:58<14:48, 14.38it/s]
 31%|███       | 5639/18408 [06:59<14:28, 14.71it/s]
 31%|███       | 5641/18408 [06:59<14:13, 14.96it/s]
 31%|███       | 5643/18408 [06:59<14:36, 14.57it/s]
 31%|███       | 5645/18408 [06:59<14:30, 14.66it/s]
 31%|███       | 5647/18408 [06:59<14:34, 14.60it/s]
 31%|███       | 5649/18408 [06:59<14:33, 14.61it/s]
                                                    
{'loss': '0.668', 'grad_norm': '4.016', 'learning_rate': '1.394e-05', 'epoch': '0.9208'}

 31%|███       | 5650/18408 [06:59<14:32, 14.61it/s]
 31%|███       | 5651/18408 [06:59<14:15, 14.92it/s]
 31%|███       | 5653/18408 [07:00<14:25, 14.74it/s]
 31%|███       | 5655/18408 [07:00<16:01, 13.26it/s]
 31%|███       | 5657/18408 [07:00<15:18, 13.89it/s]
 31%|███       | 5659/18408 [07:00<14:58, 14.18it/s]
 31%|███       | 5661/18408 [07:00<14:31, 14.63it/s]
 31%|███       | 5663/18408 [07:00<14:21, 14.79it/s]
 31%|███       | 5665/18408 [07:00<14:35, 14.55it/s]
 31%|███       | 5667/18408 [07:00<14:19, 14.82it/s]
 31%|███       | 5669/18408 [07:01<14:14, 14.90it/s]
 31%|███       | 5671/18408 [07:01<14:01, 15.13it/s]
 31%|███       | 5673/18408 [07:01<13:54, 15.26it/s]
 31%|███       | 5675/18408 [07:01<14:09, 15.00it/s]
 31%|███       | 5677/18408 [07:01<14:13, 14.92it/s]
 31%|███       | 5679/18408 [07:01<14:56, 14.19it/s]
 31%|███       | 5681/18408 [07:01<14:47, 14.34it/s]
 31%|███       | 5683/18408 [07:02<15:02, 14.10it/s]
 31%|███       | 5685/18408 [07:02<14:34, 14.55it/s]
 31%|███       | 5687/18408 [07:02<14:15, 14.87it/s]
 31%|███       | 5689/18408 [07:02<14:03, 15.08it/s]
 31%|███       | 5691/18408 [07:02<14:20, 14.77it/s]
 31%|███       | 5693/18408 [07:02<14:04, 15.05it/s]
 31%|███       | 5695/18408 [07:02<14:06, 15.02it/s]
 31%|███       | 5697/18408 [07:03<14:03, 15.06it/s]
 31%|███       | 5699/18408 [07:03<14:13, 14.90it/s]
                                                    
{'loss': '0.6491', 'grad_norm': '4.575', 'learning_rate': '1.388e-05', 'epoch': '0.9289'}

 31%|███       | 5700/18408 [07:03<14:13, 14.90it/s]
 31%|███       | 5701/18408 [07:03<14:42, 14.40it/s]
 31%|███       | 5703/18408 [07:03<14:36, 14.49it/s]
 31%|███       | 5705/18408 [07:03<14:20, 14.75it/s]
 31%|███       | 5707/18408 [07:03<14:39, 14.44it/s]
 31%|███       | 5709/18408 [07:03<14:40, 14.43it/s]
 31%|███       | 5711/18408 [07:03<14:16, 14.82it/s]
 31%|███       | 5713/18408 [07:04<15:00, 14.10it/s]
 31%|███       | 5715/18408 [07:04<15:31, 13.62it/s]
 31%|███       | 5717/18408 [07:04<15:13, 13.89it/s]
 31%|███       | 5719/18408 [07:04<15:40, 13.50it/s]
 31%|███       | 5721/18408 [07:04<15:08, 13.97it/s]
 31%|███       | 5723/18408 [07:04<15:15, 13.86it/s]
 31%|███       | 5725/18408 [07:04<14:45, 14.32it/s]
 31%|███       | 5727/18408 [07:05<14:39, 14.41it/s]
 31%|███       | 5729/18408 [07:05<14:20, 14.73it/s]
 31%|███       | 5731/18408 [07:05<14:13, 14.86it/s]
 31%|███       | 5733/18408 [07:05<14:00, 15.09it/s]
 31%|███       | 5735/18408 [07:05<14:14, 14.82it/s]
 31%|███       | 5737/18408 [07:05<14:10, 14.89it/s]
 31%|███       | 5739/18408 [07:05<14:32, 14.52it/s]
 31%|███       | 5741/18408 [07:06<14:32, 14.51it/s]
 31%|███       | 5743/18408 [07:06<14:13, 14.84it/s]
 31%|███       | 5745/18408 [07:06<13:59, 15.09it/s]
 31%|███       | 5747/18408 [07:06<14:02, 15.04it/s]
 31%|███       | 5749/18408 [07:06<14:46, 14.28it/s]
                                                    
{'loss': '0.6702', 'grad_norm': '4.334', 'learning_rate': '1.383e-05', 'epoch': '0.9371'}

 31%|███       | 5750/18408 [07:06<14:46, 14.28it/s]
 31%|███       | 5751/18408 [07:06<14:57, 14.10it/s]
 31%|███▏      | 5753/18408 [07:06<14:40, 14.37it/s]
 31%|███▏      | 5755/18408 [07:07<14:35, 14.45it/s]
 31%|███▏      | 5757/18408 [07:07<14:40, 14.37it/s]
 31%|███▏      | 5759/18408 [07:07<14:48, 14.24it/s]
 31%|███▏      | 5761/18408 [07:07<14:57, 14.09it/s]
 31%|███▏      | 5763/18408 [07:07<14:59, 14.06it/s]
 31%|███▏      | 5765/18408 [07:07<15:00, 14.04it/s]
 31%|███▏      | 5767/18408 [07:07<15:30, 13.58it/s]
 31%|███▏      | 5769/18408 [07:08<15:29, 13.59it/s]
 31%|███▏      | 5771/18408 [07:08<15:53, 13.25it/s]
 31%|███▏      | 5773/18408 [07:08<15:44, 13.37it/s]
 31%|███▏      | 5775/18408 [07:08<15:39, 13.44it/s]
 31%|███▏      | 5777/18408 [07:08<14:56, 14.09it/s]
 31%|███▏      | 5779/18408 [07:08<14:40, 14.34it/s]
 31%|███▏      | 5781/18408 [07:08<14:21, 14.66it/s]
 31%|███▏      | 5783/18408 [07:09<15:42, 13.40it/s]
 31%|███▏      | 5785/18408 [07:09<14:56, 14.09it/s]
 31%|███▏      | 5787/18408 [07:09<15:03, 13.97it/s]
 31%|███▏      | 5789/18408 [07:09<16:12, 12.98it/s]
 31%|███▏      | 5791/18408 [07:09<15:41, 13.40it/s]
 31%|███▏      | 5793/18408 [07:09<14:56, 14.07it/s]
 31%|███▏      | 5795/18408 [07:09<14:25, 14.57it/s]
 31%|███▏      | 5797/18408 [07:10<14:06, 14.90it/s]
 32%|███▏      | 5799/18408 [07:10<14:02, 14.97it/s]
                                                    
{'loss': '0.6577', 'grad_norm': '4.557', 'learning_rate': '1.377e-05', 'epoch': '0.9452'}

 32%|███▏      | 5800/18408 [07:10<14:02, 14.97it/s]
 32%|███▏      | 5801/18408 [07:10<14:16, 14.71it/s]
 32%|███▏      | 5803/18408 [07:10<14:02, 14.96it/s]
 32%|███▏      | 5805/18408 [07:10<13:54, 15.11it/s]
 32%|███▏      | 5807/18408 [07:10<14:15, 14.72it/s]
 32%|███▏      | 5809/18408 [07:10<14:27, 14.52it/s]
 32%|███▏      | 5811/18408 [07:11<14:49, 14.17it/s]
 32%|███▏      | 5813/18408 [07:11<14:44, 14.23it/s]
 32%|███▏      | 5815/18408 [07:11<15:23, 13.64it/s]
 32%|███▏      | 5817/18408 [07:11<15:04, 13.92it/s]
 32%|███▏      | 5819/18408 [07:11<15:04, 13.91it/s]
 32%|███▏      | 5821/18408 [07:11<14:43, 14.25it/s]
 32%|███▏      | 5823/18408 [07:11<14:30, 14.46it/s]
 32%|███▏      | 5825/18408 [07:11<14:26, 14.52it/s]
 32%|███▏      | 5827/18408 [07:12<14:13, 14.75it/s]
 32%|███▏      | 5829/18408 [07:12<14:21, 14.61it/s]
 32%|███▏      | 5831/18408 [07:12<14:57, 14.01it/s]
 32%|███▏      | 5833/18408 [07:12<15:00, 13.96it/s]
 32%|███▏      | 5835/18408 [07:12<14:54, 14.05it/s]
 32%|███▏      | 5837/18408 [07:12<15:24, 13.60it/s]
 32%|███▏      | 5839/18408 [07:12<14:56, 14.02it/s]
 32%|███▏      | 5841/18408 [07:13<14:56, 14.01it/s]
 32%|███▏      | 5843/18408 [07:13<14:44, 14.21it/s]
 32%|███▏      | 5845/18408 [07:13<15:16, 13.70it/s]
 32%|███▏      | 5847/18408 [07:13<14:51, 14.09it/s]
 32%|███▏      | 5849/18408 [07:13<14:36, 14.32it/s]
                                                    
{'loss': '0.6538', 'grad_norm': '3.411', 'learning_rate': '1.372e-05', 'epoch': '0.9534'}

 32%|███▏      | 5850/18408 [07:13<14:36, 14.32it/s]
 32%|███▏      | 5851/18408 [07:13<14:24, 14.53it/s]
 32%|███▏      | 5853/18408 [07:13<14:52, 14.07it/s]
 32%|███▏      | 5855/18408 [07:14<14:44, 14.20it/s]
 32%|███▏      | 5857/18408 [07:14<14:39, 14.27it/s]
 32%|███▏      | 5859/18408 [07:14<14:23, 14.52it/s]
 32%|███▏      | 5861/18408 [07:14<14:21, 14.56it/s]
 32%|███▏      | 5863/18408 [07:14<14:33, 14.36it/s]
 32%|███▏      | 5865/18408 [07:14<14:18, 14.61it/s]
 32%|███▏      | 5867/18408 [07:14<14:28, 14.45it/s]
 32%|███▏      | 5869/18408 [07:15<14:36, 14.31it/s]
 32%|███▏      | 5871/18408 [07:15<14:27, 14.46it/s]
 32%|███▏      | 5873/18408 [07:15<14:38, 14.27it/s]
 32%|███▏      | 5875/18408 [07:15<14:31, 14.38it/s]
 32%|███▏      | 5877/18408 [07:15<14:15, 14.65it/s]
 32%|███▏      | 5879/18408 [07:15<14:06, 14.80it/s]
 32%|███▏      | 5881/18408 [07:15<14:03, 14.85it/s]
 32%|███▏      | 5883/18408 [07:16<13:58, 14.94it/s]
 32%|███▏      | 5885/18408 [07:16<13:58, 14.93it/s]
 32%|███▏      | 5887/18408 [07:16<14:02, 14.86it/s]
 32%|███▏      | 5889/18408 [07:16<14:20, 14.56it/s]
 32%|███▏      | 5891/18408 [07:16<14:38, 14.25it/s]
 32%|███▏      | 5893/18408 [07:16<14:20, 14.54it/s]
 32%|███▏      | 5895/18408 [07:16<14:11, 14.69it/s]
 32%|███▏      | 5897/18408 [07:16<14:11, 14.70it/s]
 32%|███▏      | 5899/18408 [07:17<14:09, 14.73it/s]
                                                    
{'loss': '0.6576', 'grad_norm': '3.393', 'learning_rate': '1.367e-05', 'epoch': '0.9615'}

 32%|███▏      | 5900/18408 [07:17<14:09, 14.73it/s]
 32%|███▏      | 5901/18408 [07:17<14:08, 14.75it/s]
 32%|███▏      | 5903/18408 [07:17<14:00, 14.87it/s]
 32%|███▏      | 5905/18408 [07:17<14:14, 14.63it/s]
 32%|███▏      | 5907/18408 [07:17<14:02, 14.84it/s]
 32%|███▏      | 5909/18408 [07:17<13:51, 15.03it/s]
 32%|███▏      | 5911/18408 [07:17<14:09, 14.72it/s]
 32%|███▏      | 5913/18408 [07:18<13:54, 14.97it/s]
 32%|███▏      | 5915/18408 [07:18<13:54, 14.97it/s]
 32%|███▏      | 5917/18408 [07:18<14:38, 14.22it/s]
 32%|███▏      | 5919/18408 [07:18<14:16, 14.58it/s]
 32%|███▏      | 5921/18408 [07:18<14:41, 14.17it/s]
 32%|███▏      | 5923/18408 [07:18<14:18, 14.54it/s]
 32%|███▏      | 5925/18408 [07:18<14:13, 14.63it/s]
 32%|███▏      | 5927/18408 [07:19<15:23, 13.51it/s]
 32%|███▏      | 5929/18408 [07:19<14:48, 14.04it/s]
 32%|███▏      | 5931/18408 [07:19<14:34, 14.27it/s]
 32%|███▏      | 5933/18408 [07:19<14:12, 14.63it/s]
 32%|███▏      | 5935/18408 [07:19<14:23, 14.45it/s]
 32%|███▏      | 5937/18408 [07:19<14:48, 14.03it/s]
 32%|███▏      | 5939/18408 [07:19<15:14, 13.64it/s]
 32%|███▏      | 5941/18408 [07:20<14:48, 14.04it/s]
 32%|███▏      | 5943/18408 [07:20<14:58, 13.88it/s]
 32%|███▏      | 5945/18408 [07:20<14:56, 13.90it/s]
 32%|███▏      | 5947/18408 [07:20<15:11, 13.66it/s]
 32%|███▏      | 5949/18408 [07:20<15:07, 13.73it/s]
                                                    
{'loss': '0.6623', 'grad_norm': '4.562', 'learning_rate': '1.361e-05', 'epoch': '0.9697'}

 32%|███▏      | 5950/18408 [07:20<15:07, 13.73it/s]
 32%|███▏      | 5951/18408 [07:20<14:45, 14.07it/s]
 32%|███▏      | 5953/18408 [07:20<14:44, 14.08it/s]
 32%|███▏      | 5955/18408 [07:21<14:31, 14.29it/s]
 32%|███▏      | 5957/18408 [07:21<14:28, 14.33it/s]
 32%|███▏      | 5959/18408 [07:21<15:43, 13.19it/s]
 32%|███▏      | 5961/18408 [07:21<15:42, 13.20it/s]
 32%|███▏      | 5963/18408 [07:21<15:12, 13.64it/s]
 32%|███▏      | 5965/18408 [07:21<15:20, 13.52it/s]
 32%|███▏      | 5967/18408 [07:21<14:53, 13.92it/s]
 32%|███▏      | 5969/18408 [07:22<14:41, 14.12it/s]
 32%|███▏      | 5971/18408 [07:22<14:30, 14.29it/s]
 32%|███▏      | 5973/18408 [07:22<14:19, 14.46it/s]
 32%|███▏      | 5975/18408 [07:22<14:07, 14.67it/s]
 32%|███▏      | 5977/18408 [07:22<14:15, 14.54it/s]
 32%|███▏      | 5979/18408 [07:22<14:08, 14.65it/s]
 32%|███▏      | 5981/18408 [07:22<14:05, 14.70it/s]
 33%|███▎      | 5983/18408 [07:23<14:02, 14.74it/s]
 33%|███▎      | 5985/18408 [07:23<14:11, 14.59it/s]
 33%|███▎      | 5987/18408 [07:23<14:06, 14.66it/s]
 33%|███▎      | 5989/18408 [07:23<13:58, 14.82it/s]
 33%|███▎      | 5991/18408 [07:23<13:52, 14.92it/s]
 33%|███▎      | 5993/18408 [07:23<13:56, 14.85it/s]
 33%|███▎      | 5995/18408 [07:23<13:55, 14.86it/s]
 33%|███▎      | 5997/18408 [07:23<13:54, 14.86it/s]
 33%|███▎      | 5999/18408 [07:24<13:58, 14.81it/s]
                                                    
{'loss': '0.6794', 'grad_norm': '3.476', 'learning_rate': '1.356e-05', 'epoch': '0.9778'}

 33%|███▎      | 6000/18408 [07:24<13:58, 14.81it/s]

  0%|          | 0/39 [00:00<?, ?it/s][A

 31%|███       | 12/39 [00:00<00:00, 117.08it/s][A

 62%|██████▏   | 24/39 [00:00<00:00, 110.47it/s][A

 92%|█████████▏| 36/39 [00:00<00:00, 112.86it/s][A
                                                    

                                                
[A{'eval_loss': '0.6088', 'eval_accuracy': '0.7418', 'eval_precision': '0.7422', 'eval_recall': '0.7418', 'eval_f1_weighted': '0.7413', 'eval_f1_macro': '0.7413', 'eval_runtime': '0.7736', 'eval_samples_per_second': '3219', 'eval_steps_per_second': '50.41', 'epoch': '0.9778'}

 33%|███▎      | 6000/18408 [07:24<13:58, 14.81it/s]

100%|██████████| 39/39 [00:00<00:00, 112.86it/s][A

                                                [A

Writing model shards:   0%|          | 0/1 [00:00<?, ?it/s][A

Writing model shards: 100%|██████████| 1/1 [00:01<00:00,  1.21s/it][A
Writing model shards: 100%|██████████| 1/1 [00:01<00:00,  1.21s/it]

 33%|███▎      | 6001/18408 [07:26<1:25:23,  2.42it/s]
 33%|███▎      | 6003/18408 [07:26<1:04:06,  3.22it/s]
 33%|███▎      | 6005/18408 [07:26<49:30,  4.18it/s]  
 33%|███▎      | 6007/18408 [07:26<38:43,  5.34it/s]
 33%|███▎      | 6009/18408 [07:27<31:24,  6.58it/s]
 33%|███▎      | 6011/18408 [07:27<26:47,  7.71it/s]
 33%|███▎      | 6013/18408 [07:27<22:56,  9.01it/s]
 33%|███▎      | 6015/18408 [07:27<20:23, 10.13it/s]
 33%|███▎      | 6017/18408 [07:27<18:35, 11.11it/s]
 33%|███▎      | 6019/18408 [07:27<17:19, 11.92it/s]
 33%|███▎      | 6021/18408 [07:27<16:14, 12.71it/s]
 33%|███▎      | 6023/18408 [07:28<15:25, 13.39it/s]
 33%|███▎      | 6025/18408 [07:28<15:34, 13.25it/s]
 33%|███▎      | 6027/18408 [07:28<15:05, 13.67it/s]
 33%|███▎      | 6029/18408 [07:28<15:51, 13.02it/s]
 33%|███▎      | 6031/18408 [07:28<15:14, 13.54it/s]
 33%|███▎      | 6033/18408 [07:28<15:07, 13.64it/s]
 33%|███▎      | 6035/18408 [07:28<14:30, 14.22it/s]
 33%|███▎      | 6037/18408 [07:29<14:33, 14.16it/s]
 33%|███▎      | 6039/18408 [07:29<14:35, 14.13it/s]
 33%|███▎      | 6041/18408 [07:29<14:31, 14.18it/s]
 33%|███▎      | 6043/18408 [07:29<14:32, 14.18it/s]
 33%|███▎      | 6045/18408 [07:29<14:30, 14.21it/s]
 33%|███▎      | 6047/18408 [07:29<14:19, 14.38it/s]
 33%|███▎      | 6049/18408 [07:29<14:03, 14.65it/s]
                                                    
{'loss': '0.6576', 'grad_norm': '3.953', 'learning_rate': '1.35e-05', 'epoch': '0.986'}

 33%|███▎      | 6050/18408 [07:30<14:03, 14.65it/s]
 33%|███▎      | 6051/18408 [07:30<14:49, 13.90it/s]
 33%|███▎      | 6053/18408 [07:30<14:28, 14.23it/s]
 33%|███▎      | 6055/18408 [07:30<14:13, 14.47it/s]
 33%|███▎      | 6057/18408 [07:30<14:15, 14.43it/s]
 33%|███▎      | 6059/18408 [07:30<14:01, 14.67it/s]
 33%|███▎      | 6061/18408 [07:30<14:06, 14.58it/s]
 33%|███▎      | 6063/18408 [07:30<14:12, 14.49it/s]
 33%|███▎      | 6065/18408 [07:31<14:08, 14.54it/s]
 33%|███▎      | 6067/18408 [07:31<14:14, 14.45it/s]
 33%|███▎      | 6069/18408 [07:31<14:07, 14.55it/s]
 33%|███▎      | 6071/18408 [07:31<14:31, 14.15it/s]
 33%|███▎      | 6073/18408 [07:31<14:29, 14.19it/s]
 33%|███▎      | 6075/18408 [07:31<14:23, 14.28it/s]
 33%|███▎      | 6077/18408 [07:31<14:09, 14.52it/s]
 33%|███▎      | 6079/18408 [07:32<14:30, 14.17it/s]
 33%|███▎      | 6081/18408 [07:32<15:03, 13.65it/s]
 33%|███▎      | 6083/18408 [07:32<14:40, 14.00it/s]
 33%|███▎      | 6085/18408 [07:32<14:27, 14.21it/s]
 33%|███▎      | 6087/18408 [07:32<14:11, 14.47it/s]
 33%|███▎      | 6089/18408 [07:32<14:10, 14.49it/s]
 33%|███▎      | 6091/18408 [07:32<13:53, 14.77it/s]
 33%|███▎      | 6093/18408 [07:32<13:50, 14.82it/s]
 33%|███▎      | 6095/18408 [07:33<16:15, 12.62it/s]
 33%|███▎      | 6097/18408 [07:33<16:10, 12.69it/s]
 33%|███▎      | 6099/18408 [07:33<16:00, 12.81it/s]
                                                    
{'loss': '0.6524', 'grad_norm': '3.569', 'learning_rate': '1.345e-05', 'epoch': '0.9941'}

 33%|███▎      | 6100/18408 [07:33<16:00, 12.81it/s]
 33%|███▎      | 6101/18408 [07:33<15:15, 13.44it/s]
 33%|███▎      | 6103/18408 [07:33<14:49, 13.83it/s]
 33%|███▎      | 6105/18408 [07:33<14:31, 14.12it/s]
 33%|███▎      | 6107/18408 [07:34<14:31, 14.12it/s]
 33%|███▎      | 6109/18408 [07:34<14:27, 14.18it/s]
 33%|███▎      | 6111/18408 [07:34<14:09, 14.48it/s]
 33%|███▎      | 6113/18408 [07:34<16:04, 12.75it/s]
 33%|███▎      | 6115/18408 [07:34<15:31, 13.20it/s]
 33%|███▎      | 6117/18408 [07:34<15:03, 13.61it/s]
 33%|███▎      | 6119/18408 [07:34<15:56, 12.84it/s]
 33%|███▎      | 6121/18408 [07:35<15:10, 13.50it/s]
 33%|███▎      | 6123/18408 [07:35<15:55, 12.86it/s]
 33%|███▎      | 6125/18408 [07:35<15:19, 13.35it/s]
 33%|███▎      | 6127/18408 [07:35<15:23, 13.30it/s]
 33%|███▎      | 6129/18408 [07:35<14:59, 13.65it/s]
 33%|███▎      | 6131/18408 [07:35<14:48, 13.82it/s]
 33%|███▎      | 6133/18408 [07:35<14:54, 13.72it/s]
 33%|███▎      | 6135/18408 [07:36<14:32, 14.06it/s]
 33%|███▎      | 6137/18408 [07:36<24:06,  8.48it/s]
 33%|███▎      | 6139/18408 [07:36<21:16,  9.61it/s]
 33%|███▎      | 6141/18408 [07:36<18:57, 10.78it/s]
 33%|███▎      | 6143/18408 [07:36<17:30, 11.68it/s]
 33%|███▎      | 6145/18408 [07:37<16:44, 12.21it/s]
 33%|███▎      | 6147/18408 [07:37<16:18, 12.53it/s]
 33%|███▎      | 6149/18408 [07:37<15:30, 13.18it/s]
                                                    
{'loss': '0.6452', 'grad_norm': '3.453', 'learning_rate': '1.339e-05', 'epoch': '1.002'}

 33%|███▎      | 6150/18408 [07:37<15:30, 13.18it/s]
 33%|███▎      | 6151/18408 [07:37<14:53, 13.71it/s]
 33%|███▎      | 6153/18408 [07:37<14:39, 13.93it/s]
 33%|███▎      | 6155/18408 [07:37<14:03, 14.52it/s]
 33%|███▎      | 6157/18408 [07:37<13:44, 14.85it/s]
 33%|███▎      | 6159/18408 [07:38<14:15, 14.32it/s]
 33%|███▎      | 6161/18408 [07:38<13:59, 14.58it/s]
 33%|███▎      | 6163/18408 [07:38<13:51, 14.73it/s]
 33%|███▎      | 6165/18408 [07:38<13:45, 14.84it/s]
 34%|███▎      | 6167/18408 [07:38<14:24, 14.15it/s]
 34%|███▎      | 6169/18408 [07:38<13:57, 14.61it/s]
 34%|███▎      | 6171/18408 [07:38<14:56, 13.66it/s]
 34%|███▎      | 6173/18408 [07:39<14:41, 13.88it/s]
 34%|███▎      | 6175/18408 [07:39<14:15, 14.30it/s]
 34%|███▎      | 6177/18408 [07:39<14:04, 14.48it/s]
 34%|███▎      | 6179/18408 [07:39<13:40, 14.90it/s]
 34%|███▎      | 6181/18408 [07:39<13:34, 15.01it/s]
 34%|███▎      | 6183/18408 [07:39<13:28, 15.13it/s]
 34%|███▎      | 6185/18408 [07:39<13:40, 14.90it/s]
 34%|███▎      | 6187/18408 [07:39<13:20, 15.28it/s]
 34%|███▎      | 6189/18408 [07:40<13:11, 15.43it/s]
 34%|███▎      | 6191/18408 [07:40<13:36, 14.96it/s]
 34%|███▎      | 6193/18408 [07:40<15:48, 12.87it/s]
 34%|███▎      | 6195/18408 [07:40<14:59, 13.57it/s]
 34%|███▎      | 6197/18408 [07:40<14:34, 13.97it/s]
 34%|███▎      | 6199/18408 [07:40<14:04, 14.46it/s]
                                                    
{'loss': '0.6211', 'grad_norm': '3.072', 'learning_rate': '1.334e-05', 'epoch': '1.01'}

 34%|███▎      | 6200/18408 [07:40<14:04, 14.46it/s]
 34%|███▎      | 6201/18408 [07:40<14:40, 13.86it/s]
 34%|███▎      | 6203/18408 [07:41<14:19, 14.20it/s]
 34%|███▎      | 6205/18408 [07:41<14:24, 14.12it/s]
 34%|███▎      | 6207/18408 [07:41<14:51, 13.69it/s]
 34%|███▎      | 6209/18408 [07:41<16:07, 12.61it/s]
 34%|███▎      | 6211/18408 [07:41<15:24, 13.19it/s]
 34%|███▍      | 6213/18408 [07:41<14:48, 13.73it/s]
 34%|███▍      | 6215/18408 [07:42<14:28, 14.05it/s]
 34%|███▍      | 6217/18408 [07:42<14:10, 14.34it/s]
 34%|███▍      | 6219/18408 [07:42<14:49, 13.70it/s]
 34%|███▍      | 6221/18408 [07:42<14:17, 14.22it/s]
 34%|███▍      | 6223/18408 [07:42<13:51, 14.66it/s]
 34%|███▍      | 6225/18408 [07:42<13:32, 14.99it/s]
 34%|███▍      | 6227/18408 [07:42<13:57, 14.54it/s]
 34%|███▍      | 6229/18408 [07:42<14:06, 14.39it/s]
 34%|███▍      | 6231/18408 [07:43<13:59, 14.50it/s]
 34%|███▍      | 6233/18408 [07:43<13:52, 14.62it/s]
 34%|███▍      | 6235/18408 [07:43<13:47, 14.71it/s]
 34%|███▍      | 6237/18408 [07:43<13:54, 14.58it/s]
 34%|███▍      | 6239/18408 [07:43<14:48, 13.70it/s]
 34%|███▍      | 6241/18408 [07:43<14:19, 14.16it/s]
 34%|███▍      | 6243/18408 [07:43<14:13, 14.26it/s]
 34%|███▍      | 6245/18408 [07:44<14:16, 14.20it/s]
 34%|███▍      | 6247/18408 [07:44<13:51, 14.63it/s]
 34%|███▍      | 6249/18408 [07:44<13:54, 14.58it/s]
                                                    
{'loss': '0.5871', 'grad_norm': '5.508', 'learning_rate': '1.328e-05', 'epoch': '1.019'}

 34%|███▍      | 6250/18408 [07:44<13:54, 14.58it/s]
 34%|███▍      | 6251/18408 [07:44<13:55, 14.55it/s]
 34%|███▍      | 6253/18408 [07:44<14:23, 14.08it/s]
 34%|███▍      | 6255/18408 [07:44<14:08, 14.33it/s]
 34%|███▍      | 6257/18408 [07:44<13:54, 14.56it/s]
 34%|███▍      | 6259/18408 [07:45<13:53, 14.57it/s]
 34%|███▍      | 6261/18408 [07:45<13:54, 14.55it/s]
 34%|███▍      | 6263/18408 [07:45<14:04, 14.38it/s]
 34%|███▍      | 6265/18408 [07:45<14:43, 13.75it/s]
 34%|███▍      | 6267/18408 [07:45<14:10, 14.28it/s]
 34%|███▍      | 6269/18408 [07:45<14:02, 14.41it/s]
 34%|███▍      | 6271/18408 [07:45<13:40, 14.80it/s]
 34%|███▍      | 6273/18408 [07:46<13:35, 14.89it/s]
 34%|███▍      | 6275/18408 [07:46<13:29, 14.98it/s]
 34%|███▍      | 6277/18408 [07:46<13:42, 14.75it/s]
 34%|███▍      | 6279/18408 [07:46<13:57, 14.48it/s]
 34%|███▍      | 6281/18408 [07:46<14:16, 14.16it/s]
 34%|███▍      | 6283/18408 [07:46<13:59, 14.44it/s]
 34%|███▍      | 6285/18408 [07:46<14:01, 14.40it/s]
 34%|███▍      | 6287/18408 [07:47<13:57, 14.47it/s]
 34%|███▍      | 6289/18408 [07:47<14:12, 14.21it/s]
 34%|███▍      | 6291/18408 [07:47<13:50, 14.59it/s]
 34%|███▍      | 6293/18408 [07:47<13:37, 14.81it/s]
 34%|███▍      | 6295/18408 [07:47<14:11, 14.23it/s]
 34%|███▍      | 6297/18408 [07:47<14:13, 14.19it/s]
 34%|███▍      | 6299/18408 [07:47<14:25, 13.99it/s]
                                                    
{'loss': '0.5952', 'grad_norm': '4.728', 'learning_rate': '1.323e-05', 'epoch': '1.027'}

 34%|███▍      | 6300/18408 [07:47<14:25, 13.99it/s]
 34%|███▍      | 6301/18408 [07:47<14:08, 14.28it/s]
 34%|███▍      | 6303/18408 [07:48<14:08, 14.26it/s]
 34%|███▍      | 6305/18408 [07:48<13:42, 14.71it/s]
 34%|███▍      | 6307/18408 [07:48<15:36, 12.92it/s]
 34%|███▍      | 6309/18408 [07:48<15:28, 13.03it/s]
 34%|███▍      | 6311/18408 [07:48<14:40, 13.74it/s]
 34%|███▍      | 6313/18408 [07:48<14:29, 13.91it/s]
 34%|███▍      | 6315/18408 [07:48<13:53, 14.51it/s]
 34%|███▍      | 6317/18408 [07:49<13:29, 14.94it/s]
 34%|███▍      | 6319/18408 [07:49<13:43, 14.67it/s]
 34%|███▍      | 6321/18408 [07:49<13:44, 14.66it/s]
 34%|███▍      | 6323/18408 [07:49<13:39, 14.74it/s]
 34%|███▍      | 6325/18408 [07:49<14:13, 14.15it/s]
 34%|███▍      | 6327/18408 [07:49<14:00, 14.37it/s]
 34%|███▍      | 6329/18408 [07:49<14:30, 13.87it/s]
 34%|███▍      | 6331/18408 [07:50<14:21, 14.01it/s]
 34%|███▍      | 6333/18408 [07:50<14:55, 13.48it/s]
 34%|███▍      | 6335/18408 [07:50<14:38, 13.74it/s]
 34%|███▍      | 6337/18408 [07:50<14:18, 14.06it/s]
 34%|███▍      | 6339/18408 [07:50<13:59, 14.38it/s]
 34%|███▍      | 6341/18408 [07:50<13:56, 14.43it/s]
 34%|███▍      | 6343/18408 [07:50<14:14, 14.12it/s]
 34%|███▍      | 6345/18408 [07:51<14:18, 14.06it/s]
 34%|███▍      | 6347/18408 [07:51<14:02, 14.31it/s]
 34%|███▍      | 6349/18408 [07:51<13:40, 14.70it/s]
                                                    
{'loss': '0.5888', 'grad_norm': '3.192', 'learning_rate': '1.317e-05', 'epoch': '1.035'}

 34%|███▍      | 6350/18408 [07:51<13:40, 14.70it/s]
 35%|███▍      | 6351/18408 [07:51<13:29, 14.90it/s]
 35%|███▍      | 6353/18408 [07:51<13:25, 14.97it/s]
 35%|███▍      | 6355/18408 [07:51<13:23, 15.00it/s]
 35%|███▍      | 6357/18408 [07:51<13:11, 15.22it/s]
 35%|███▍      | 6359/18408 [07:52<13:07, 15.30it/s]
 35%|███▍      | 6361/18408 [07:52<13:13, 15.18it/s]
 35%|███▍      | 6363/18408 [07:52<13:08, 15.28it/s]
 35%|███▍      | 6365/18408 [07:52<13:39, 14.70it/s]
 35%|███▍      | 6367/18408 [07:52<13:40, 14.67it/s]
 35%|███▍      | 6369/18408 [07:52<13:45, 14.59it/s]
 35%|███▍      | 6371/18408 [07:52<13:58, 14.35it/s]
 35%|███▍      | 6373/18408 [07:53<14:55, 13.44it/s]
 35%|███▍      | 6375/18408 [07:53<14:27, 13.87it/s]
 35%|███▍      | 6377/18408 [07:53<14:13, 14.10it/s]
 35%|███▍      | 6379/18408 [07:53<13:56, 14.39it/s]
 35%|███▍      | 6381/18408 [07:53<13:55, 14.40it/s]
 35%|███▍      | 6383/18408 [07:53<13:35, 14.75it/s]
 35%|███▍      | 6385/18408 [07:53<13:41, 14.64it/s]
 35%|███▍      | 6387/18408 [07:53<14:04, 14.23it/s]
 35%|███▍      | 6389/18408 [07:54<13:52, 14.44it/s]
 35%|███▍      | 6391/18408 [07:54<13:45, 14.56it/s]
 35%|███▍      | 6393/18408 [07:54<13:46, 14.54it/s]
 35%|███▍      | 6395/18408 [07:54<14:14, 14.05it/s]
 35%|███▍      | 6397/18408 [07:54<14:06, 14.19it/s]
 35%|███▍      | 6399/18408 [07:54<14:18, 13.99it/s]
                                                    
{'loss': '0.603', 'grad_norm': '3.584', 'learning_rate': '1.312e-05', 'epoch': '1.043'}

 35%|███▍      | 6400/18408 [07:54<14:18, 13.99it/s]
 35%|███▍      | 6401/18408 [07:54<14:02, 14.24it/s]
 35%|███▍      | 6403/18408 [07:55<13:59, 14.29it/s]
 35%|███▍      | 6405/18408 [07:55<13:49, 14.47it/s]
 35%|███▍      | 6407/18408 [07:55<13:45, 14.54it/s]
 35%|███▍      | 6409/18408 [07:55<13:40, 14.62it/s]
 35%|███▍      | 6411/18408 [07:55<13:21, 14.96it/s]
 35%|███▍      | 6413/18408 [07:55<13:43, 14.56it/s]
 35%|███▍      | 6415/18408 [07:55<13:41, 14.59it/s]
 35%|███▍      | 6417/18408 [07:56<13:48, 14.47it/s]
 35%|███▍      | 6419/18408 [07:56<13:51, 14.43it/s]
 35%|███▍      | 6421/18408 [07:56<13:49, 14.46it/s]
 35%|███▍      | 6423/18408 [07:56<13:45, 14.51it/s]
 35%|███▍      | 6425/18408 [07:56<14:04, 14.19it/s]
 35%|███▍      | 6427/18408 [07:56<13:41, 14.58it/s]
 35%|███▍      | 6429/18408 [07:56<13:54, 14.35it/s]
 35%|███▍      | 6431/18408 [07:57<13:44, 14.52it/s]
 35%|███▍      | 6433/18408 [07:57<14:21, 13.89it/s]
 35%|███▍      | 6435/18408 [07:57<14:05, 14.17it/s]
 35%|███▍      | 6437/18408 [07:57<13:48, 14.44it/s]
 35%|███▍      | 6439/18408 [07:57<13:45, 14.50it/s]
 35%|███▍      | 6441/18408 [07:57<14:30, 13.75it/s]
 35%|███▌      | 6443/18408 [07:57<14:01, 14.23it/s]
 35%|███▌      | 6445/18408 [07:58<13:48, 14.44it/s]
 35%|███▌      | 6447/18408 [07:58<14:17, 13.95it/s]
 35%|███▌      | 6449/18408 [07:58<14:01, 14.21it/s]
                                                    
{'loss': '0.628', 'grad_norm': '4.016', 'learning_rate': '1.306e-05', 'epoch': '1.051'}

 35%|███▌      | 6450/18408 [07:58<14:01, 14.21it/s]
 35%|███▌      | 6451/18408 [07:58<13:44, 14.51it/s]
 35%|███▌      | 6453/18408 [07:58<13:27, 14.80it/s]
 35%|███▌      | 6455/18408 [07:58<13:40, 14.57it/s]
 35%|███▌      | 6457/18408 [07:58<13:33, 14.68it/s]
 35%|███▌      | 6459/18408 [07:59<14:27, 13.77it/s]
 35%|███▌      | 6461/18408 [07:59<14:28, 13.75it/s]
 35%|███▌      | 6463/18408 [07:59<14:00, 14.21it/s]
 35%|███▌      | 6465/18408 [07:59<13:37, 14.61it/s]
 35%|███▌      | 6467/18408 [07:59<13:44, 14.49it/s]
 35%|███▌      | 6469/18408 [07:59<13:25, 14.81it/s]
 35%|███▌      | 6471/18408 [07:59<14:02, 14.16it/s]
 35%|███▌      | 6473/18408 [07:59<13:46, 14.44it/s]
 35%|███▌      | 6475/18408 [08:00<13:44, 14.47it/s]
 35%|███▌      | 6477/18408 [08:00<14:00, 14.20it/s]
 35%|███▌      | 6479/18408 [08:00<13:36, 14.60it/s]
 35%|███▌      | 6481/18408 [08:00<13:51, 14.35it/s]
 35%|███▌      | 6483/18408 [08:00<13:39, 14.55it/s]
 35%|███▌      | 6485/18408 [08:00<13:51, 14.33it/s]
 35%|███▌      | 6487/18408 [08:00<13:47, 14.40it/s]
 35%|███▌      | 6489/18408 [08:01<13:37, 14.58it/s]
 35%|███▌      | 6491/18408 [08:01<13:55, 14.27it/s]
 35%|███▌      | 6493/18408 [08:01<14:03, 14.12it/s]
 35%|███▌      | 6495/18408 [08:01<14:02, 14.14it/s]
 35%|███▌      | 6497/18408 [08:01<14:32, 13.65it/s]
 35%|███▌      | 6499/18408 [08:01<14:31, 13.66it/s]
                                                    
{'loss': '0.5954', 'grad_norm': '4.368', 'learning_rate': '1.301e-05', 'epoch': '1.059'}

 35%|███▌      | 6500/18408 [08:01<14:31, 13.66it/s]

  0%|          | 0/39 [00:00<?, ?it/s][A

 31%|███       | 12/39 [00:00<00:00, 111.12it/s][A

 62%|██████▏   | 24/39 [00:00<00:00, 107.52it/s][A

 92%|█████████▏| 36/39 [00:00<00:00, 111.80it/s][A
                                                    

                                                
[A{'eval_loss': '0.5962', 'eval_accuracy': '0.7582', 'eval_precision': '0.7578', 'eval_recall': '0.7582', 'eval_f1_weighted': '0.7579', 'eval_f1_macro': '0.7579', 'eval_runtime': '0.7709', 'eval_samples_per_second': '3230', 'eval_steps_per_second': '50.59', 'epoch': '1.059'}

 35%|███▌      | 6500/18408 [08:02<14:31, 13.66it/s]

100%|██████████| 39/39 [00:00<00:00, 111.80it/s][A

                                                [A

Writing model shards:   0%|          | 0/1 [00:00<?, ?it/s][A

Writing model shards: 100%|██████████| 1/1 [00:01<00:00,  1.28s/it][A
Writing model shards: 100%|██████████| 1/1 [00:01<00:00,  1.28s/it]

 35%|███▌      | 6501/18408 [08:04<1:23:17,  2.38it/s]
 35%|███▌      | 6503/18408 [08:04<1:02:08,  3.19it/s]
 35%|███▌      | 6505/18408 [08:04<47:17,  4.20it/s]  
 35%|███▌      | 6507/18408 [08:04<37:23,  5.30it/s]
 35%|███▌      | 6509/18408 [08:04<29:57,  6.62it/s]
 35%|███▌      | 6511/18408 [08:04<24:58,  7.94it/s]
 35%|███▌      | 6513/18408 [08:05<21:29,  9.23it/s]
 35%|███▌      | 6515/18408 [08:05<18:50, 10.52it/s]
 35%|███▌      | 6517/18408 [08:05<18:30, 10.71it/s]
 35%|███▌      | 6519/18408 [08:05<17:01, 11.64it/s]
 35%|███▌      | 6521/18408 [08:05<16:05, 12.32it/s]
 35%|███▌      | 6523/18408 [08:05<16:17, 12.16it/s]
 35%|███▌      | 6525/18408 [08:05<15:11, 13.04it/s]
 35%|███▌      | 6527/18408 [08:06<14:39, 13.51it/s]
 35%|███▌      | 6529/18408 [08:06<14:44, 13.44it/s]
 35%|███▌      | 6531/18408 [08:06<14:26, 13.71it/s]
 35%|███▌      | 6533/18408 [08:06<13:52, 14.27it/s]
 36%|███▌      | 6535/18408 [08:06<14:02, 14.09it/s]
 36%|███▌      | 6537/18408 [08:06<14:32, 13.60it/s]
 36%|███▌      | 6539/18408 [08:06<13:58, 14.16it/s]
 36%|███▌      | 6541/18408 [08:07<14:01, 14.09it/s]
 36%|███▌      | 6543/18408 [08:07<14:17, 13.84it/s]
 36%|███▌      | 6545/18408 [08:07<14:02, 14.09it/s]
 36%|███▌      | 6547/18408 [08:07<13:42, 14.42it/s]
 36%|███▌      | 6549/18408 [08:07<13:24, 14.74it/s]
                                                    
{'loss': '0.6027', 'grad_norm': '3.709', 'learning_rate': '1.295e-05', 'epoch': '1.067'}

 36%|███▌      | 6550/18408 [08:07<13:24, 14.74it/s]
 36%|███▌      | 6551/18408 [08:07<13:18, 14.85it/s]
 36%|███▌      | 6553/18408 [08:07<13:32, 14.59it/s]
 36%|███▌      | 6555/18408 [08:08<13:13, 14.93it/s]
 36%|███▌      | 6557/18408 [08:08<13:17, 14.86it/s]
 36%|███▌      | 6559/18408 [08:08<13:25, 14.71it/s]
 36%|███▌      | 6561/18408 [08:08<13:40, 14.43it/s]
 36%|███▌      | 6563/18408 [08:08<13:20, 14.79it/s]
 36%|███▌      | 6565/18408 [08:08<13:07, 15.04it/s]
 36%|███▌      | 6567/18408 [08:08<12:57, 15.23it/s]
 36%|███▌      | 6569/18408 [08:08<13:08, 15.02it/s]
 36%|███▌      | 6571/18408 [08:09<13:51, 14.24it/s]
 36%|███▌      | 6573/18408 [08:09<13:44, 14.36it/s]
 36%|███▌      | 6575/18408 [08:09<13:48, 14.28it/s]
 36%|███▌      | 6577/18408 [08:09<13:41, 14.40it/s]
 36%|███▌      | 6579/18408 [08:09<13:30, 14.59it/s]
 36%|███▌      | 6581/18408 [08:09<13:19, 14.79it/s]
 36%|███▌      | 6583/18408 [08:09<13:12, 14.92it/s]
 36%|███▌      | 6585/18408 [08:10<12:59, 15.16it/s]
 36%|███▌      | 6587/18408 [08:10<12:53, 15.29it/s]
 36%|███▌      | 6589/18408 [08:10<12:54, 15.27it/s]
 36%|███▌      | 6591/18408 [08:10<13:32, 14.55it/s]
 36%|███▌      | 6593/18408 [08:10<13:23, 14.70it/s]
 36%|███▌      | 6595/18408 [08:10<13:19, 14.78it/s]
 36%|███▌      | 6597/18408 [08:10<13:38, 14.43it/s]
 36%|███▌      | 6599/18408 [08:11<13:51, 14.21it/s]
                                                    
{'loss': '0.6102', 'grad_norm': '4.672', 'learning_rate': '1.29e-05', 'epoch': '1.076'}

 36%|███▌      | 6600/18408 [08:11<13:51, 14.21it/s]
 36%|███▌      | 6601/18408 [08:11<14:20, 13.72it/s]
 36%|███▌      | 6603/18408 [08:11<14:12, 13.84it/s]
 36%|███▌      | 6605/18408 [08:11<14:38, 13.44it/s]
 36%|███▌      | 6607/18408 [08:11<14:00, 14.04it/s]
 36%|███▌      | 6609/18408 [08:11<14:21, 13.70it/s]
 36%|███▌      | 6611/18408 [08:11<14:00, 14.03it/s]
 36%|███▌      | 6613/18408 [08:12<13:34, 14.48it/s]
 36%|███▌      | 6615/18408 [08:12<14:01, 14.02it/s]
 36%|███▌      | 6617/18408 [08:12<13:49, 14.21it/s]
 36%|███▌      | 6619/18408 [08:12<13:39, 14.39it/s]
 36%|███▌      | 6621/18408 [08:12<13:20, 14.72it/s]
 36%|███▌      | 6623/18408 [08:12<13:07, 14.97it/s]
 36%|███▌      | 6625/18408 [08:12<13:20, 14.71it/s]
 36%|███▌      | 6627/18408 [08:12<13:28, 14.57it/s]
 36%|███▌      | 6629/18408 [08:13<13:48, 14.22it/s]
 36%|███▌      | 6631/18408 [08:13<13:35, 14.44it/s]
 36%|███▌      | 6633/18408 [08:13<14:23, 13.64it/s]
 36%|███▌      | 6635/18408 [08:13<13:52, 14.14it/s]
 36%|███▌      | 6637/18408 [08:13<14:04, 13.94it/s]
 36%|███▌      | 6639/18408 [08:13<14:05, 13.92it/s]
 36%|███▌      | 6641/18408 [08:13<13:48, 14.21it/s]
 36%|███▌      | 6643/18408 [08:14<13:49, 14.18it/s]
 36%|███▌      | 6645/18408 [08:14<13:27, 14.56it/s]
 36%|███▌      | 6647/18408 [08:14<13:31, 14.49it/s]
 36%|███▌      | 6649/18408 [08:14<13:12, 14.83it/s]
                                                    
{'loss': '0.6038', 'grad_norm': '4.457', 'learning_rate': '1.285e-05', 'epoch': '1.084'}

 36%|███▌      | 6650/18408 [08:14<13:12, 14.83it/s]
 36%|███▌      | 6651/18408 [08:14<13:01, 15.04it/s]
 36%|███▌      | 6653/18408 [08:14<13:43, 14.28it/s]
 36%|███▌      | 6655/18408 [08:14<13:23, 14.63it/s]
 36%|███▌      | 6657/18408 [08:15<13:24, 14.60it/s]
 36%|███▌      | 6659/18408 [08:15<14:03, 13.93it/s]
 36%|███▌      | 6661/18408 [08:15<13:32, 14.47it/s]
 36%|███▌      | 6663/18408 [08:15<13:15, 14.76it/s]
 36%|███▌      | 6665/18408 [08:15<12:59, 15.06it/s]
 36%|███▌      | 6667/18408 [08:15<12:49, 15.27it/s]
 36%|███▌      | 6669/18408 [08:15<12:49, 15.25it/s]
 36%|███▌      | 6671/18408 [08:16<12:57, 15.09it/s]
 36%|███▋      | 6673/18408 [08:16<12:57, 15.09it/s]
 36%|███▋      | 6675/18408 [08:16<13:04, 14.95it/s]
 36%|███▋      | 6677/18408 [08:16<12:53, 15.17it/s]
 36%|███▋      | 6679/18408 [08:16<14:35, 13.40it/s]
 36%|███▋      | 6681/18408 [08:16<13:57, 14.01it/s]
 36%|███▋      | 6683/18408 [08:16<13:39, 14.30it/s]
 36%|███▋      | 6685/18408 [08:17<13:58, 13.99it/s]
 36%|███▋      | 6687/18408 [08:17<13:42, 14.25it/s]
 36%|███▋      | 6689/18408 [08:17<13:31, 14.45it/s]
 36%|███▋      | 6691/18408 [08:17<14:33, 13.41it/s]
 36%|███▋      | 6693/18408 [08:17<13:57, 13.99it/s]
 36%|███▋      | 6695/18408 [08:17<14:12, 13.73it/s]
 36%|███▋      | 6697/18408 [08:17<14:07, 13.81it/s]
 36%|███▋      | 6699/18408 [08:18<13:36, 14.34it/s]
                                                    
{'loss': '0.5991', 'grad_norm': '3.951', 'learning_rate': '1.279e-05', 'epoch': '1.092'}

 36%|███▋      | 6700/18408 [08:18<13:36, 14.34it/s]
 36%|███▋      | 6701/18408 [08:18<13:38, 14.31it/s]
 36%|███▋      | 6703/18408 [08:18<13:26, 14.52it/s]
 36%|███▋      | 6705/18408 [08:18<13:16, 14.69it/s]
 36%|███▋      | 6707/18408 [08:18<13:55, 14.00it/s]
 36%|███▋      | 6709/18408 [08:18<13:39, 14.28it/s]
 36%|███▋      | 6711/18408 [08:18<14:57, 13.04it/s]
 36%|███▋      | 6713/18408 [08:19<14:37, 13.32it/s]
 36%|███▋      | 6715/18408 [08:19<13:58, 13.95it/s]
 36%|███▋      | 6717/18408 [08:19<13:40, 14.25it/s]
 37%|███▋      | 6719/18408 [08:19<13:30, 14.42it/s]
 37%|███▋      | 6721/18408 [08:19<13:42, 14.21it/s]
 37%|███▋      | 6723/18408 [08:19<13:59, 13.93it/s]
 37%|███▋      | 6725/18408 [08:19<13:43, 14.18it/s]
 37%|███▋      | 6727/18408 [08:20<15:12, 12.80it/s]
 37%|███▋      | 6729/18408 [08:20<14:26, 13.48it/s]
 37%|███▋      | 6731/18408 [08:20<13:50, 14.07it/s]
 37%|███▋      | 6733/18408 [08:20<14:05, 13.81it/s]
 37%|███▋      | 6735/18408 [08:20<14:09, 13.74it/s]
 37%|███▋      | 6737/18408 [08:20<13:47, 14.10it/s]
 37%|███▋      | 6739/18408 [08:20<13:48, 14.09it/s]
 37%|███▋      | 6741/18408 [08:21<13:43, 14.17it/s]
 37%|███▋      | 6743/18408 [08:21<13:27, 14.44it/s]
 37%|███▋      | 6745/18408 [08:21<13:08, 14.79it/s]
 37%|███▋      | 6747/18408 [08:21<12:53, 15.08it/s]
 37%|███▋      | 6749/18408 [08:21<12:54, 15.06it/s]
                                                    
{'loss': '0.6057', 'grad_norm': '4.141', 'learning_rate': '1.274e-05', 'epoch': '1.1'}

 37%|███▋      | 6750/18408 [08:21<12:54, 15.06it/s]
 37%|███▋      | 6751/18408 [08:21<12:46, 15.20it/s]
 37%|███▋      | 6753/18408 [08:21<12:59, 14.95it/s]
 37%|███▋      | 6755/18408 [08:21<13:19, 14.58it/s]
 37%|███▋      | 6757/18408 [08:22<13:35, 14.29it/s]
 37%|███▋      | 6759/18408 [08:22<14:15, 13.62it/s]
 37%|███▋      | 6761/18408 [08:22<13:39, 14.21it/s]
 37%|███▋      | 6763/18408 [08:22<13:16, 14.61it/s]
 37%|███▋      | 6765/18408 [08:22<12:59, 14.93it/s]
 37%|███▋      | 6767/18408 [08:22<13:27, 14.41it/s]
 37%|███▋      | 6769/18408 [08:22<13:10, 14.72it/s]
 37%|███▋      | 6771/18408 [08:23<13:01, 14.89it/s]
 37%|███▋      | 6773/18408 [08:23<13:28, 14.40it/s]
 37%|███▋      | 6775/18408 [08:23<13:25, 14.44it/s]
 37%|███▋      | 6777/18408 [08:23<13:31, 14.34it/s]
 37%|███▋      | 6779/18408 [08:23<13:17, 14.59it/s]
 37%|███▋      | 6781/18408 [08:23<13:18, 14.57it/s]
 37%|███▋      | 6783/18408 [08:23<13:06, 14.79it/s]
 37%|███▋      | 6785/18408 [08:24<13:02, 14.86it/s]
 37%|███▋      | 6787/18408 [08:24<13:04, 14.81it/s]
 37%|███▋      | 6789/18408 [08:24<13:09, 14.71it/s]
 37%|███▋      | 6791/18408 [08:24<13:11, 14.68it/s]
 37%|███▋      | 6793/18408 [08:24<13:06, 14.77it/s]
 37%|███▋      | 6795/18408 [08:24<13:12, 14.65it/s]
 37%|███▋      | 6797/18408 [08:24<13:57, 13.86it/s]
 37%|███▋      | 6799/18408 [08:24<13:27, 14.39it/s]
                                                    
{'loss': '0.621', 'grad_norm': '3.284', 'learning_rate': '1.268e-05', 'epoch': '1.108'}

 37%|███▋      | 6800/18408 [08:25<13:26, 14.39it/s]
 37%|███▋      | 6801/18408 [08:25<13:22, 14.47it/s]
 37%|███▋      | 6803/18408 [08:25<13:17, 14.55it/s]
 37%|███▋      | 6805/18408 [08:25<12:58, 14.91it/s]
 37%|███▋      | 6807/18408 [08:25<13:32, 14.27it/s]
 37%|███▋      | 6809/18408 [08:25<13:20, 14.49it/s]
 37%|███▋      | 6811/18408 [08:25<13:11, 14.65it/s]
 37%|███▋      | 6813/18408 [08:25<13:03, 14.79it/s]
 37%|███▋      | 6815/18408 [08:26<12:54, 14.97it/s]
 37%|███▋      | 6817/18408 [08:26<13:25, 14.40it/s]
 37%|███▋      | 6819/18408 [08:26<13:42, 14.09it/s]
 37%|███▋      | 6821/18408 [08:26<13:44, 14.06it/s]
 37%|███▋      | 6823/18408 [08:26<13:18, 14.52it/s]
 37%|███▋      | 6825/18408 [08:26<12:58, 14.88it/s]
 37%|███▋      | 6827/18408 [08:26<12:56, 14.92it/s]
 37%|███▋      | 6829/18408 [08:27<12:43, 15.16it/s]
 37%|███▋      | 6831/18408 [08:27<12:45, 15.13it/s]
 37%|███▋      | 6833/18408 [08:27<14:12, 13.58it/s]
 37%|███▋      | 6835/18408 [08:27<14:35, 13.22it/s]
 37%|███▋      | 6837/18408 [08:27<14:40, 13.14it/s]
 37%|███▋      | 6839/18408 [08:27<13:59, 13.79it/s]
 37%|███▋      | 6841/18408 [08:27<13:27, 14.33it/s]
 37%|███▋      | 6843/18408 [08:28<13:04, 14.74it/s]
 37%|███▋      | 6845/18408 [08:28<12:59, 14.84it/s]
 37%|███▋      | 6847/18408 [08:28<13:11, 14.61it/s]
 37%|███▋      | 6849/18408 [08:28<13:32, 14.22it/s]
                                                    
{'loss': '0.6136', 'grad_norm': '3.135', 'learning_rate': '1.263e-05', 'epoch': '1.116'}

 37%|███▋      | 6850/18408 [08:28<13:32, 14.22it/s]
 37%|███▋      | 6851/18408 [08:28<15:11, 12.68it/s]
 37%|███▋      | 6853/18408 [08:28<14:16, 13.48it/s]
 37%|███▋      | 6855/18408 [08:28<14:17, 13.48it/s]
 37%|███▋      | 6857/18408 [08:29<14:30, 13.28it/s]
 37%|███▋      | 6859/18408 [08:29<14:07, 13.62it/s]
 37%|███▋      | 6861/18408 [08:29<13:35, 14.16it/s]
 37%|███▋      | 6863/18408 [08:29<13:17, 14.48it/s]
 37%|███▋      | 6865/18408 [08:29<13:10, 14.60it/s]
 37%|███▋      | 6867/18408 [08:29<13:12, 14.55it/s]
 37%|███▋      | 6869/18408 [08:29<13:29, 14.26it/s]
 37%|███▋      | 6871/18408 [08:30<13:18, 14.45it/s]
 37%|███▋      | 6873/18408 [08:30<13:08, 14.64it/s]
 37%|███▋      | 6875/18408 [08:30<12:48, 15.01it/s]
 37%|███▋      | 6877/18408 [08:30<12:47, 15.03it/s]
 37%|███▋      | 6879/18408 [08:30<13:12, 14.55it/s]
 37%|███▋      | 6881/18408 [08:30<13:06, 14.66it/s]
 37%|███▋      | 6883/18408 [08:30<13:22, 14.37it/s]
 37%|███▋      | 6885/18408 [08:30<13:00, 14.76it/s]
 37%|███▋      | 6887/18408 [08:31<12:45, 15.05it/s]
 37%|███▋      | 6889/18408 [08:31<13:22, 14.35it/s]
 37%|███▋      | 6891/18408 [08:31<13:00, 14.75it/s]
 37%|███▋      | 6893/18408 [08:31<13:14, 14.50it/s]
 37%|███▋      | 6895/18408 [08:31<13:14, 14.49it/s]
 37%|███▋      | 6897/18408 [08:31<13:05, 14.66it/s]
 37%|███▋      | 6899/18408 [08:31<12:46, 15.01it/s]
                                                    
{'loss': '0.5904', 'grad_norm': '5.056', 'learning_rate': '1.257e-05', 'epoch': '1.125'}

 37%|███▋      | 6900/18408 [08:32<12:46, 15.01it/s]
 37%|███▋      | 6901/18408 [08:32<12:47, 14.99it/s]
 38%|███▊      | 6903/18408 [08:32<12:38, 15.17it/s]
 38%|███▊      | 6905/18408 [08:32<13:18, 14.40it/s]
 38%|███▊      | 6907/18408 [08:32<13:19, 14.39it/s]
 38%|███▊      | 6909/18408 [08:32<13:47, 13.90it/s]
 38%|███▊      | 6911/18408 [08:32<13:19, 14.38it/s]
 38%|███▊      | 6913/18408 [08:32<13:50, 13.84it/s]
 38%|███▊      | 6915/18408 [08:33<13:19, 14.37it/s]
 38%|███▊      | 6917/18408 [08:33<13:07, 14.58it/s]
 38%|███▊      | 6919/18408 [08:33<13:26, 14.24it/s]
 38%|███▊      | 6921/18408 [08:33<13:20, 14.36it/s]
 38%|███▊      | 6923/18408 [08:33<13:08, 14.57it/s]
 38%|███▊      | 6925/18408 [08:33<13:31, 14.15it/s]
 38%|███▊      | 6927/18408 [08:33<13:06, 14.59it/s]
 38%|███▊      | 6929/18408 [08:34<13:27, 14.22it/s]
 38%|███▊      | 6931/18408 [08:34<13:43, 13.94it/s]
 38%|███▊      | 6933/18408 [08:34<13:48, 13.85it/s]
 38%|███▊      | 6935/18408 [08:34<14:17, 13.38it/s]
 38%|███▊      | 6937/18408 [08:34<13:50, 13.81it/s]
 38%|███▊      | 6939/18408 [08:34<14:07, 13.54it/s]
 38%|███▊      | 6941/18408 [08:34<14:01, 13.63it/s]
 38%|███▊      | 6943/18408 [08:35<13:36, 14.04it/s]
 38%|███▊      | 6945/18408 [08:35<13:13, 14.45it/s]
 38%|███▊      | 6947/18408 [08:35<13:04, 14.61it/s]
 38%|███▊      | 6949/18408 [08:35<13:19, 14.33it/s]
                                                    
{'loss': '0.6182', 'grad_norm': '3.782', 'learning_rate': '1.252e-05', 'epoch': '1.133'}

 38%|███▊      | 6950/18408 [08:35<13:19, 14.33it/s]
 38%|███▊      | 6951/18408 [08:35<13:08, 14.53it/s]
 38%|███▊      | 6953/18408 [08:35<13:35, 14.05it/s]
 38%|███▊      | 6955/18408 [08:35<13:10, 14.49it/s]
 38%|███▊      | 6957/18408 [08:36<13:36, 14.02it/s]
 38%|███▊      | 6959/18408 [08:36<14:08, 13.49it/s]
 38%|███▊      | 6961/18408 [08:36<13:53, 13.74it/s]
 38%|███▊      | 6963/18408 [08:36<13:29, 14.13it/s]
 38%|███▊      | 6965/18408 [08:36<13:06, 14.54it/s]
 38%|███▊      | 6967/18408 [08:36<13:38, 13.98it/s]
 38%|███▊      | 6969/18408 [08:36<13:33, 14.06it/s]
 38%|███▊      | 6971/18408 [08:37<13:38, 13.97it/s]
 38%|███▊      | 6973/18408 [08:37<13:27, 14.16it/s]
 38%|███▊      | 6975/18408 [08:37<13:24, 14.21it/s]
 38%|███▊      | 6977/18408 [08:37<13:19, 14.30it/s]
 38%|███▊      | 6979/18408 [08:37<13:13, 14.40it/s]
 38%|███▊      | 6981/18408 [08:37<12:56, 14.72it/s]
 38%|███▊      | 6983/18408 [08:37<12:39, 15.04it/s]
 38%|███▊      | 6985/18408 [08:37<13:13, 14.39it/s]
 38%|███▊      | 6987/18408 [08:38<13:13, 14.40it/s]
 38%|███▊      | 6989/18408 [08:38<14:30, 13.12it/s]
 38%|███▊      | 6991/18408 [08:38<13:56, 13.65it/s]
 38%|███▊      | 6993/18408 [08:38<13:52, 13.71it/s]
 38%|███▊      | 6995/18408 [08:38<13:37, 13.96it/s]
 38%|███▊      | 6997/18408 [08:38<13:42, 13.87it/s]
 38%|███▊      | 6999/18408 [08:39<13:43, 13.86it/s]
                                                    
{'loss': '0.6069', 'grad_norm': '4.781', 'learning_rate': '1.246e-05', 'epoch': '1.141'}

 38%|███▊      | 7000/18408 [08:39<13:42, 13.86it/s]

  0%|          | 0/39 [00:00<?, ?it/s][A

 26%|██▌       | 10/39 [00:00<00:00, 99.12it/s][A

 54%|█████▍    | 21/39 [00:00<00:00, 102.37it/s][A

 85%|████████▍ | 33/39 [00:00<00:00, 109.58it/s][A
                                                    

                                                
[A{'eval_loss': '0.5914', 'eval_accuracy': '0.7562', 'eval_precision': '0.7575', 'eval_recall': '0.7562', 'eval_f1_weighted': '0.7565', 'eval_f1_macro': '0.7565', 'eval_runtime': '0.8407', 'eval_samples_per_second': '2962', 'eval_steps_per_second': '46.39', 'epoch': '1.141'}

 38%|███▊      | 7000/18408 [08:39<13:42, 13.86it/s]

100%|██████████| 39/39 [00:00<00:00, 109.58it/s][A

                                                [A

Writing model shards:   0%|          | 0/1 [00:00<?, ?it/s][A

Writing model shards: 100%|██████████| 1/1 [00:01<00:00,  1.21s/it][A
Writing model shards: 100%|██████████| 1/1 [00:01<00:00,  1.21s/it]

 38%|███▊      | 7001/18408 [08:41<1:19:13,  2.40it/s]
 38%|███▊      | 7003/18408 [08:41<59:16,  3.21it/s]  
 38%|███▊      | 7005/18408 [08:41<45:23,  4.19it/s]
 38%|███▊      | 7007/18408 [08:41<37:06,  5.12it/s]
 38%|███▊      | 7009/18408 [08:42<29:43,  6.39it/s]
 38%|███▊      | 7011/18408 [08:42<24:23,  7.79it/s]
 38%|███▊      | 7013/18408 [08:42<21:00,  9.04it/s]
 38%|███▊      | 7015/18408 [08:42<18:34, 10.22it/s]
 38%|███▊      | 7017/18408 [08:42<16:49, 11.29it/s]
 38%|███▊      | 7019/18408 [08:42<15:44, 12.06it/s]
 38%|███▊      | 7021/18408 [08:42<14:52, 12.76it/s]
 38%|███▊      | 7023/18408 [08:42<14:08, 13.42it/s]
 38%|███▊      | 7025/18408 [08:43<13:52, 13.67it/s]
 38%|███▊      | 7027/18408 [08:43<13:36, 13.95it/s]
 38%|███▊      | 7029/18408 [08:43<13:22, 14.18it/s]
 38%|███▊      | 7031/18408 [08:43<13:13, 14.34it/s]
 38%|███▊      | 7033/18408 [08:43<12:53, 14.71it/s]
 38%|███▊      | 7035/18408 [08:43<14:33, 13.02it/s]
 38%|███▊      | 7037/18408 [08:43<14:02, 13.50it/s]
 38%|███▊      | 7039/18408 [08:44<13:44, 13.79it/s]
 38%|███▊      | 7041/18408 [08:44<13:56, 13.59it/s]
 38%|███▊      | 7043/18408 [08:44<13:36, 13.91it/s]
 38%|███▊      | 7045/18408 [08:44<13:15, 14.28it/s]
 38%|███▊      | 7047/18408 [08:44<13:28, 14.05it/s]
 38%|███▊      | 7049/18408 [08:44<13:10, 14.37it/s]
                                                    
{'loss': '0.5745', 'grad_norm': '5.577', 'learning_rate': '1.241e-05', 'epoch': '1.149'}

 38%|███▊      | 7050/18408 [08:44<13:10, 14.37it/s]
 38%|███▊      | 7051/18408 [08:44<12:59, 14.56it/s]
 38%|███▊      | 7053/18408 [08:45<12:41, 14.92it/s]
 38%|███▊      | 7055/18408 [08:45<12:29, 15.14it/s]
 38%|███▊      | 7057/18408 [08:45<12:39, 14.95it/s]
 38%|███▊      | 7059/18408 [08:45<12:27, 15.19it/s]
 38%|███▊      | 7061/18408 [08:45<12:31, 15.09it/s]
 38%|███▊      | 7063/18408 [08:45<12:52, 14.69it/s]
 38%|███▊      | 7065/18408 [08:45<12:47, 14.78it/s]
 38%|███▊      | 7067/18408 [08:46<12:34, 15.02it/s]
 38%|███▊      | 7069/18408 [08:46<12:25, 15.21it/s]
 38%|███▊      | 7071/18408 [08:46<12:33, 15.05it/s]
 38%|███▊      | 7073/18408 [08:46<12:53, 14.65it/s]
 38%|███▊      | 7075/18408 [08:46<14:08, 13.36it/s]
 38%|███▊      | 7077/18408 [08:46<13:50, 13.65it/s]
 38%|███▊      | 7079/18408 [08:46<13:18, 14.19it/s]
 38%|███▊      | 7081/18408 [08:47<12:55, 14.61it/s]
 38%|███▊      | 7083/18408 [08:47<14:10, 13.31it/s]
 38%|███▊      | 7085/18408 [08:47<14:12, 13.28it/s]
 38%|███▊      | 7087/18408 [08:47<13:42, 13.77it/s]
 39%|███▊      | 7089/18408 [08:47<13:12, 14.29it/s]
 39%|███▊      | 7091/18408 [08:47<13:12, 14.29it/s]
 39%|███▊      | 7093/18408 [08:47<12:49, 14.71it/s]
 39%|███▊      | 7095/18408 [08:48<12:40, 14.88it/s]
 39%|███▊      | 7097/18408 [08:48<14:13, 13.26it/s]
 39%|███▊      | 7099/18408 [08:48<13:50, 13.62it/s]
                                                    
{'loss': '0.6042', 'grad_norm': '4.398', 'learning_rate': '1.235e-05', 'epoch': '1.157'}

 39%|███▊      | 7100/18408 [08:48<13:50, 13.62it/s]
 39%|███▊      | 7101/18408 [08:48<13:15, 14.21it/s]
 39%|███▊      | 7103/18408 [08:48<12:51, 14.65it/s]
 39%|███▊      | 7105/18408 [08:48<12:37, 14.91it/s]
 39%|███▊      | 7107/18408 [08:48<12:54, 14.59it/s]
 39%|███▊      | 7109/18408 [08:48<13:06, 14.36it/s]
 39%|███▊      | 7111/18408 [08:49<13:00, 14.48it/s]
 39%|███▊      | 7113/18408 [08:49<14:30, 12.98it/s]
 39%|███▊      | 7115/18408 [08:49<14:02, 13.40it/s]
 39%|███▊      | 7117/18408 [08:49<13:50, 13.59it/s]
 39%|███▊      | 7119/18408 [08:49<13:47, 13.64it/s]
 39%|███▊      | 7121/18408 [08:49<13:17, 14.14it/s]
 39%|███▊      | 7123/18408 [08:50<13:39, 13.76it/s]
 39%|███▊      | 7125/18408 [08:50<13:07, 14.32it/s]
 39%|███▊      | 7127/18408 [08:50<13:39, 13.76it/s]
 39%|███▊      | 7129/18408 [08:50<13:08, 14.31it/s]
 39%|███▊      | 7131/18408 [08:50<13:21, 14.06it/s]
 39%|███▊      | 7133/18408 [08:50<13:19, 14.11it/s]
 39%|███▉      | 7135/18408 [08:50<13:00, 14.43it/s]
 39%|███▉      | 7137/18408 [08:51<12:59, 14.47it/s]
 39%|███▉      | 7139/18408 [08:51<12:44, 14.74it/s]
 39%|███▉      | 7141/18408 [08:51<12:45, 14.72it/s]
 39%|███▉      | 7143/18408 [08:51<12:43, 14.76it/s]
 39%|███▉      | 7145/18408 [08:51<12:28, 15.05it/s]
 39%|███▉      | 7147/18408 [08:51<12:24, 15.13it/s]
 39%|███▉      | 7149/18408 [08:51<12:24, 15.13it/s]
                                                    
{'loss': '0.6055', 'grad_norm': '4.429', 'learning_rate': '1.23e-05', 'epoch': '1.165'}

 39%|███▉      | 7150/18408 [08:51<12:24, 15.13it/s]
 39%|███▉      | 7151/18408 [08:51<12:23, 15.15it/s]
 39%|███▉      | 7153/18408 [08:52<12:32, 14.95it/s]
 39%|███▉      | 7155/18408 [08:52<12:45, 14.71it/s]
 39%|███▉      | 7157/18408 [08:52<13:07, 14.29it/s]
 39%|███▉      | 7159/18408 [08:52<12:57, 14.46it/s]
 39%|███▉      | 7161/18408 [08:52<13:16, 14.12it/s]
 39%|███▉      | 7163/18408 [08:52<12:58, 14.45it/s]
 39%|███▉      | 7165/18408 [08:52<13:25, 13.95it/s]
 39%|███▉      | 7167/18408 [08:53<12:58, 14.43it/s]
 39%|███▉      | 7169/18408 [08:53<12:49, 14.61it/s]
 39%|███▉      | 7171/18408 [08:53<13:47, 13.59it/s]
 39%|███▉      | 7173/18408 [08:53<13:20, 14.03it/s]
 39%|███▉      | 7175/18408 [08:53<13:12, 14.17it/s]
 39%|███▉      | 7177/18408 [08:53<12:59, 14.41it/s]
 39%|███▉      | 7179/18408 [08:53<14:20, 13.05it/s]
 39%|███▉      | 7181/18408 [08:54<13:43, 13.63it/s]
 39%|███▉      | 7183/18408 [08:54<13:55, 13.44it/s]
 39%|███▉      | 7185/18408 [08:54<13:36, 13.74it/s]
 39%|███▉      | 7187/18408 [08:54<13:08, 14.24it/s]
 39%|███▉      | 7189/18408 [08:54<12:45, 14.66it/s]
 39%|███▉      | 7191/18408 [08:54<13:32, 13.81it/s]
 39%|███▉      | 7193/18408 [08:54<13:05, 14.28it/s]
 39%|███▉      | 7195/18408 [08:55<12:41, 14.72it/s]
 39%|███▉      | 7197/18408 [08:55<12:59, 14.39it/s]
 39%|███▉      | 7199/18408 [08:55<12:59, 14.38it/s]
                                                    
{'loss': '0.6154', 'grad_norm': '4.715', 'learning_rate': '1.224e-05', 'epoch': '1.173'}

 39%|███▉      | 7200/18408 [08:55<12:59, 14.38it/s]
 39%|███▉      | 7201/18408 [08:55<12:40, 14.73it/s]
 39%|███▉      | 7203/18408 [08:55<12:27, 14.99it/s]
 39%|███▉      | 7205/18408 [08:55<12:41, 14.71it/s]
 39%|███▉      | 7207/18408 [08:55<13:29, 13.84it/s]
 39%|███▉      | 7209/18408 [08:56<13:53, 13.43it/s]
 39%|███▉      | 7211/18408 [08:56<13:16, 14.07it/s]
 39%|███▉      | 7213/18408 [08:56<12:50, 14.53it/s]
 39%|███▉      | 7215/18408 [08:56<12:43, 14.67it/s]
 39%|███▉      | 7217/18408 [08:56<12:27, 14.97it/s]
 39%|███▉      | 7219/18408 [08:56<13:13, 14.11it/s]
 39%|███▉      | 7221/18408 [08:56<13:39, 13.66it/s]
 39%|███▉      | 7223/18408 [08:57<13:33, 13.75it/s]
 39%|███▉      | 7225/18408 [08:57<13:11, 14.13it/s]
 39%|███▉      | 7227/18408 [08:57<12:55, 14.41it/s]
 39%|███▉      | 7229/18408 [08:57<12:43, 14.63it/s]
 39%|███▉      | 7231/18408 [08:57<12:32, 14.86it/s]
 39%|███▉      | 7233/18408 [08:57<12:22, 15.06it/s]
 39%|███▉      | 7235/18408 [08:57<12:11, 15.26it/s]
 39%|███▉      | 7237/18408 [08:57<12:04, 15.41it/s]
 39%|███▉      | 7239/18408 [08:58<12:55, 14.40it/s]
 39%|███▉      | 7241/18408 [08:58<12:47, 14.54it/s]
 39%|███▉      | 7243/18408 [08:58<13:26, 13.85it/s]
 39%|███▉      | 7245/18408 [08:58<13:08, 14.16it/s]
 39%|███▉      | 7247/18408 [08:58<13:28, 13.80it/s]
 39%|███▉      | 7249/18408 [08:58<13:29, 13.78it/s]
                                                    
{'loss': '0.5903', 'grad_norm': '4.347', 'learning_rate': '1.219e-05', 'epoch': '1.182'}

 39%|███▉      | 7250/18408 [08:58<13:29, 13.78it/s]
 39%|███▉      | 7251/18408 [08:58<12:58, 14.32it/s]
 39%|███▉      | 7253/18408 [08:59<14:31, 12.81it/s]
 39%|███▉      | 7255/18408 [08:59<13:43, 13.55it/s]
 39%|███▉      | 7257/18408 [08:59<13:21, 13.92it/s]
 39%|███▉      | 7259/18408 [08:59<13:00, 14.29it/s]
 39%|███▉      | 7261/18408 [08:59<13:27, 13.81it/s]
 39%|███▉      | 7263/18408 [08:59<13:13, 14.05it/s]
 39%|███▉      | 7265/18408 [08:59<13:00, 14.27it/s]
 39%|███▉      | 7267/18408 [09:00<12:39, 14.67it/s]
 39%|███▉      | 7269/18408 [09:00<12:45, 14.55it/s]
 39%|███▉      | 7271/18408 [09:00<12:43, 14.59it/s]
 40%|███▉      | 7273/18408 [09:00<12:27, 14.91it/s]
 40%|███▉      | 7275/18408 [09:00<12:39, 14.66it/s]
 40%|███▉      | 7277/18408 [09:00<12:32, 14.80it/s]
 40%|███▉      | 7279/18408 [09:00<12:38, 14.67it/s]
 40%|███▉      | 7281/18408 [09:01<12:38, 14.68it/s]
 40%|███▉      | 7283/18408 [09:01<12:38, 14.67it/s]
 40%|███▉      | 7285/18408 [09:01<13:14, 14.00it/s]
 40%|███▉      | 7287/18408 [09:01<13:04, 14.18it/s]
 40%|███▉      | 7289/18408 [09:01<12:49, 14.45it/s]
 40%|███▉      | 7291/18408 [09:01<12:38, 14.67it/s]
 40%|███▉      | 7293/18408 [09:01<14:21, 12.90it/s]
 40%|███▉      | 7295/18408 [09:02<13:47, 13.43it/s]
 40%|███▉      | 7297/18408 [09:02<13:44, 13.48it/s]
 40%|███▉      | 7299/18408 [09:02<13:17, 13.93it/s]
                                                    
{'loss': '0.6113', 'grad_norm': '3.331', 'learning_rate': '1.214e-05', 'epoch': '1.19'}

 40%|███▉      | 7300/18408 [09:02<13:17, 13.93it/s]
 40%|███▉      | 7301/18408 [09:02<13:43, 13.49it/s]
 40%|███▉      | 7303/18408 [09:02<13:07, 14.10it/s]
 40%|███▉      | 7305/18408 [09:02<13:28, 13.74it/s]
 40%|███▉      | 7307/18408 [09:02<13:14, 13.97it/s]
 40%|███▉      | 7309/18408 [09:03<12:55, 14.32it/s]
 40%|███▉      | 7311/18408 [09:03<12:57, 14.28it/s]
 40%|███▉      | 7313/18408 [09:03<13:30, 13.69it/s]
 40%|███▉      | 7315/18408 [09:03<14:03, 13.15it/s]
 40%|███▉      | 7317/18408 [09:03<14:05, 13.12it/s]
 40%|███▉      | 7319/18408 [09:03<13:37, 13.57it/s]
 40%|███▉      | 7321/18408 [09:03<13:24, 13.78it/s]
 40%|███▉      | 7323/18408 [09:04<13:06, 14.09it/s]
 40%|███▉      | 7325/18408 [09:04<12:58, 14.23it/s]
 40%|███▉      | 7327/18408 [09:04<13:27, 13.72it/s]
 40%|███▉      | 7329/18408 [09:04<13:02, 14.16it/s]
 40%|███▉      | 7331/18408 [09:04<13:13, 13.95it/s]
 40%|███▉      | 7333/18408 [09:04<13:57, 13.23it/s]
 40%|███▉      | 7335/18408 [09:04<13:21, 13.82it/s]
 40%|███▉      | 7337/18408 [09:05<13:29, 13.67it/s]
 40%|███▉      | 7339/18408 [09:05<13:08, 14.04it/s]
 40%|███▉      | 7341/18408 [09:05<12:53, 14.30it/s]
 40%|███▉      | 7343/18408 [09:05<12:45, 14.45it/s]
 40%|███▉      | 7345/18408 [09:05<13:02, 14.14it/s]
 40%|███▉      | 7347/18408 [09:05<12:42, 14.51it/s]
 40%|███▉      | 7349/18408 [09:05<12:34, 14.65it/s]
                                                    
{'loss': '0.6269', 'grad_norm': '5.511', 'learning_rate': '1.208e-05', 'epoch': '1.198'}

 40%|███▉      | 7350/18408 [09:06<12:34, 14.65it/s]
 40%|███▉      | 7351/18408 [09:06<12:34, 14.66it/s]
 40%|███▉      | 7353/18408 [09:06<12:26, 14.80it/s]
 40%|███▉      | 7355/18408 [09:06<12:14, 15.06it/s]
 40%|███▉      | 7357/18408 [09:06<12:17, 14.99it/s]
 40%|███▉      | 7359/18408 [09:06<12:25, 14.83it/s]
 40%|███▉      | 7361/18408 [09:06<12:41, 14.51it/s]
 40%|███▉      | 7363/18408 [09:06<13:17, 13.86it/s]
 40%|████      | 7365/18408 [09:07<12:47, 14.38it/s]
 40%|████      | 7367/18408 [09:07<12:28, 14.75it/s]
 40%|████      | 7369/18408 [09:07<12:38, 14.55it/s]
 40%|████      | 7371/18408 [09:07<12:37, 14.58it/s]
 40%|████      | 7373/18408 [09:07<14:14, 12.92it/s]
 40%|████      | 7375/18408 [09:07<14:08, 13.00it/s]
 40%|████      | 7377/18408 [09:07<13:36, 13.50it/s]
 40%|████      | 7379/18408 [09:08<13:16, 13.84it/s]
 40%|████      | 7381/18408 [09:08<13:15, 13.87it/s]
 40%|████      | 7383/18408 [09:08<12:46, 14.38it/s]
 40%|████      | 7385/18408 [09:08<13:32, 13.56it/s]
 40%|████      | 7387/18408 [09:08<13:38, 13.47it/s]
 40%|████      | 7389/18408 [09:08<13:12, 13.90it/s]
 40%|████      | 7391/18408 [09:08<13:05, 14.03it/s]
 40%|████      | 7393/18408 [09:09<13:04, 14.05it/s]
 40%|████      | 7395/18408 [09:09<12:59, 14.13it/s]
 40%|████      | 7397/18408 [09:09<13:06, 14.01it/s]
 40%|████      | 7399/18408 [09:09<12:54, 14.21it/s]
                                                    
{'loss': '0.6217', 'grad_norm': '3.671', 'learning_rate': '1.203e-05', 'epoch': '1.206'}

 40%|████      | 7400/18408 [09:09<12:54, 14.21it/s]
 40%|████      | 7401/18408 [09:09<12:38, 14.52it/s]
 40%|████      | 7403/18408 [09:09<12:42, 14.44it/s]
 40%|████      | 7405/18408 [09:09<12:28, 14.70it/s]
 40%|████      | 7407/18408 [09:10<12:17, 14.92it/s]
 40%|████      | 7409/18408 [09:10<12:15, 14.96it/s]
 40%|████      | 7411/18408 [09:10<12:27, 14.72it/s]
 40%|████      | 7413/18408 [09:10<12:33, 14.59it/s]
 40%|████      | 7415/18408 [09:10<12:38, 14.50it/s]
 40%|████      | 7417/18408 [09:10<12:33, 14.59it/s]
 40%|████      | 7419/18408 [09:10<12:25, 14.74it/s]
 40%|████      | 7421/18408 [09:10<12:51, 14.25it/s]
 40%|████      | 7423/18408 [09:11<13:31, 13.54it/s]
 40%|████      | 7425/18408 [09:11<13:07, 13.94it/s]
 40%|████      | 7427/18408 [09:11<12:59, 14.08it/s]
 40%|████      | 7429/18408 [09:11<12:44, 14.36it/s]
 40%|████      | 7431/18408 [09:11<12:36, 14.51it/s]
 40%|████      | 7433/18408 [09:11<12:59, 14.09it/s]
 40%|████      | 7435/18408 [09:11<13:05, 13.98it/s]
 40%|████      | 7437/18408 [09:12<13:31, 13.52it/s]
 40%|████      | 7439/18408 [09:12<13:32, 13.49it/s]
 40%|████      | 7441/18408 [09:12<13:17, 13.75it/s]
 40%|████      | 7443/18408 [09:12<13:25, 13.61it/s]
 40%|████      | 7445/18408 [09:12<12:52, 14.20it/s]
 40%|████      | 7447/18408 [09:12<12:44, 14.33it/s]
 40%|████      | 7449/18408 [09:13<13:11, 13.84it/s]
                                                    
{'loss': '0.5982', 'grad_norm': '4.474', 'learning_rate': '1.197e-05', 'epoch': '1.214'}

 40%|████      | 7450/18408 [09:13<13:11, 13.84it/s]
 40%|████      | 7451/18408 [09:13<12:54, 14.14it/s]
 40%|████      | 7453/18408 [09:13<12:33, 14.55it/s]
 40%|████      | 7455/18408 [09:13<12:19, 14.81it/s]
 41%|████      | 7457/18408 [09:13<12:45, 14.31it/s]
 41%|████      | 7459/18408 [09:13<13:04, 13.96it/s]
 41%|████      | 7461/18408 [09:13<12:38, 14.43it/s]
 41%|████      | 7463/18408 [09:13<12:42, 14.35it/s]
 41%|████      | 7465/18408 [09:14<12:30, 14.58it/s]
 41%|████      | 7467/18408 [09:14<12:14, 14.90it/s]
 41%|████      | 7469/18408 [09:14<12:42, 14.35it/s]
 41%|████      | 7471/18408 [09:14<12:31, 14.56it/s]
 41%|████      | 7473/18408 [09:14<12:31, 14.55it/s]
 41%|████      | 7475/18408 [09:14<12:31, 14.55it/s]
 41%|████      | 7477/18408 [09:14<12:15, 14.86it/s]
 41%|████      | 7479/18408 [09:15<12:10, 14.96it/s]
 41%|████      | 7481/18408 [09:15<12:08, 15.00it/s]
 41%|████      | 7483/18408 [09:15<11:57, 15.22it/s]
 41%|████      | 7485/18408 [09:15<11:49, 15.39it/s]
 41%|████      | 7487/18408 [09:15<11:57, 15.22it/s]
 41%|████      | 7489/18408 [09:15<12:26, 14.63it/s]
 41%|████      | 7491/18408 [09:15<12:24, 14.67it/s]
 41%|████      | 7493/18408 [09:16<13:33, 13.42it/s]
 41%|████      | 7495/18408 [09:16<13:55, 13.06it/s]
 41%|████      | 7497/18408 [09:16<13:11, 13.78it/s]
 41%|████      | 7499/18408 [09:16<12:56, 14.04it/s]
                                                    
{'loss': '0.6161', 'grad_norm': '4.704', 'learning_rate': '1.192e-05', 'epoch': '1.222'}

 41%|████      | 7500/18408 [09:16<12:56, 14.04it/s]

  0%|          | 0/39 [00:00<?, ?it/s][A

 31%|███       | 12/39 [00:00<00:00, 116.41it/s][A

 62%|██████▏   | 24/39 [00:00<00:00, 111.81it/s][A

 92%|█████████▏| 36/39 [00:00<00:00, 113.66it/s][A
                                                    

                                                
[A{'eval_loss': '0.5869', 'eval_accuracy': '0.7582', 'eval_precision': '0.7602', 'eval_recall': '0.7582', 'eval_f1_weighted': '0.7589', 'eval_f1_macro': '0.7589', 'eval_runtime': '0.8275', 'eval_samples_per_second': '3009', 'eval_steps_per_second': '47.13', 'epoch': '1.222'}

 41%|████      | 7500/18408 [09:17<12:56, 14.04it/s]

100%|██████████| 39/39 [00:00<00:00, 113.66it/s][A

                                                [A

Writing model shards:   0%|          | 0/1 [00:00<?, ?it/s][A

Writing model shards: 100%|██████████| 1/1 [00:01<00:00,  1.26s/it][A
Writing model shards: 100%|██████████| 1/1 [00:01<00:00,  1.26s/it]

 41%|████      | 7501/18408 [09:18<1:16:42,  2.37it/s]
 41%|████      | 7503/18408 [09:19<57:08,  3.18it/s]  
 41%|████      | 7505/18408 [09:19<43:40,  4.16it/s]
 41%|████      | 7507/18408 [09:19<34:23,  5.28it/s]
 41%|████      | 7509/18408 [09:19<27:43,  6.55it/s]
 41%|████      | 7511/18408 [09:19<23:00,  7.89it/s]
 41%|████      | 7513/18408 [09:19<19:42,  9.21it/s]
 41%|████      | 7515/18408 [09:19<17:22, 10.45it/s]
 41%|████      | 7517/18408 [09:20<17:11, 10.56it/s]
 41%|████      | 7519/18408 [09:20<15:43, 11.54it/s]
 41%|████      | 7521/18408 [09:20<14:34, 12.45it/s]
 41%|████      | 7523/18408 [09:20<13:47, 13.15it/s]
 41%|████      | 7525/18408 [09:20<13:30, 13.42it/s]
 41%|████      | 7527/18408 [09:20<13:21, 13.57it/s]
 41%|████      | 7529/18408 [09:20<13:15, 13.68it/s]
 41%|████      | 7531/18408 [09:21<12:51, 14.10it/s]
 41%|████      | 7533/18408 [09:21<12:39, 14.31it/s]
 41%|████      | 7535/18408 [09:21<13:16, 13.65it/s]
 41%|████      | 7537/18408 [09:21<12:47, 14.16it/s]
 41%|████      | 7539/18408 [09:21<12:54, 14.03it/s]
 41%|████      | 7541/18408 [09:21<12:43, 14.24it/s]
 41%|████      | 7543/18408 [09:21<12:23, 14.61it/s]
 41%|████      | 7545/18408 [09:21<12:21, 14.66it/s]
 41%|████      | 7547/18408 [09:22<12:38, 14.33it/s]
 41%|████      | 7549/18408 [09:22<12:19, 14.69it/s]
                                                    
{'loss': '0.6134', 'grad_norm': '6.034', 'learning_rate': '1.186e-05', 'epoch': '1.23'}

 41%|████      | 7550/18408 [09:22<12:19, 14.69it/s]
 41%|████      | 7551/18408 [09:22<12:15, 14.76it/s]
 41%|████      | 7553/18408 [09:22<12:10, 14.85it/s]
 41%|████      | 7555/18408 [09:22<12:21, 14.63it/s]
 41%|████      | 7557/18408 [09:22<12:22, 14.61it/s]
 41%|████      | 7559/18408 [09:22<12:11, 14.84it/s]
 41%|████      | 7561/18408 [09:23<12:33, 14.40it/s]
 41%|████      | 7563/18408 [09:23<12:50, 14.07it/s]
 41%|████      | 7565/18408 [09:23<13:02, 13.86it/s]
 41%|████      | 7567/18408 [09:23<12:47, 14.12it/s]
 41%|████      | 7569/18408 [09:23<12:21, 14.61it/s]
 41%|████      | 7571/18408 [09:23<12:07, 14.90it/s]
 41%|████      | 7573/18408 [09:23<12:08, 14.87it/s]
 41%|████      | 7575/18408 [09:24<12:13, 14.76it/s]
 41%|████      | 7577/18408 [09:24<12:08, 14.87it/s]
 41%|████      | 7579/18408 [09:24<11:57, 15.09it/s]
 41%|████      | 7581/18408 [09:24<11:53, 15.18it/s]
 41%|████      | 7583/18408 [09:24<11:53, 15.17it/s]
 41%|████      | 7585/18408 [09:24<12:06, 14.90it/s]
 41%|████      | 7587/18408 [09:24<12:13, 14.75it/s]
 41%|████      | 7589/18408 [09:24<11:59, 15.04it/s]
 41%|████      | 7591/18408 [09:25<12:00, 15.02it/s]
 41%|████      | 7593/18408 [09:25<12:32, 14.38it/s]
 41%|████▏     | 7595/18408 [09:25<12:41, 14.20it/s]
 41%|████▏     | 7597/18408 [09:25<12:43, 14.17it/s]
 41%|████▏     | 7599/18408 [09:25<12:45, 14.13it/s]
                                                    
{'loss': '0.6231', 'grad_norm': '4.439', 'learning_rate': '1.181e-05', 'epoch': '1.239'}

 41%|████▏     | 7600/18408 [09:25<12:44, 14.13it/s]
 41%|████▏     | 7601/18408 [09:25<15:22, 11.71it/s]
 41%|████▏     | 7603/18408 [09:26<15:28, 11.64it/s]
 41%|████▏     | 7605/18408 [09:26<14:38, 12.30it/s]
 41%|████▏     | 7607/18408 [09:26<13:55, 12.93it/s]
 41%|████▏     | 7609/18408 [09:26<13:21, 13.47it/s]
 41%|████▏     | 7611/18408 [09:26<12:50, 14.01it/s]
 41%|████▏     | 7613/18408 [09:26<12:26, 14.46it/s]
 41%|████▏     | 7615/18408 [09:26<12:41, 14.18it/s]
 41%|████▏     | 7617/18408 [09:27<12:27, 14.45it/s]
 41%|████▏     | 7619/18408 [09:27<13:23, 13.42it/s]
 41%|████▏     | 7621/18408 [09:27<12:54, 13.93it/s]
 41%|████▏     | 7623/18408 [09:27<13:05, 13.74it/s]
 41%|████▏     | 7625/18408 [09:27<12:46, 14.06it/s]
 41%|████▏     | 7627/18408 [09:27<12:58, 13.85it/s]
 41%|████▏     | 7629/18408 [09:27<12:49, 14.00it/s]
 41%|████▏     | 7631/18408 [09:28<14:15, 12.60it/s]
 41%|████▏     | 7633/18408 [09:28<13:46, 13.04it/s]
 41%|████▏     | 7635/18408 [09:28<13:12, 13.60it/s]
 41%|████▏     | 7637/18408 [09:28<12:40, 14.16it/s]
 41%|████▏     | 7639/18408 [09:28<12:51, 13.95it/s]
 42%|████▏     | 7641/18408 [09:28<12:30, 14.35it/s]
 42%|████▏     | 7643/18408 [09:28<12:11, 14.73it/s]
 42%|████▏     | 7645/18408 [09:29<12:08, 14.77it/s]
 42%|████▏     | 7647/18408 [09:29<11:55, 15.05it/s]
 42%|████▏     | 7649/18408 [09:29<11:53, 15.08it/s]
                                                    
{'loss': '0.5896', 'grad_norm': '4.542', 'learning_rate': '1.175e-05', 'epoch': '1.247'}

 42%|████▏     | 7650/18408 [09:29<11:53, 15.08it/s]
 42%|████▏     | 7651/18408 [09:29<12:04, 14.85it/s]
 42%|████▏     | 7653/18408 [09:29<12:33, 14.27it/s]
 42%|████▏     | 7655/18408 [09:29<12:27, 14.39it/s]
 42%|████▏     | 7657/18408 [09:29<12:20, 14.53it/s]
 42%|████▏     | 7659/18408 [09:30<12:22, 14.49it/s]
 42%|████▏     | 7661/18408 [09:30<12:24, 14.44it/s]
 42%|████▏     | 7663/18408 [09:30<12:05, 14.80it/s]
 42%|████▏     | 7665/18408 [09:30<12:08, 14.75it/s]
 42%|████▏     | 7667/18408 [09:30<12:39, 14.14it/s]
 42%|████▏     | 7669/18408 [09:30<12:40, 14.12it/s]
 42%|████▏     | 7671/18408 [09:30<12:18, 14.54it/s]
 42%|████▏     | 7673/18408 [09:30<12:15, 14.60it/s]
 42%|████▏     | 7675/18408 [09:31<12:19, 14.52it/s]
 42%|████▏     | 7677/18408 [09:31<12:29, 14.32it/s]
 42%|████▏     | 7679/18408 [09:31<12:30, 14.29it/s]
 42%|████▏     | 7681/18408 [09:31<12:17, 14.55it/s]
 42%|████▏     | 7683/18408 [09:31<12:01, 14.87it/s]
 42%|████▏     | 7685/18408 [09:31<12:28, 14.33it/s]
 42%|████▏     | 7687/18408 [09:31<12:20, 14.48it/s]
 42%|████▏     | 7689/18408 [09:32<12:44, 14.02it/s]
 42%|████▏     | 7691/18408 [09:32<12:49, 13.93it/s]
 42%|████▏     | 7693/18408 [09:32<12:46, 13.98it/s]
 42%|████▏     | 7695/18408 [09:32<12:31, 14.26it/s]
 42%|████▏     | 7697/18408 [09:32<12:12, 14.63it/s]
 42%|████▏     | 7699/18408 [09:32<12:16, 14.53it/s]
                                                    
{'loss': '0.6111', 'grad_norm': '4.677', 'learning_rate': '1.17e-05', 'epoch': '1.255'}

 42%|████▏     | 7700/18408 [09:32<12:16, 14.53it/s]
 42%|████▏     | 7701/18408 [09:32<12:13, 14.60it/s]
 42%|████▏     | 7703/18408 [09:33<12:09, 14.68it/s]
 42%|████▏     | 7705/18408 [09:33<12:25, 14.36it/s]
 42%|████▏     | 7707/18408 [09:33<12:16, 14.53it/s]
 42%|████▏     | 7709/18408 [09:33<12:15, 14.54it/s]
 42%|████▏     | 7711/18408 [09:33<12:23, 14.38it/s]
 42%|████▏     | 7713/18408 [09:33<12:35, 14.15it/s]
 42%|████▏     | 7715/18408 [09:33<13:22, 13.32it/s]
 42%|████▏     | 7717/18408 [09:34<13:22, 13.32it/s]
 42%|████▏     | 7719/18408 [09:34<14:36, 12.20it/s]
 42%|████▏     | 7721/18408 [09:34<13:49, 12.89it/s]
 42%|████▏     | 7723/18408 [09:34<13:29, 13.20it/s]
 42%|████▏     | 7725/18408 [09:34<13:11, 13.50it/s]
 42%|████▏     | 7727/18408 [09:34<12:37, 14.10it/s]
 42%|████▏     | 7729/18408 [09:34<12:51, 13.84it/s]
 42%|████▏     | 7731/18408 [09:35<12:27, 14.28it/s]
 42%|████▏     | 7733/18408 [09:35<12:08, 14.66it/s]
 42%|████▏     | 7735/18408 [09:35<12:05, 14.70it/s]
 42%|████▏     | 7737/18408 [09:35<12:40, 14.03it/s]
 42%|████▏     | 7739/18408 [09:35<12:33, 14.16it/s]
 42%|████▏     | 7741/18408 [09:35<13:29, 13.17it/s]
 42%|████▏     | 7743/18408 [09:35<13:20, 13.32it/s]
 42%|████▏     | 7745/18408 [09:36<13:47, 12.89it/s]
 42%|████▏     | 7747/18408 [09:36<13:11, 13.47it/s]
 42%|████▏     | 7749/18408 [09:36<12:48, 13.87it/s]
                                                    
{'loss': '0.6172', 'grad_norm': '3.676', 'learning_rate': '1.164e-05', 'epoch': '1.263'}

 42%|████▏     | 7750/18408 [09:36<12:48, 13.87it/s]
 42%|████▏     | 7751/18408 [09:36<12:39, 14.03it/s]
 42%|████▏     | 7753/18408 [09:36<12:19, 14.40it/s]
 42%|████▏     | 7755/18408 [09:36<12:09, 14.60it/s]
 42%|████▏     | 7757/18408 [09:36<12:04, 14.70it/s]
 42%|████▏     | 7759/18408 [09:37<11:50, 14.98it/s]
 42%|████▏     | 7761/18408 [09:37<11:40, 15.20it/s]
 42%|████▏     | 7763/18408 [09:37<11:44, 15.12it/s]
 42%|████▏     | 7765/18408 [09:37<11:51, 14.96it/s]
 42%|████▏     | 7767/18408 [09:37<11:40, 15.19it/s]
 42%|████▏     | 7769/18408 [09:37<11:43, 15.13it/s]
 42%|████▏     | 7771/18408 [09:37<11:41, 15.17it/s]
 42%|████▏     | 7773/18408 [09:38<11:35, 15.30it/s]
 42%|████▏     | 7775/18408 [09:38<11:33, 15.34it/s]
 42%|████▏     | 7777/18408 [09:38<11:56, 14.83it/s]
 42%|████▏     | 7779/18408 [09:38<12:20, 14.35it/s]
 42%|████▏     | 7781/18408 [09:38<12:09, 14.56it/s]
 42%|████▏     | 7783/18408 [09:38<12:17, 14.41it/s]
 42%|████▏     | 7785/18408 [09:38<12:22, 14.31it/s]
 42%|████▏     | 7787/18408 [09:38<12:12, 14.51it/s]
 42%|████▏     | 7789/18408 [09:39<12:08, 14.58it/s]
 42%|████▏     | 7791/18408 [09:39<12:12, 14.49it/s]
 42%|████▏     | 7793/18408 [09:39<12:56, 13.67it/s]
 42%|████▏     | 7795/18408 [09:39<12:36, 14.02it/s]
 42%|████▏     | 7797/18408 [09:39<12:16, 14.41it/s]
 42%|████▏     | 7799/18408 [09:39<12:37, 14.00it/s]
                                                    
{'loss': '0.6014', 'grad_norm': '3.703', 'learning_rate': '1.159e-05', 'epoch': '1.271'}

 42%|████▏     | 7800/18408 [09:39<12:37, 14.00it/s]
 42%|████▏     | 7801/18408 [09:40<12:59, 13.61it/s]
 42%|████▏     | 7803/18408 [09:40<12:44, 13.87it/s]
 42%|████▏     | 7805/18408 [09:40<12:41, 13.92it/s]
 42%|████▏     | 7807/18408 [09:40<12:45, 13.85it/s]
 42%|████▏     | 7809/18408 [09:40<12:21, 14.30it/s]
 42%|████▏     | 7811/18408 [09:40<12:05, 14.60it/s]
 42%|████▏     | 7813/18408 [09:40<12:19, 14.34it/s]
 42%|████▏     | 7815/18408 [09:40<11:59, 14.72it/s]
 42%|████▏     | 7817/18408 [09:41<11:56, 14.79it/s]
 42%|████▏     | 7819/18408 [09:41<11:57, 14.77it/s]
 42%|████▏     | 7821/18408 [09:41<11:50, 14.91it/s]
 42%|████▏     | 7823/18408 [09:41<12:19, 14.32it/s]
 43%|████▎     | 7825/18408 [09:41<12:19, 14.32it/s]
 43%|████▎     | 7827/18408 [09:41<11:58, 14.73it/s]
 43%|████▎     | 7829/18408 [09:41<11:52, 14.84it/s]
 43%|████▎     | 7831/18408 [09:42<11:48, 14.92it/s]
 43%|████▎     | 7833/18408 [09:42<11:37, 15.17it/s]
 43%|████▎     | 7835/18408 [09:42<11:46, 14.96it/s]
 43%|████▎     | 7837/18408 [09:42<11:36, 15.17it/s]
 43%|████▎     | 7839/18408 [09:42<11:50, 14.88it/s]
 43%|████▎     | 7841/18408 [09:42<11:39, 15.10it/s]
 43%|████▎     | 7843/18408 [09:42<11:50, 14.87it/s]
 43%|████▎     | 7845/18408 [09:43<13:08, 13.39it/s]
 43%|████▎     | 7847/18408 [09:43<12:51, 13.69it/s]
 43%|████▎     | 7849/18408 [09:43<12:31, 14.05it/s]
                                                    
{'loss': '0.5706', 'grad_norm': '3.053', 'learning_rate': '1.153e-05', 'epoch': '1.279'}

 43%|████▎     | 7850/18408 [09:43<12:31, 14.05it/s]
 43%|████▎     | 7851/18408 [09:43<12:06, 14.53it/s]
 43%|████▎     | 7853/18408 [09:43<11:51, 14.83it/s]
 43%|████▎     | 7855/18408 [09:43<11:56, 14.73it/s]
 43%|████▎     | 7857/18408 [09:43<12:52, 13.66it/s]
 43%|████▎     | 7859/18408 [09:43<12:20, 14.25it/s]
 43%|████▎     | 7861/18408 [09:44<13:23, 13.12it/s]
 43%|████▎     | 7863/18408 [09:44<13:25, 13.10it/s]
 43%|████▎     | 7865/18408 [09:44<13:06, 13.40it/s]
 43%|████▎     | 7867/18408 [09:44<12:43, 13.81it/s]
 43%|████▎     | 7869/18408 [09:44<12:13, 14.37it/s]
 43%|████▎     | 7871/18408 [09:44<11:59, 14.65it/s]
 43%|████▎     | 7873/18408 [09:44<11:53, 14.76it/s]
 43%|████▎     | 7875/18408 [09:45<12:15, 14.32it/s]
 43%|████▎     | 7877/18408 [09:45<11:54, 14.73it/s]
 43%|████▎     | 7879/18408 [09:45<12:00, 14.61it/s]
 43%|████▎     | 7881/18408 [09:45<11:56, 14.70it/s]
 43%|████▎     | 7883/18408 [09:45<11:56, 14.68it/s]
 43%|████▎     | 7885/18408 [09:45<13:09, 13.34it/s]
 43%|████▎     | 7887/18408 [09:46<12:54, 13.58it/s]
 43%|████▎     | 7889/18408 [09:46<12:35, 13.92it/s]
 43%|████▎     | 7891/18408 [09:46<12:29, 14.03it/s]
 43%|████▎     | 7893/18408 [09:46<12:04, 14.51it/s]
 43%|████▎     | 7895/18408 [09:46<12:28, 14.05it/s]
 43%|████▎     | 7897/18408 [09:46<12:50, 13.65it/s]
 43%|████▎     | 7899/18408 [09:46<12:22, 14.14it/s]
                                                    
{'loss': '0.5925', 'grad_norm': '3.753', 'learning_rate': '1.148e-05', 'epoch': '1.287'}

 43%|████▎     | 7900/18408 [09:46<12:22, 14.14it/s]
 43%|████▎     | 7901/18408 [09:47<12:50, 13.64it/s]
 43%|████▎     | 7903/18408 [09:47<13:15, 13.21it/s]
 43%|████▎     | 7905/18408 [09:47<12:43, 13.75it/s]
 43%|████▎     | 7907/18408 [09:47<12:23, 14.13it/s]
 43%|████▎     | 7909/18408 [09:47<12:30, 13.99it/s]
 43%|████▎     | 7911/18408 [09:47<12:47, 13.69it/s]
 43%|████▎     | 7913/18408 [09:47<12:26, 14.07it/s]
 43%|████▎     | 7915/18408 [09:47<12:17, 14.23it/s]
 43%|████▎     | 7917/18408 [09:48<12:03, 14.49it/s]
 43%|████▎     | 7919/18408 [09:48<12:02, 14.52it/s]
 43%|████▎     | 7921/18408 [09:48<12:09, 14.38it/s]
 43%|████▎     | 7923/18408 [09:48<12:47, 13.67it/s]
 43%|████▎     | 7925/18408 [09:48<12:29, 13.99it/s]
 43%|████▎     | 7927/18408 [09:48<12:54, 13.53it/s]
 43%|████▎     | 7929/18408 [09:48<12:28, 13.99it/s]
 43%|████▎     | 7931/18408 [09:49<12:02, 14.50it/s]
 43%|████▎     | 7933/18408 [09:49<11:56, 14.61it/s]
 43%|████▎     | 7935/18408 [09:49<12:01, 14.51it/s]
 43%|████▎     | 7937/18408 [09:49<12:25, 14.05it/s]
 43%|████▎     | 7939/18408 [09:49<12:18, 14.17it/s]
 43%|████▎     | 7941/18408 [09:49<12:02, 14.48it/s]
 43%|████▎     | 7943/18408 [09:49<11:47, 14.80it/s]
 43%|████▎     | 7945/18408 [09:50<11:42, 14.90it/s]
 43%|████▎     | 7947/18408 [09:50<13:03, 13.35it/s]
 43%|████▎     | 7949/18408 [09:50<12:52, 13.54it/s]
                                                    
{'loss': '0.5969', 'grad_norm': '3.271', 'learning_rate': '1.143e-05', 'epoch': '1.296'}

 43%|████▎     | 7950/18408 [09:50<12:52, 13.54it/s]
 43%|████▎     | 7951/18408 [09:50<12:20, 14.12it/s]
 43%|████▎     | 7953/18408 [09:50<12:16, 14.20it/s]
 43%|████▎     | 7955/18408 [09:50<12:06, 14.39it/s]
 43%|████▎     | 7957/18408 [09:50<12:00, 14.50it/s]
 43%|████▎     | 7959/18408 [09:51<11:43, 14.85it/s]
 43%|████▎     | 7961/18408 [09:51<11:48, 14.76it/s]
 43%|████▎     | 7963/18408 [09:51<11:38, 14.96it/s]
 43%|████▎     | 7965/18408 [09:51<11:27, 15.18it/s]
 43%|████▎     | 7967/18408 [09:51<11:22, 15.30it/s]
 43%|████▎     | 7969/18408 [09:51<11:27, 15.17it/s]
 43%|████▎     | 7971/18408 [09:51<12:07, 14.35it/s]
 43%|████▎     | 7973/18408 [09:52<11:50, 14.68it/s]
 43%|████▎     | 7975/18408 [09:52<11:49, 14.71it/s]
 43%|████▎     | 7977/18408 [09:52<11:36, 14.98it/s]
 43%|████▎     | 7979/18408 [09:52<11:37, 14.96it/s]
 43%|████▎     | 7981/18408 [09:52<11:37, 14.95it/s]
 43%|████▎     | 7983/18408 [09:52<13:21, 13.01it/s]
 43%|████▎     | 7985/18408 [09:52<13:59, 12.42it/s]
 43%|████▎     | 7987/18408 [09:53<14:47, 11.74it/s]
 43%|████▎     | 7989/18408 [09:53<13:47, 12.59it/s]
 43%|████▎     | 7991/18408 [09:53<13:06, 13.25it/s]
 43%|████▎     | 7993/18408 [09:53<12:38, 13.73it/s]
 43%|████▎     | 7995/18408 [09:53<12:26, 13.95it/s]
 43%|████▎     | 7997/18408 [09:53<12:08, 14.29it/s]
 43%|████▎     | 7999/18408 [09:53<11:50, 14.65it/s]
                                                    
{'loss': '0.5971', 'grad_norm': '4.87', 'learning_rate': '1.137e-05', 'epoch': '1.304'}

 43%|████▎     | 8000/18408 [09:54<11:50, 14.65it/s]

  0%|          | 0/39 [00:00<?, ?it/s][A

 28%|██▊       | 11/39 [00:00<00:00, 99.76it/s][A

 56%|█████▋    | 22/39 [00:00<00:00, 101.86it/s][A

 87%|████████▋ | 34/39 [00:00<00:00, 108.62it/s][A
                                                    

                                                
[A{'eval_loss': '0.5967', 'eval_accuracy': '0.751', 'eval_precision': '0.7559', 'eval_recall': '0.751', 'eval_f1_weighted': '0.7518', 'eval_f1_macro': '0.7518', 'eval_runtime': '0.7966', 'eval_samples_per_second': '3126', 'eval_steps_per_second': '48.96', 'epoch': '1.304'}

 43%|████▎     | 8000/18408 [09:54<11:50, 14.65it/s]

100%|██████████| 39/39 [00:00<00:00, 108.62it/s][A

                                                [A

Writing model shards:   0%|          | 0/1 [00:00<?, ?it/s][A

Writing model shards: 100%|██████████| 1/1 [00:01<00:00,  1.21s/it][A
Writing model shards: 100%|██████████| 1/1 [00:01<00:00,  1.21s/it]

 43%|████▎     | 8001/18408 [09:56<1:10:34,  2.46it/s]
 43%|████▎     | 8003/18408 [09:56<52:53,  3.28it/s]  
 43%|████▎     | 8005/18408 [09:56<40:19,  4.30it/s]
 43%|████▎     | 8007/18408 [09:56<31:42,  5.47it/s]
 44%|████▎     | 8009/18408 [09:56<25:33,  6.78it/s]
 44%|████▎     | 8011/18408 [09:56<21:10,  8.19it/s]
 44%|████▎     | 8013/18408 [09:57<19:52,  8.72it/s]
 44%|████▎     | 8015/18408 [09:57<17:44,  9.76it/s]
 44%|████▎     | 8017/18408 [09:57<15:55, 10.87it/s]
 44%|████▎     | 8019/18408 [09:57<14:27, 11.98it/s]
 44%|████▎     | 8021/18408 [09:57<13:28, 12.85it/s]
 44%|████▎     | 8023/18408 [09:57<12:52, 13.44it/s]
 44%|████▎     | 8025/18408 [09:57<12:18, 14.06it/s]
 44%|████▎     | 8027/18408 [09:58<12:09, 14.24it/s]
 44%|████▎     | 8029/18408 [09:58<12:06, 14.29it/s]
 44%|████▎     | 8031/18408 [09:58<11:55, 14.50it/s]
 44%|████▎     | 8033/18408 [09:58<11:38, 14.86it/s]
 44%|████▎     | 8035/18408 [09:58<13:00, 13.29it/s]
 44%|████▎     | 8037/18408 [09:58<12:34, 13.75it/s]
 44%|████▎     | 8039/18408 [09:58<12:07, 14.25it/s]
 44%|████▎     | 8041/18408 [09:59<12:04, 14.31it/s]
 44%|████▎     | 8043/18408 [09:59<11:44, 14.72it/s]
 44%|████▎     | 8045/18408 [09:59<11:38, 14.85it/s]
 44%|████▎     | 8047/18408 [09:59<11:51, 14.56it/s]
 44%|████▎     | 8049/18408 [09:59<11:43, 14.73it/s]
                                                    
{'loss': '0.6039', 'grad_norm': '4.468', 'learning_rate': '1.132e-05', 'epoch': '1.312'}

 44%|████▎     | 8050/18408 [09:59<11:43, 14.73it/s]
 44%|████▎     | 8051/18408 [09:59<11:42, 14.75it/s]
 44%|████▎     | 8053/18408 [09:59<11:46, 14.66it/s]
 44%|████▍     | 8055/18408 [10:00<11:57, 14.42it/s]
 44%|████▍     | 8057/18408 [10:00<12:37, 13.66it/s]
 44%|████▍     | 8059/18408 [10:00<12:13, 14.10it/s]
 44%|████▍     | 8061/18408 [10:00<11:52, 14.51it/s]
 44%|████▍     | 8063/18408 [10:00<12:31, 13.76it/s]
 44%|████▍     | 8065/18408 [10:00<12:05, 14.25it/s]
 44%|████▍     | 8067/18408 [10:00<11:59, 14.37it/s]
 44%|████▍     | 8069/18408 [10:01<11:50, 14.56it/s]
 44%|████▍     | 8071/18408 [10:01<11:35, 14.86it/s]
 44%|████▍     | 8073/18408 [10:01<11:39, 14.76it/s]
 44%|████▍     | 8075/18408 [10:01<11:45, 14.65it/s]
 44%|████▍     | 8077/18408 [10:01<11:49, 14.56it/s]
 44%|████▍     | 8079/18408 [10:01<11:44, 14.67it/s]
 44%|████▍     | 8081/18408 [10:01<11:35, 14.85it/s]
 44%|████▍     | 8083/18408 [10:01<11:54, 14.45it/s]
 44%|████▍     | 8085/18408 [10:02<11:50, 14.53it/s]
 44%|████▍     | 8087/18408 [10:02<11:58, 14.36it/s]
 44%|████▍     | 8089/18408 [10:02<11:50, 14.52it/s]
 44%|████▍     | 8091/18408 [10:02<11:33, 14.88it/s]
 44%|████▍     | 8093/18408 [10:02<11:52, 14.48it/s]
 44%|████▍     | 8095/18408 [10:02<11:41, 14.70it/s]
 44%|████▍     | 8097/18408 [10:02<11:42, 14.68it/s]
 44%|████▍     | 8099/18408 [10:03<11:45, 14.60it/s]
                                                    
{'loss': '0.6019', 'grad_norm': '3.238', 'learning_rate': '1.126e-05', 'epoch': '1.32'}

 44%|████▍     | 8100/18408 [10:03<11:45, 14.60it/s]
 44%|████▍     | 8101/18408 [10:03<11:52, 14.46it/s]
 44%|████▍     | 8103/18408 [10:03<11:56, 14.37it/s]
 44%|████▍     | 8105/18408 [10:03<12:10, 14.11it/s]
 44%|████▍     | 8107/18408 [10:03<11:52, 14.46it/s]
 44%|████▍     | 8109/18408 [10:03<11:42, 14.66it/s]
 44%|████▍     | 8111/18408 [10:03<11:43, 14.63it/s]
 44%|████▍     | 8113/18408 [10:04<11:57, 14.35it/s]
 44%|████▍     | 8115/18408 [10:04<11:48, 14.54it/s]
 44%|████▍     | 8117/18408 [10:04<11:51, 14.46it/s]
 44%|████▍     | 8119/18408 [10:04<11:44, 14.61it/s]
 44%|████▍     | 8121/18408 [10:04<11:51, 14.46it/s]
 44%|████▍     | 8123/18408 [10:04<13:05, 13.10it/s]
 44%|████▍     | 8125/18408 [10:04<12:54, 13.28it/s]
 44%|████▍     | 8127/18408 [10:05<12:36, 13.59it/s]
 44%|████▍     | 8129/18408 [10:05<12:17, 13.94it/s]
 44%|████▍     | 8131/18408 [10:05<12:00, 14.26it/s]
 44%|████▍     | 8133/18408 [10:05<11:42, 14.63it/s]
 44%|████▍     | 8135/18408 [10:05<11:54, 14.37it/s]
 44%|████▍     | 8137/18408 [10:05<11:45, 14.56it/s]
 44%|████▍     | 8139/18408 [10:05<11:31, 14.86it/s]
 44%|████▍     | 8141/18408 [10:05<11:37, 14.71it/s]
 44%|████▍     | 8143/18408 [10:06<11:40, 14.66it/s]
 44%|████▍     | 8145/18408 [10:06<11:54, 14.37it/s]
 44%|████▍     | 8147/18408 [10:06<11:41, 14.64it/s]
 44%|████▍     | 8149/18408 [10:06<11:26, 14.95it/s]
                                                    
{'loss': '0.5977', 'grad_norm': '4.259', 'learning_rate': '1.121e-05', 'epoch': '1.328'}

 44%|████▍     | 8150/18408 [10:06<11:26, 14.95it/s]
 44%|████▍     | 8151/18408 [10:06<11:17, 15.15it/s]
 44%|████▍     | 8153/18408 [10:06<11:08, 15.33it/s]
 44%|████▍     | 8155/18408 [10:06<11:19, 15.08it/s]
 44%|████▍     | 8157/18408 [10:07<11:12, 15.25it/s]
 44%|████▍     | 8159/18408 [10:07<11:06, 15.37it/s]
 44%|████▍     | 8161/18408 [10:07<11:01, 15.50it/s]
 44%|████▍     | 8163/18408 [10:07<11:39, 14.64it/s]
 44%|████▍     | 8165/18408 [10:07<12:27, 13.70it/s]
 44%|████▍     | 8167/18408 [10:07<12:02, 14.18it/s]
 44%|████▍     | 8169/18408 [10:07<12:30, 13.64it/s]
 44%|████▍     | 8171/18408 [10:08<12:03, 14.15it/s]
 44%|████▍     | 8173/18408 [10:08<11:44, 14.53it/s]
 44%|████▍     | 8175/18408 [10:08<11:38, 14.66it/s]
 44%|████▍     | 8177/18408 [10:08<11:33, 14.76it/s]
 44%|████▍     | 8179/18408 [10:08<11:29, 14.83it/s]
 44%|████▍     | 8181/18408 [10:08<11:43, 14.53it/s]
 44%|████▍     | 8183/18408 [10:08<11:43, 14.54it/s]
 44%|████▍     | 8185/18408 [10:09<12:10, 14.00it/s]
 44%|████▍     | 8187/18408 [10:09<11:45, 14.50it/s]
 44%|████▍     | 8189/18408 [10:09<11:59, 14.21it/s]
 44%|████▍     | 8191/18408 [10:09<11:53, 14.31it/s]
 45%|████▍     | 8193/18408 [10:09<11:50, 14.38it/s]
 45%|████▍     | 8195/18408 [10:09<11:31, 14.77it/s]
 45%|████▍     | 8197/18408 [10:09<11:36, 14.66it/s]
 45%|████▍     | 8199/18408 [10:09<11:39, 14.59it/s]
                                                    
{'loss': '0.5862', 'grad_norm': '4.196', 'learning_rate': '1.115e-05', 'epoch': '1.336'}

 45%|████▍     | 8200/18408 [10:10<11:39, 14.59it/s]
 45%|████▍     | 8201/18408 [10:10<11:33, 14.72it/s]
 45%|████▍     | 8203/18408 [10:10<12:20, 13.78it/s]
 45%|████▍     | 8205/18408 [10:10<12:01, 14.14it/s]
 45%|████▍     | 8207/18408 [10:10<12:07, 14.01it/s]
 45%|████▍     | 8209/18408 [10:10<11:57, 14.22it/s]
 45%|████▍     | 8211/18408 [10:10<11:59, 14.17it/s]
 45%|████▍     | 8213/18408 [10:10<11:46, 14.43it/s]
 45%|████▍     | 8215/18408 [10:11<12:17, 13.82it/s]
 45%|████▍     | 8217/18408 [10:11<11:53, 14.28it/s]
 45%|████▍     | 8219/18408 [10:11<11:32, 14.72it/s]
 45%|████▍     | 8221/18408 [10:11<11:17, 15.03it/s]
 45%|████▍     | 8223/18408 [10:11<11:33, 14.69it/s]
 45%|████▍     | 8225/18408 [10:11<11:24, 14.87it/s]
 45%|████▍     | 8227/18408 [10:11<11:12, 15.14it/s]
 45%|████▍     | 8229/18408 [10:12<11:40, 14.54it/s]
 45%|████▍     | 8231/18408 [10:12<11:35, 14.63it/s]
 45%|████▍     | 8233/18408 [10:12<11:20, 14.95it/s]
 45%|████▍     | 8235/18408 [10:12<11:11, 15.15it/s]
 45%|████▍     | 8237/18408 [10:12<11:41, 14.50it/s]
 45%|████▍     | 8239/18408 [10:12<11:26, 14.82it/s]
 45%|████▍     | 8241/18408 [10:12<11:13, 15.11it/s]
 45%|████▍     | 8243/18408 [10:12<11:11, 15.15it/s]
 45%|████▍     | 8245/18408 [10:13<11:20, 14.93it/s]
 45%|████▍     | 8247/18408 [10:13<11:09, 15.17it/s]
 45%|████▍     | 8249/18408 [10:13<11:12, 15.12it/s]
                                                    
{'loss': '0.6', 'grad_norm': '3.422', 'learning_rate': '1.11e-05', 'epoch': '1.345'}

 45%|████▍     | 8250/18408 [10:13<11:12, 15.12it/s]
 45%|████▍     | 8251/18408 [10:13<11:19, 14.96it/s]
 45%|████▍     | 8253/18408 [10:13<11:28, 14.74it/s]
 45%|████▍     | 8255/18408 [10:13<11:31, 14.68it/s]
 45%|████▍     | 8257/18408 [10:13<11:24, 14.83it/s]
 45%|████▍     | 8259/18408 [10:14<11:33, 14.64it/s]
 45%|████▍     | 8261/18408 [10:14<11:20, 14.91it/s]
 45%|████▍     | 8263/18408 [10:14<11:36, 14.56it/s]
 45%|████▍     | 8265/18408 [10:14<12:27, 13.57it/s]
 45%|████▍     | 8267/18408 [10:14<11:58, 14.12it/s]
 45%|████▍     | 8269/18408 [10:14<11:35, 14.57it/s]
 45%|████▍     | 8271/18408 [10:14<11:40, 14.48it/s]
 45%|████▍     | 8273/18408 [10:15<11:29, 14.70it/s]
 45%|████▍     | 8275/18408 [10:15<11:24, 14.81it/s]
 45%|████▍     | 8277/18408 [10:15<11:27, 14.74it/s]
 45%|████▍     | 8279/18408 [10:15<11:37, 14.52it/s]
 45%|████▍     | 8281/18408 [10:15<11:41, 14.44it/s]
 45%|████▍     | 8283/18408 [10:15<12:19, 13.69it/s]
 45%|████▌     | 8285/18408 [10:15<11:53, 14.19it/s]
 45%|████▌     | 8287/18408 [10:16<11:49, 14.27it/s]
 45%|████▌     | 8289/18408 [10:16<11:52, 14.19it/s]
 45%|████▌     | 8291/18408 [10:16<11:34, 14.56it/s]
 45%|████▌     | 8293/18408 [10:16<11:26, 14.73it/s]
 45%|████▌     | 8295/18408 [10:16<11:13, 15.02it/s]
 45%|████▌     | 8297/18408 [10:16<11:25, 14.74it/s]
 45%|████▌     | 8299/18408 [10:16<11:20, 14.84it/s]
                                                    
{'loss': '0.5824', 'grad_norm': '4.141', 'learning_rate': '1.104e-05', 'epoch': '1.353'}

 45%|████▌     | 8300/18408 [10:16<11:20, 14.84it/s]
 45%|████▌     | 8301/18408 [10:16<11:23, 14.79it/s]
 45%|████▌     | 8303/18408 [10:17<12:00, 14.03it/s]
 45%|████▌     | 8305/18408 [10:17<12:52, 13.08it/s]
 45%|████▌     | 8307/18408 [10:17<12:12, 13.79it/s]
 45%|████▌     | 8309/18408 [10:17<11:57, 14.08it/s]
 45%|████▌     | 8311/18408 [10:17<11:45, 14.30it/s]
 45%|████▌     | 8313/18408 [10:17<11:36, 14.50it/s]
 45%|████▌     | 8315/18408 [10:18<12:31, 13.43it/s]
 45%|████▌     | 8317/18408 [10:18<12:09, 13.83it/s]
 45%|████▌     | 8319/18408 [10:18<12:02, 13.96it/s]
 45%|████▌     | 8321/18408 [10:18<11:53, 14.13it/s]
 45%|████▌     | 8323/18408 [10:18<11:44, 14.32it/s]
 45%|████▌     | 8325/18408 [10:18<11:38, 14.44it/s]
 45%|████▌     | 8327/18408 [10:18<12:04, 13.91it/s]
 45%|████▌     | 8329/18408 [10:19<12:46, 13.15it/s]
 45%|████▌     | 8331/18408 [10:19<12:54, 13.01it/s]
 45%|████▌     | 8333/18408 [10:19<13:32, 12.40it/s]
 45%|████▌     | 8335/18408 [10:19<13:20, 12.58it/s]
 45%|████▌     | 8337/18408 [10:19<12:44, 13.16it/s]
 45%|████▌     | 8339/18408 [10:19<13:11, 12.72it/s]
 45%|████▌     | 8341/18408 [10:19<12:52, 13.04it/s]
 45%|████▌     | 8343/18408 [10:20<12:25, 13.50it/s]
 45%|████▌     | 8345/18408 [10:20<12:08, 13.81it/s]
 45%|████▌     | 8347/18408 [10:20<12:00, 13.97it/s]
 45%|████▌     | 8349/18408 [10:20<12:00, 13.97it/s]
                                                    
{'loss': '0.5955', 'grad_norm': '4.691', 'learning_rate': '1.099e-05', 'epoch': '1.361'}

 45%|████▌     | 8350/18408 [10:20<12:00, 13.97it/s]
 45%|████▌     | 8351/18408 [10:20<11:44, 14.27it/s]
 45%|████▌     | 8353/18408 [10:20<11:24, 14.69it/s]
 45%|████▌     | 8355/18408 [10:20<11:34, 14.47it/s]
 45%|████▌     | 8357/18408 [10:21<11:23, 14.70it/s]
 45%|████▌     | 8359/18408 [10:21<11:24, 14.68it/s]
 45%|████▌     | 8361/18408 [10:21<11:35, 14.44it/s]
 45%|████▌     | 8363/18408 [10:21<12:00, 13.94it/s]
 45%|████▌     | 8365/18408 [10:21<12:03, 13.88it/s]
 45%|████▌     | 8367/18408 [10:21<11:49, 14.16it/s]
 45%|████▌     | 8369/18408 [10:21<12:06, 13.82it/s]
 45%|████▌     | 8371/18408 [10:22<11:54, 14.05it/s]
 45%|████▌     | 8373/18408 [10:22<11:52, 14.08it/s]
 45%|████▌     | 8375/18408 [10:22<11:37, 14.39it/s]
 46%|████▌     | 8377/18408 [10:22<11:21, 14.72it/s]
 46%|████▌     | 8379/18408 [10:22<11:09, 14.98it/s]
 46%|████▌     | 8381/18408 [10:22<11:09, 14.98it/s]
 46%|████▌     | 8383/18408 [10:22<11:02, 15.13it/s]
 46%|████▌     | 8385/18408 [10:22<11:05, 15.07it/s]
 46%|████▌     | 8387/18408 [10:23<10:58, 15.23it/s]
 46%|████▌     | 8389/18408 [10:23<10:50, 15.39it/s]
 46%|████▌     | 8391/18408 [10:23<10:48, 15.45it/s]
 46%|████▌     | 8393/18408 [10:23<10:55, 15.29it/s]
 46%|████▌     | 8395/18408 [10:23<11:36, 14.38it/s]
 46%|████▌     | 8397/18408 [10:23<11:53, 14.03it/s]
 46%|████▌     | 8399/18408 [10:23<11:47, 14.15it/s]
                                                    
{'loss': '0.5955', 'grad_norm': '2.916', 'learning_rate': '1.093e-05', 'epoch': '1.369'}

 46%|████▌     | 8400/18408 [10:24<11:47, 14.15it/s]
 46%|████▌     | 8401/18408 [10:24<11:36, 14.38it/s]
 46%|████▌     | 8403/18408 [10:24<11:25, 14.59it/s]
 46%|████▌     | 8405/18408 [10:24<11:39, 14.30it/s]
 46%|████▌     | 8407/18408 [10:24<11:20, 14.69it/s]
 46%|████▌     | 8409/18408 [10:24<11:07, 14.99it/s]
 46%|████▌     | 8411/18408 [10:24<11:20, 14.70it/s]
 46%|████▌     | 8413/18408 [10:24<11:45, 14.17it/s]
 46%|████▌     | 8415/18408 [10:25<11:30, 14.47it/s]
 46%|████▌     | 8417/18408 [10:25<11:43, 14.21it/s]
 46%|████▌     | 8419/18408 [10:25<11:22, 14.64it/s]
 46%|████▌     | 8421/18408 [10:25<11:54, 13.98it/s]
 46%|████▌     | 8423/18408 [10:25<11:37, 14.31it/s]
 46%|████▌     | 8425/18408 [10:25<11:18, 14.71it/s]
 46%|████▌     | 8427/18408 [10:25<11:45, 14.14it/s]
 46%|████▌     | 8429/18408 [10:26<11:49, 14.06it/s]
 46%|████▌     | 8431/18408 [10:26<12:13, 13.60it/s]
 46%|████▌     | 8433/18408 [10:26<12:25, 13.39it/s]
 46%|████▌     | 8435/18408 [10:26<11:58, 13.87it/s]
 46%|████▌     | 8437/18408 [10:26<11:43, 14.17it/s]
 46%|████▌     | 8439/18408 [10:26<11:42, 14.19it/s]
 46%|████▌     | 8441/18408 [10:26<11:56, 13.91it/s]
 46%|████▌     | 8443/18408 [10:27<11:42, 14.18it/s]
 46%|████▌     | 8445/18408 [10:27<13:02, 12.74it/s]
 46%|████▌     | 8447/18408 [10:27<12:25, 13.36it/s]
 46%|████▌     | 8449/18408 [10:27<12:03, 13.77it/s]
                                                    
{'loss': '0.5953', 'grad_norm': '5.481', 'learning_rate': '1.088e-05', 'epoch': '1.377'}

 46%|████▌     | 8450/18408 [10:27<12:03, 13.77it/s]
 46%|████▌     | 8451/18408 [10:27<11:37, 14.27it/s]
 46%|████▌     | 8453/18408 [10:27<11:44, 14.13it/s]
 46%|████▌     | 8455/18408 [10:27<11:53, 13.95it/s]
 46%|████▌     | 8457/18408 [10:28<11:46, 14.09it/s]
 46%|████▌     | 8459/18408 [10:28<11:58, 13.84it/s]
 46%|████▌     | 8461/18408 [10:28<11:37, 14.27it/s]
 46%|████▌     | 8463/18408 [10:28<11:39, 14.23it/s]
 46%|████▌     | 8465/18408 [10:28<11:33, 14.33it/s]
 46%|████▌     | 8467/18408 [10:28<11:17, 14.68it/s]
 46%|████▌     | 8469/18408 [10:28<11:15, 14.71it/s]
 46%|████▌     | 8471/18408 [10:29<11:03, 14.98it/s]
 46%|████▌     | 8473/18408 [10:29<10:55, 15.14it/s]
 46%|████▌     | 8475/18408 [10:29<11:05, 14.92it/s]
 46%|████▌     | 8477/18408 [10:29<11:08, 14.86it/s]
 46%|████▌     | 8479/18408 [10:29<10:58, 15.08it/s]
 46%|████▌     | 8481/18408 [10:29<10:56, 15.12it/s]
 46%|████▌     | 8483/18408 [10:29<10:48, 15.32it/s]
 46%|████▌     | 8485/18408 [10:29<11:13, 14.73it/s]
 46%|████▌     | 8487/18408 [10:30<11:15, 14.70it/s]
 46%|████▌     | 8489/18408 [10:30<11:22, 14.54it/s]
 46%|████▌     | 8491/18408 [10:30<11:15, 14.69it/s]
 46%|████▌     | 8493/18408 [10:30<11:10, 14.79it/s]
 46%|████▌     | 8495/18408 [10:30<12:23, 13.34it/s]
 46%|████▌     | 8497/18408 [10:30<11:50, 13.95it/s]
 46%|████▌     | 8499/18408 [10:30<11:53, 13.89it/s]
                                                    
{'loss': '0.6208', 'grad_norm': '3.71', 'learning_rate': '1.082e-05', 'epoch': '1.385'}

 46%|████▌     | 8500/18408 [10:31<11:53, 13.89it/s]

  0%|          | 0/39 [00:00<?, ?it/s][A

 31%|███       | 12/39 [00:00<00:00, 114.27it/s][A

 62%|██████▏   | 24/39 [00:00<00:00, 108.86it/s][A

 92%|█████████▏| 36/39 [00:00<00:00, 112.86it/s][A
                                                    

                                                
[A{'eval_loss': '0.5993', 'eval_accuracy': '0.7494', 'eval_precision': '0.7533', 'eval_recall': '0.7494', 'eval_f1_weighted': '0.7492', 'eval_f1_macro': '0.7492', 'eval_runtime': '0.7789', 'eval_samples_per_second': '3197', 'eval_steps_per_second': '50.07', 'epoch': '1.385'}

 46%|████▌     | 8500/18408 [10:31<11:53, 13.89it/s]

100%|██████████| 39/39 [00:00<00:00, 112.86it/s][A

                                                [A

Writing model shards:   0%|          | 0/1 [00:00<?, ?it/s][A

Writing model shards: 100%|██████████| 1/1 [00:01<00:00,  1.25s/it][A
Writing model shards: 100%|██████████| 1/1 [00:01<00:00,  1.25s/it]

 46%|████▌     | 8501/18408 [10:33<1:07:48,  2.44it/s]
 46%|████▌     | 8503/18408 [10:33<50:34,  3.26it/s]  
 46%|████▌     | 8505/18408 [10:33<38:40,  4.27it/s]
 46%|████▌     | 8507/18408 [10:33<30:14,  5.46it/s]
 46%|████▌     | 8509/18408 [10:33<24:34,  6.71it/s]
 46%|████▌     | 8511/18408 [10:34<21:47,  7.57it/s]
 46%|████▌     | 8513/18408 [10:34<18:29,  8.92it/s]
 46%|████▋     | 8515/18408 [10:34<16:33,  9.96it/s]
 46%|████▋     | 8517/18408 [10:34<15:02, 10.95it/s]
 46%|████▋     | 8519/18408 [10:34<13:55, 11.83it/s]
 46%|████▋     | 8521/18408 [10:34<13:01, 12.65it/s]
 46%|████▋     | 8523/18408 [10:34<12:24, 13.27it/s]
 46%|████▋     | 8525/18408 [10:35<12:14, 13.45it/s]
 46%|████▋     | 8527/18408 [10:35<12:11, 13.51it/s]
 46%|████▋     | 8529/18408 [10:35<11:47, 13.96it/s]
 46%|████▋     | 8531/18408 [10:35<12:09, 13.54it/s]
 46%|████▋     | 8533/18408 [10:35<11:38, 14.14it/s]
 46%|████▋     | 8535/18408 [10:35<11:17, 14.58it/s]
 46%|████▋     | 8537/18408 [10:35<11:08, 14.77it/s]
 46%|████▋     | 8539/18408 [10:35<10:58, 15.00it/s]
 46%|████▋     | 8541/18408 [10:36<10:48, 15.22it/s]
 46%|████▋     | 8543/18408 [10:36<11:10, 14.71it/s]
 46%|████▋     | 8545/18408 [10:36<10:58, 14.98it/s]
 46%|████▋     | 8547/18408 [10:36<10:53, 15.08it/s]
 46%|████▋     | 8549/18408 [10:36<10:43, 15.32it/s]
                                                    
{'loss': '0.6264', 'grad_norm': '4.342', 'learning_rate': '1.077e-05', 'epoch': '1.393'}

 46%|████▋     | 8550/18408 [10:36<10:43, 15.32it/s]
 46%|████▋     | 8551/18408 [10:36<10:53, 15.09it/s]
 46%|████▋     | 8553/18408 [10:36<10:46, 15.24it/s]
 46%|████▋     | 8555/18408 [10:37<10:57, 14.99it/s]
 46%|████▋     | 8557/18408 [10:37<11:01, 14.90it/s]
 46%|████▋     | 8559/18408 [10:37<11:33, 14.20it/s]
 47%|████▋     | 8561/18408 [10:37<11:19, 14.49it/s]
 47%|████▋     | 8563/18408 [10:37<11:53, 13.80it/s]
 47%|████▋     | 8565/18408 [10:37<11:26, 14.34it/s]
 47%|████▋     | 8567/18408 [10:37<11:15, 14.57it/s]
 47%|████▋     | 8569/18408 [10:38<11:42, 14.01it/s]
 47%|████▋     | 8571/18408 [10:38<11:19, 14.48it/s]
 47%|████▋     | 8573/18408 [10:38<11:36, 14.12it/s]
 47%|████▋     | 8575/18408 [10:38<11:32, 14.21it/s]
 47%|████▋     | 8577/18408 [10:38<11:32, 14.19it/s]
 47%|████▋     | 8579/18408 [10:38<11:27, 14.29it/s]
 47%|████▋     | 8581/18408 [10:38<11:43, 13.97it/s]
 47%|████▋     | 8583/18408 [10:39<11:21, 14.42it/s]
 47%|████▋     | 8585/18408 [10:39<11:18, 14.47it/s]
 47%|████▋     | 8587/18408 [10:39<11:01, 14.85it/s]
 47%|████▋     | 8589/18408 [10:39<12:34, 13.02it/s]
 47%|████▋     | 8591/18408 [10:39<12:21, 13.24it/s]
 47%|████▋     | 8593/18408 [10:39<12:12, 13.39it/s]
 47%|████▋     | 8595/18408 [10:39<11:40, 14.01it/s]
 47%|████▋     | 8597/18408 [10:40<11:50, 13.81it/s]
 47%|████▋     | 8599/18408 [10:40<11:31, 14.19it/s]
                                                    
{'loss': '0.5998', 'grad_norm': '4.612', 'learning_rate': '1.072e-05', 'epoch': '1.402'}

 47%|████▋     | 8600/18408 [10:40<11:31, 14.19it/s]
 47%|████▋     | 8601/18408 [10:40<12:00, 13.61it/s]
 47%|████▋     | 8603/18408 [10:40<11:39, 14.01it/s]
 47%|████▋     | 8605/18408 [10:40<11:31, 14.17it/s]
 47%|████▋     | 8607/18408 [10:40<11:31, 14.17it/s]
 47%|████▋     | 8609/18408 [10:40<11:46, 13.87it/s]
 47%|████▋     | 8611/18408 [10:41<11:19, 14.42it/s]
 47%|████▋     | 8613/18408 [10:41<11:01, 14.82it/s]
 47%|████▋     | 8615/18408 [10:41<10:59, 14.85it/s]
 47%|████▋     | 8617/18408 [10:41<11:08, 14.65it/s]
 47%|████▋     | 8619/18408 [10:41<11:16, 14.48it/s]
 47%|████▋     | 8621/18408 [10:41<11:01, 14.80it/s]
 47%|████▋     | 8623/18408 [10:41<11:36, 14.04it/s]
 47%|████▋     | 8625/18408 [10:41<11:16, 14.47it/s]
 47%|████▋     | 8627/18408 [10:42<10:58, 14.85it/s]
 47%|████▋     | 8629/18408 [10:42<10:47, 15.10it/s]
 47%|████▋     | 8631/18408 [10:42<10:45, 15.15it/s]
 47%|████▋     | 8633/18408 [10:42<11:08, 14.61it/s]
 47%|████▋     | 8635/18408 [10:42<11:01, 14.76it/s]
 47%|████▋     | 8637/18408 [10:42<11:07, 14.64it/s]
 47%|████▋     | 8639/18408 [10:42<11:05, 14.67it/s]
 47%|████▋     | 8641/18408 [10:43<10:57, 14.86it/s]
 47%|████▋     | 8643/18408 [10:43<10:56, 14.88it/s]
 47%|████▋     | 8645/18408 [10:43<11:10, 14.56it/s]
 47%|████▋     | 8647/18408 [10:43<10:54, 14.91it/s]
 47%|████▋     | 8649/18408 [10:43<10:43, 15.18it/s]
                                                    
{'loss': '0.5878', 'grad_norm': '3.664', 'learning_rate': '1.066e-05', 'epoch': '1.41'}

 47%|████▋     | 8650/18408 [10:43<10:42, 15.18it/s]
 47%|████▋     | 8651/18408 [10:43<10:44, 15.15it/s]
 47%|████▋     | 8653/18408 [10:43<10:35, 15.35it/s]
 47%|████▋     | 8655/18408 [10:43<10:47, 15.07it/s]
 47%|████▋     | 8657/18408 [10:44<10:46, 15.07it/s]
 47%|████▋     | 8659/18408 [10:44<10:56, 14.86it/s]
 47%|████▋     | 8661/18408 [10:44<11:10, 14.54it/s]
 47%|████▋     | 8663/18408 [10:44<11:05, 14.64it/s]
 47%|████▋     | 8665/18408 [10:44<11:00, 14.74it/s]
 47%|████▋     | 8667/18408 [10:44<10:58, 14.79it/s]
 47%|████▋     | 8669/18408 [10:44<11:07, 14.60it/s]
 47%|████▋     | 8671/18408 [10:45<11:07, 14.60it/s]
 47%|████▋     | 8673/18408 [10:45<11:35, 13.99it/s]
 47%|████▋     | 8675/18408 [10:45<11:30, 14.09it/s]
 47%|████▋     | 8677/18408 [10:45<12:20, 13.14it/s]
 47%|████▋     | 8679/18408 [10:45<12:14, 13.24it/s]
 47%|████▋     | 8681/18408 [10:45<11:51, 13.67it/s]
 47%|████▋     | 8683/18408 [10:45<12:01, 13.48it/s]
 47%|████▋     | 8685/18408 [10:46<13:07, 12.35it/s]
 47%|████▋     | 8687/18408 [10:46<12:15, 13.21it/s]
 47%|████▋     | 8689/18408 [10:46<11:41, 13.86it/s]
 47%|████▋     | 8691/18408 [10:46<11:15, 14.38it/s]
 47%|████▋     | 8693/18408 [10:46<11:43, 13.80it/s]
 47%|████▋     | 8695/18408 [10:46<11:59, 13.50it/s]
 47%|████▋     | 8697/18408 [10:46<11:37, 13.93it/s]
 47%|████▋     | 8699/18408 [10:47<11:19, 14.29it/s]
                                                    
{'loss': '0.6018', 'grad_norm': '3.481', 'learning_rate': '1.061e-05', 'epoch': '1.418'}

 47%|████▋     | 8700/18408 [10:47<11:19, 14.29it/s]
 47%|████▋     | 8701/18408 [10:47<11:11, 14.45it/s]
 47%|████▋     | 8703/18408 [10:47<11:04, 14.60it/s]
 47%|████▋     | 8705/18408 [10:47<10:53, 14.84it/s]
 47%|████▋     | 8707/18408 [10:47<10:45, 15.02it/s]
 47%|████▋     | 8709/18408 [10:47<10:35, 15.26it/s]
 47%|████▋     | 8711/18408 [10:47<10:39, 15.15it/s]
 47%|████▋     | 8713/18408 [10:48<11:23, 14.19it/s]
 47%|████▋     | 8715/18408 [10:48<11:25, 14.14it/s]
 47%|████▋     | 8717/18408 [10:48<11:15, 14.35it/s]
 47%|████▋     | 8719/18408 [10:48<11:31, 14.02it/s]
 47%|████▋     | 8721/18408 [10:48<11:17, 14.29it/s]
 47%|████▋     | 8723/18408 [10:48<11:09, 14.46it/s]
 47%|████▋     | 8725/18408 [10:48<11:06, 14.52it/s]
 47%|████▋     | 8727/18408 [10:49<11:00, 14.66it/s]
 47%|████▋     | 8729/18408 [10:49<10:48, 14.92it/s]
 47%|████▋     | 8731/18408 [10:49<11:31, 14.00it/s]
 47%|████▋     | 8733/18408 [10:49<11:47, 13.67it/s]
 47%|████▋     | 8735/18408 [10:49<11:26, 14.09it/s]
 47%|████▋     | 8737/18408 [10:49<11:31, 13.99it/s]
 47%|████▋     | 8739/18408 [10:49<11:15, 14.30it/s]
 47%|████▋     | 8741/18408 [10:50<11:19, 14.22it/s]
 47%|████▋     | 8743/18408 [10:50<10:59, 14.65it/s]
 48%|████▊     | 8745/18408 [10:50<11:08, 14.46it/s]
 48%|████▊     | 8747/18408 [10:50<11:30, 13.99it/s]
 48%|████▊     | 8749/18408 [10:50<11:22, 14.15it/s]
                                                    
{'loss': '0.5902', 'grad_norm': '5.281', 'learning_rate': '1.055e-05', 'epoch': '1.426'}

 48%|████▊     | 8750/18408 [10:50<11:22, 14.15it/s]
 48%|████▊     | 8751/18408 [10:50<11:24, 14.11it/s]
 48%|████▊     | 8753/18408 [10:50<11:40, 13.79it/s]
 48%|████▊     | 8755/18408 [10:51<11:25, 14.08it/s]
 48%|████▊     | 8757/18408 [10:51<11:34, 13.90it/s]
 48%|████▊     | 8759/18408 [10:51<11:14, 14.30it/s]
 48%|████▊     | 8761/18408 [10:51<12:29, 12.86it/s]
 48%|████▊     | 8763/18408 [10:51<12:14, 13.13it/s]
 48%|████▊     | 8765/18408 [10:51<12:07, 13.25it/s]
 48%|████▊     | 8767/18408 [10:51<11:31, 13.95it/s]
 48%|████▊     | 8769/18408 [10:52<11:08, 14.42it/s]
 48%|████▊     | 8771/18408 [10:52<11:11, 14.35it/s]
 48%|████▊     | 8773/18408 [10:52<11:01, 14.56it/s]
 48%|████▊     | 8775/18408 [10:52<10:46, 14.90it/s]
 48%|████▊     | 8777/18408 [10:52<12:00, 13.37it/s]
 48%|████▊     | 8779/18408 [10:52<11:28, 13.99it/s]
 48%|████▊     | 8781/18408 [10:52<11:19, 14.16it/s]
 48%|████▊     | 8783/18408 [10:53<11:26, 14.02it/s]
 48%|████▊     | 8785/18408 [10:53<11:22, 14.09it/s]
 48%|████▊     | 8787/18408 [10:53<11:07, 14.42it/s]
 48%|████▊     | 8789/18408 [10:53<11:31, 13.92it/s]
 48%|████▊     | 8791/18408 [10:53<11:51, 13.51it/s]
 48%|████▊     | 8793/18408 [10:53<11:49, 13.56it/s]
 48%|████▊     | 8795/18408 [10:53<11:20, 14.12it/s]
 48%|████▊     | 8797/18408 [10:54<11:28, 13.97it/s]
 48%|████▊     | 8799/18408 [10:54<11:08, 14.38it/s]
                                                    
{'loss': '0.615', 'grad_norm': '3.388', 'learning_rate': '1.05e-05', 'epoch': '1.434'}

 48%|████▊     | 8800/18408 [10:54<11:07, 14.38it/s]
 48%|████▊     | 8801/18408 [10:54<10:53, 14.70it/s]
 48%|████▊     | 8803/18408 [10:54<10:40, 15.00it/s]
 48%|████▊     | 8805/18408 [10:54<10:40, 15.00it/s]
 48%|████▊     | 8807/18408 [10:54<10:52, 14.72it/s]
 48%|████▊     | 8809/18408 [10:54<11:36, 13.79it/s]
 48%|████▊     | 8811/18408 [10:55<11:08, 14.35it/s]
 48%|████▊     | 8813/18408 [10:55<10:56, 14.62it/s]
 48%|████▊     | 8815/18408 [10:55<11:12, 14.27it/s]
 48%|████▊     | 8817/18408 [10:55<11:31, 13.88it/s]
 48%|████▊     | 8819/18408 [10:55<11:09, 14.33it/s]
 48%|████▊     | 8821/18408 [10:55<11:03, 14.45it/s]
 48%|████▊     | 8823/18408 [10:55<11:04, 14.42it/s]
 48%|████▊     | 8825/18408 [10:55<10:51, 14.72it/s]
 48%|████▊     | 8827/18408 [10:56<10:48, 14.76it/s]
 48%|████▊     | 8829/18408 [10:56<10:42, 14.91it/s]
 48%|████▊     | 8831/18408 [10:56<10:48, 14.77it/s]
 48%|████▊     | 8833/18408 [10:56<10:37, 15.02it/s]
 48%|████▊     | 8835/18408 [10:56<10:32, 15.14it/s]
 48%|████▊     | 8837/18408 [10:56<10:36, 15.04it/s]
 48%|████▊     | 8839/18408 [10:56<10:39, 14.97it/s]
 48%|████▊     | 8841/18408 [10:57<11:01, 14.46it/s]
 48%|████▊     | 8843/18408 [10:57<11:13, 14.20it/s]
 48%|████▊     | 8845/18408 [10:57<11:25, 13.94it/s]
 48%|████▊     | 8847/18408 [10:57<11:24, 13.97it/s]
 48%|████▊     | 8849/18408 [10:57<11:03, 14.42it/s]
                                                    
{'loss': '0.5989', 'grad_norm': '4.545', 'learning_rate': '1.044e-05', 'epoch': '1.442'}

 48%|████▊     | 8850/18408 [10:57<11:02, 14.42it/s]
 48%|████▊     | 8851/18408 [10:57<10:56, 14.56it/s]
 48%|████▊     | 8853/18408 [10:57<11:17, 14.10it/s]
 48%|████▊     | 8855/18408 [10:58<11:10, 14.24it/s]
 48%|████▊     | 8857/18408 [10:58<11:08, 14.28it/s]
 48%|████▊     | 8859/18408 [10:58<11:17, 14.09it/s]
 48%|████▊     | 8861/18408 [10:58<11:01, 14.43it/s]
 48%|████▊     | 8863/18408 [10:58<11:11, 14.20it/s]
 48%|████▊     | 8865/18408 [10:58<11:11, 14.21it/s]
 48%|████▊     | 8867/18408 [10:58<11:28, 13.86it/s]
 48%|████▊     | 8869/18408 [10:59<11:05, 14.34it/s]
 48%|████▊     | 8871/18408 [10:59<10:52, 14.61it/s]
 48%|████▊     | 8873/18408 [10:59<10:38, 14.94it/s]
 48%|████▊     | 8875/18408 [10:59<10:53, 14.60it/s]
 48%|████▊     | 8877/18408 [10:59<11:00, 14.42it/s]
 48%|████▊     | 8879/18408 [10:59<11:00, 14.43it/s]
 48%|████▊     | 8881/18408 [10:59<10:53, 14.57it/s]
 48%|████▊     | 8883/18408 [10:59<10:51, 14.63it/s]
 48%|████▊     | 8885/18408 [11:00<11:10, 14.20it/s]
 48%|████▊     | 8887/18408 [11:00<10:52, 14.59it/s]
 48%|████▊     | 8889/18408 [11:00<10:48, 14.69it/s]
 48%|████▊     | 8891/18408 [11:00<10:44, 14.76it/s]
 48%|████▊     | 8893/18408 [11:00<11:00, 14.41it/s]
 48%|████▊     | 8895/18408 [11:00<10:43, 14.78it/s]
 48%|████▊     | 8897/18408 [11:00<10:40, 14.84it/s]
 48%|████▊     | 8899/18408 [11:01<10:38, 14.89it/s]
                                                    
{'loss': '0.6016', 'grad_norm': '3.368', 'learning_rate': '1.039e-05', 'epoch': '1.45'}

 48%|████▊     | 8900/18408 [11:01<10:38, 14.89it/s]
 48%|████▊     | 8901/18408 [11:01<10:31, 15.07it/s]
 48%|████▊     | 8903/18408 [11:01<10:49, 14.64it/s]
 48%|████▊     | 8905/18408 [11:01<10:36, 14.93it/s]
 48%|████▊     | 8907/18408 [11:01<10:41, 14.82it/s]
 48%|████▊     | 8909/18408 [11:01<10:36, 14.92it/s]
 48%|████▊     | 8911/18408 [11:01<10:50, 14.60it/s]
 48%|████▊     | 8913/18408 [11:02<10:49, 14.61it/s]
 48%|████▊     | 8915/18408 [11:02<10:41, 14.81it/s]
 48%|████▊     | 8917/18408 [11:02<10:46, 14.69it/s]
 48%|████▊     | 8919/18408 [11:02<10:43, 14.74it/s]
 48%|████▊     | 8921/18408 [11:02<10:47, 14.66it/s]
 48%|████▊     | 8923/18408 [11:02<10:52, 14.55it/s]
 48%|████▊     | 8925/18408 [11:02<10:50, 14.57it/s]
 48%|████▊     | 8927/18408 [11:02<10:42, 14.76it/s]
 49%|████▊     | 8929/18408 [11:03<10:42, 14.75it/s]
 49%|████▊     | 8931/18408 [11:03<10:37, 14.86it/s]
 49%|████▊     | 8933/18408 [11:03<11:34, 13.64it/s]
 49%|████▊     | 8935/18408 [11:03<11:11, 14.10it/s]
 49%|████▊     | 8937/18408 [11:03<10:57, 14.40it/s]
 49%|████▊     | 8939/18408 [11:03<10:57, 14.39it/s]
 49%|████▊     | 8941/18408 [11:03<11:19, 13.92it/s]
 49%|████▊     | 8943/18408 [11:04<11:06, 14.21it/s]
 49%|████▊     | 8945/18408 [11:04<11:16, 14.00it/s]
 49%|████▊     | 8947/18408 [11:04<11:15, 14.01it/s]
 49%|████▊     | 8949/18408 [11:04<11:56, 13.21it/s]
                                                    
{'loss': '0.5908', 'grad_norm': '3.645', 'learning_rate': '1.033e-05', 'epoch': '1.459'}

 49%|████▊     | 8950/18408 [11:04<11:56, 13.21it/s]
 49%|████▊     | 8951/18408 [11:04<11:30, 13.69it/s]
 49%|████▊     | 8953/18408 [11:04<11:06, 14.18it/s]
 49%|████▊     | 8955/18408 [11:04<11:09, 14.13it/s]
 49%|████▊     | 8957/18408 [11:05<11:08, 14.13it/s]
 49%|████▊     | 8959/18408 [11:05<10:57, 14.38it/s]
 49%|████▊     | 8961/18408 [11:05<10:36, 14.83it/s]
 49%|████▊     | 8963/18408 [11:05<10:35, 14.85it/s]
 49%|████▊     | 8965/18408 [11:05<10:37, 14.82it/s]
 49%|████▊     | 8967/18408 [11:05<10:58, 14.33it/s]
 49%|████▊     | 8969/18408 [11:05<11:17, 13.93it/s]
 49%|████▊     | 8971/18408 [11:06<10:57, 14.35it/s]
 49%|████▊     | 8973/18408 [11:06<11:00, 14.29it/s]
 49%|████▉     | 8975/18408 [11:06<12:17, 12.78it/s]
 49%|████▉     | 8977/18408 [11:06<11:38, 13.50it/s]
 49%|████▉     | 8979/18408 [11:06<11:14, 13.97it/s]
 49%|████▉     | 8981/18408 [11:06<11:05, 14.17it/s]
 49%|████▉     | 8983/18408 [11:06<10:48, 14.53it/s]
 49%|████▉     | 8985/18408 [11:07<10:49, 14.50it/s]
 49%|████▉     | 8987/18408 [11:07<10:32, 14.89it/s]
 49%|████▉     | 8989/18408 [11:07<11:16, 13.92it/s]
 49%|████▉     | 8991/18408 [11:07<11:05, 14.16it/s]
 49%|████▉     | 8993/18408 [11:07<10:51, 14.45it/s]
 49%|████▉     | 8995/18408 [11:07<10:35, 14.82it/s]
 49%|████▉     | 8997/18408 [11:07<10:55, 14.35it/s]
 49%|████▉     | 8999/18408 [11:08<11:28, 13.67it/s]
                                                    
{'loss': '0.6014', 'grad_norm': '3.82', 'learning_rate': '1.028e-05', 'epoch': '1.467'}

 49%|████▉     | 9000/18408 [11:08<11:28, 13.67it/s]

  0%|          | 0/39 [00:00<?, ?it/s][A

 31%|███       | 12/39 [00:00<00:00, 115.09it/s][A

 62%|██████▏   | 24/39 [00:00<00:00, 110.35it/s][A

 92%|█████████▏| 36/39 [00:00<00:00, 113.35it/s][A
                                                    

                                                
[A{'eval_loss': '0.5912', 'eval_accuracy': '0.757', 'eval_precision': '0.7584', 'eval_recall': '0.757', 'eval_f1_weighted': '0.757', 'eval_f1_macro': '0.757', 'eval_runtime': '0.7416', 'eval_samples_per_second': '3357', 'eval_steps_per_second': '52.59', 'epoch': '1.467'}

 49%|████▉     | 9000/18408 [11:08<11:28, 13.67it/s]

100%|██████████| 39/39 [00:00<00:00, 113.35it/s][A

                                                [A

Writing model shards:   0%|          | 0/1 [00:00<?, ?it/s][A

Writing model shards: 100%|██████████| 1/1 [00:01<00:00,  1.22s/it][A
Writing model shards: 100%|██████████| 1/1 [00:01<00:00,  1.22s/it]

 49%|████▉     | 9001/18408 [11:10<1:03:02,  2.49it/s]
 49%|████▉     | 9003/18408 [11:10<47:12,  3.32it/s]  
 49%|████▉     | 9005/18408 [11:10<36:14,  4.32it/s]
 49%|████▉     | 9007/18408 [11:10<28:35,  5.48it/s]
 49%|████▉     | 9009/18408 [11:10<23:11,  6.76it/s]
 49%|████▉     | 9011/18408 [11:11<20:03,  7.81it/s]
 49%|████▉     | 9013/18408 [11:11<17:27,  8.97it/s]
 49%|████▉     | 9015/18408 [11:11<15:18, 10.22it/s]
 49%|████▉     | 9017/18408 [11:11<14:03, 11.14it/s]
 49%|████▉     | 9019/18408 [11:11<13:21, 11.71it/s]
 49%|████▉     | 9021/18408 [11:11<12:26, 12.57it/s]
 49%|████▉     | 9023/18408 [11:11<11:49, 13.23it/s]
 49%|████▉     | 9025/18408 [11:12<11:17, 13.85it/s]
 49%|████▉     | 9027/18408 [11:12<10:53, 14.36it/s]
 49%|████▉     | 9029/18408 [11:12<10:36, 14.74it/s]
 49%|████▉     | 9031/18408 [11:12<10:24, 15.02it/s]
 49%|████▉     | 9033/18408 [11:12<10:41, 14.61it/s]
 49%|████▉     | 9035/18408 [11:12<10:41, 14.60it/s]
 49%|████▉     | 9037/18408 [11:12<11:05, 14.08it/s]
 49%|████▉     | 9039/18408 [11:13<11:03, 14.12it/s]
 49%|████▉     | 9041/18408 [11:13<10:42, 14.57it/s]
 49%|████▉     | 9043/18408 [11:13<10:55, 14.28it/s]
 49%|████▉     | 9045/18408 [11:13<10:43, 14.55it/s]
 49%|████▉     | 9047/18408 [11:13<10:42, 14.58it/s]
 49%|████▉     | 9049/18408 [11:13<10:42, 14.57it/s]
                                                    
{'loss': '0.5859', 'grad_norm': '4.664', 'learning_rate': '1.022e-05', 'epoch': '1.475'}

 49%|████▉     | 9050/18408 [11:13<10:42, 14.57it/s]
 49%|████▉     | 9051/18408 [11:13<11:08, 14.01it/s]
 49%|████▉     | 9053/18408 [11:14<11:34, 13.46it/s]
 49%|████▉     | 9055/18408 [11:14<11:19, 13.77it/s]
 49%|████▉     | 9057/18408 [11:14<11:19, 13.77it/s]
 49%|████▉     | 9059/18408 [11:14<11:03, 14.08it/s]
 49%|████▉     | 9061/18408 [11:14<10:42, 14.56it/s]
 49%|████▉     | 9063/18408 [11:14<10:36, 14.68it/s]
 49%|████▉     | 9065/18408 [11:14<10:23, 14.99it/s]
 49%|████▉     | 9067/18408 [11:14<10:12, 15.24it/s]
 49%|████▉     | 9069/18408 [11:15<10:13, 15.22it/s]
 49%|████▉     | 9071/18408 [11:15<10:13, 15.21it/s]
 49%|████▉     | 9073/18408 [11:15<10:48, 14.38it/s]
 49%|████▉     | 9075/18408 [11:15<10:47, 14.42it/s]
 49%|████▉     | 9077/18408 [11:15<10:41, 14.54it/s]
 49%|████▉     | 9079/18408 [11:15<10:47, 14.41it/s]
 49%|████▉     | 9081/18408 [11:15<11:13, 13.85it/s]
 49%|████▉     | 9083/18408 [11:16<10:51, 14.32it/s]
 49%|████▉     | 9085/18408 [11:16<10:42, 14.50it/s]
 49%|████▉     | 9087/18408 [11:16<10:27, 14.86it/s]
 49%|████▉     | 9089/18408 [11:16<10:21, 14.98it/s]
 49%|████▉     | 9091/18408 [11:16<11:38, 13.33it/s]
 49%|████▉     | 9093/18408 [11:16<11:18, 13.72it/s]
 49%|████▉     | 9095/18408 [11:16<11:04, 14.02it/s]
 49%|████▉     | 9097/18408 [11:17<10:51, 14.29it/s]
 49%|████▉     | 9099/18408 [11:17<10:36, 14.63it/s]
                                                    
{'loss': '0.6146', 'grad_norm': '4.592', 'learning_rate': '1.017e-05', 'epoch': '1.483'}

 49%|████▉     | 9100/18408 [11:17<10:36, 14.63it/s]
 49%|████▉     | 9101/18408 [11:17<10:34, 14.66it/s]
 49%|████▉     | 9103/18408 [11:17<10:36, 14.62it/s]
 49%|████▉     | 9105/18408 [11:17<10:35, 14.63it/s]
 49%|████▉     | 9107/18408 [11:17<10:34, 14.66it/s]
 49%|████▉     | 9109/18408 [11:17<10:25, 14.86it/s]
 49%|████▉     | 9111/18408 [11:18<10:18, 15.03it/s]
 50%|████▉     | 9113/18408 [11:18<10:07, 15.29it/s]
 50%|████▉     | 9115/18408 [11:18<10:09, 15.24it/s]
 50%|████▉     | 9117/18408 [11:18<10:10, 15.23it/s]
 50%|████▉     | 9119/18408 [11:18<10:12, 15.16it/s]
 50%|████▉     | 9121/18408 [11:18<10:24, 14.88it/s]
 50%|████▉     | 9123/18408 [11:18<10:22, 14.91it/s]
 50%|████▉     | 9125/18408 [11:18<10:36, 14.59it/s]
 50%|████▉     | 9127/18408 [11:19<10:21, 14.93it/s]
 50%|████▉     | 9129/18408 [11:19<10:30, 14.73it/s]
 50%|████▉     | 9131/18408 [11:19<10:30, 14.72it/s]
 50%|████▉     | 9133/18408 [11:19<10:27, 14.77it/s]
 50%|████▉     | 9135/18408 [11:19<10:50, 14.25it/s]
 50%|████▉     | 9137/18408 [11:19<11:16, 13.70it/s]
 50%|████▉     | 9139/18408 [11:19<11:02, 14.00it/s]
 50%|████▉     | 9141/18408 [11:20<10:48, 14.30it/s]
 50%|████▉     | 9143/18408 [11:20<10:37, 14.53it/s]
 50%|████▉     | 9145/18408 [11:20<10:24, 14.84it/s]
 50%|████▉     | 9147/18408 [11:20<10:15, 15.05it/s]
 50%|████▉     | 9149/18408 [11:20<11:40, 13.21it/s]
                                                    
{'loss': '0.6016', 'grad_norm': '3.938', 'learning_rate': '1.011e-05', 'epoch': '1.491'}

 50%|████▉     | 9150/18408 [11:20<11:40, 13.21it/s]
 50%|████▉     | 9151/18408 [11:20<11:09, 13.83it/s]
 50%|████▉     | 9153/18408 [11:20<10:47, 14.29it/s]
 50%|████▉     | 9155/18408 [11:21<11:47, 13.07it/s]
 50%|████▉     | 9157/18408 [11:21<11:14, 13.71it/s]
 50%|████▉     | 9159/18408 [11:21<10:58, 14.04it/s]
 50%|████▉     | 9161/18408 [11:21<10:39, 14.46it/s]
 50%|████▉     | 9163/18408 [11:21<10:40, 14.44it/s]
 50%|████▉     | 9165/18408 [11:21<10:52, 14.16it/s]
 50%|████▉     | 9167/18408 [11:21<10:37, 14.50it/s]
 50%|████▉     | 9169/18408 [11:22<11:12, 13.73it/s]
 50%|████▉     | 9171/18408 [11:22<11:02, 13.95it/s]
 50%|████▉     | 9173/18408 [11:22<10:54, 14.11it/s]
 50%|████▉     | 9175/18408 [11:22<11:38, 13.22it/s]
 50%|████▉     | 9177/18408 [11:22<11:44, 13.10it/s]
 50%|████▉     | 9179/18408 [11:22<11:08, 13.81it/s]
 50%|████▉     | 9181/18408 [11:22<10:58, 14.01it/s]
 50%|████▉     | 9183/18408 [11:23<10:38, 14.45it/s]
 50%|████▉     | 9185/18408 [11:23<10:44, 14.30it/s]
 50%|████▉     | 9187/18408 [11:23<10:35, 14.50it/s]
 50%|████▉     | 9189/18408 [11:23<10:34, 14.54it/s]
 50%|████▉     | 9191/18408 [11:23<10:38, 14.43it/s]
 50%|████▉     | 9193/18408 [11:23<10:34, 14.52it/s]
 50%|████▉     | 9195/18408 [11:23<10:39, 14.40it/s]
 50%|████▉     | 9197/18408 [11:24<10:31, 14.60it/s]
 50%|████▉     | 9199/18408 [11:24<10:56, 14.04it/s]
                                                    
{'loss': '0.6051', 'grad_norm': '3.932', 'learning_rate': '1.006e-05', 'epoch': '1.499'}

 50%|████▉     | 9200/18408 [11:24<10:56, 14.04it/s]
 50%|████▉     | 9201/18408 [11:24<10:45, 14.27it/s]
 50%|████▉     | 9203/18408 [11:24<10:25, 14.71it/s]
 50%|█████     | 9205/18408 [11:24<10:45, 14.27it/s]
 50%|█████     | 9207/18408 [11:24<10:28, 14.65it/s]
 50%|█████     | 9209/18408 [11:24<10:16, 14.93it/s]
 50%|█████     | 9211/18408 [11:24<10:06, 15.17it/s]
 50%|█████     | 9213/18408 [11:25<09:58, 15.37it/s]
 50%|█████     | 9215/18408 [11:25<10:22, 14.78it/s]
 50%|█████     | 9217/18408 [11:25<10:20, 14.82it/s]
 50%|█████     | 9219/18408 [11:25<10:23, 14.75it/s]
 50%|█████     | 9221/18408 [11:25<10:21, 14.79it/s]
 50%|█████     | 9223/18408 [11:25<10:25, 14.67it/s]
 50%|█████     | 9225/18408 [11:25<11:23, 13.43it/s]
 50%|█████     | 9227/18408 [11:26<11:42, 13.07it/s]
 50%|█████     | 9229/18408 [11:26<11:19, 13.50it/s]
 50%|█████     | 9231/18408 [11:26<11:00, 13.90it/s]
 50%|█████     | 9233/18408 [11:26<11:07, 13.75it/s]
 50%|█████     | 9235/18408 [11:26<10:51, 14.08it/s]
 50%|█████     | 9237/18408 [11:26<11:31, 13.26it/s]
 50%|█████     | 9239/18408 [11:26<11:00, 13.87it/s]
 50%|█████     | 9241/18408 [11:27<10:51, 14.07it/s]
 50%|█████     | 9243/18408 [11:27<10:42, 14.26it/s]
 50%|█████     | 9245/18408 [11:27<10:31, 14.51it/s]
 50%|█████     | 9247/18408 [11:27<10:28, 14.58it/s]
 50%|█████     | 9249/18408 [11:27<10:22, 14.72it/s]
                                                    
{'loss': '0.6048', 'grad_norm': '4.879', 'learning_rate': '1.001e-05', 'epoch': '1.507'}

 50%|█████     | 9250/18408 [11:27<10:22, 14.72it/s]
 50%|█████     | 9251/18408 [11:27<10:13, 14.93it/s]
 50%|█████     | 9253/18408 [11:27<10:12, 14.95it/s]
 50%|█████     | 9255/18408 [11:28<10:15, 14.88it/s]
 50%|█████     | 9257/18408 [11:28<10:11, 14.96it/s]
 50%|█████     | 9259/18408 [11:28<10:02, 15.18it/s]
 50%|█████     | 9261/18408 [11:28<10:11, 14.97it/s]
 50%|█████     | 9263/18408 [11:28<10:10, 14.98it/s]
 50%|█████     | 9265/18408 [11:28<10:01, 15.20it/s]
 50%|█████     | 9267/18408 [11:28<10:02, 15.18it/s]
 50%|█████     | 9269/18408 [11:28<10:14, 14.86it/s]
 50%|█████     | 9271/18408 [11:29<10:24, 14.64it/s]
 50%|█████     | 9273/18408 [11:29<10:11, 14.94it/s]
 50%|█████     | 9275/18408 [11:29<10:02, 15.15it/s]
 50%|█████     | 9277/18408 [11:29<10:35, 14.36it/s]
 50%|█████     | 9279/18408 [11:29<10:26, 14.57it/s]
 50%|█████     | 9281/18408 [11:29<10:11, 14.93it/s]
 50%|█████     | 9283/18408 [11:29<10:02, 15.14it/s]
 50%|█████     | 9285/18408 [11:30<09:56, 15.29it/s]
 50%|█████     | 9287/18408 [11:30<10:07, 15.02it/s]
 50%|█████     | 9289/18408 [11:30<10:25, 14.57it/s]
 50%|█████     | 9291/18408 [11:30<10:20, 14.70it/s]
 50%|█████     | 9293/18408 [11:30<10:23, 14.62it/s]
 50%|█████     | 9295/18408 [11:30<10:20, 14.69it/s]
 51%|█████     | 9297/18408 [11:30<10:18, 14.72it/s]
 51%|█████     | 9299/18408 [11:31<10:15, 14.79it/s]
                                                    
{'loss': '0.6122', 'grad_norm': '4.602', 'learning_rate': '9.951e-06', 'epoch': '1.516'}

 51%|█████     | 9300/18408 [11:31<10:15, 14.79it/s]
 51%|█████     | 9301/18408 [11:31<10:03, 15.10it/s]
 51%|█████     | 9303/18408 [11:31<09:57, 15.23it/s]
 51%|█████     | 9305/18408 [11:31<10:55, 13.88it/s]
 51%|█████     | 9307/18408 [11:31<10:44, 14.12it/s]
 51%|█████     | 9309/18408 [11:31<10:46, 14.08it/s]
 51%|█████     | 9311/18408 [11:31<10:36, 14.28it/s]
 51%|█████     | 9313/18408 [11:32<10:52, 13.94it/s]
 51%|█████     | 9315/18408 [11:32<10:30, 14.43it/s]
 51%|█████     | 9317/18408 [11:32<10:14, 14.78it/s]
 51%|█████     | 9319/18408 [11:32<10:20, 14.64it/s]
 51%|█████     | 9321/18408 [11:32<10:30, 14.41it/s]
 51%|█████     | 9323/18408 [11:32<11:01, 13.73it/s]
 51%|█████     | 9325/18408 [11:32<10:52, 13.91it/s]
 51%|█████     | 9327/18408 [11:32<10:48, 13.99it/s]
 51%|█████     | 9329/18408 [11:33<11:13, 13.47it/s]
 51%|█████     | 9331/18408 [11:33<10:55, 13.85it/s]
 51%|█████     | 9333/18408 [11:33<12:18, 12.29it/s]
 51%|█████     | 9335/18408 [11:33<11:43, 12.89it/s]
 51%|█████     | 9337/18408 [11:33<11:06, 13.61it/s]
 51%|█████     | 9339/18408 [11:33<10:46, 14.04it/s]
 51%|█████     | 9341/18408 [11:34<10:54, 13.85it/s]
 51%|█████     | 9343/18408 [11:34<11:22, 13.29it/s]
 51%|█████     | 9345/18408 [11:34<11:06, 13.59it/s]
 51%|█████     | 9347/18408 [11:34<10:41, 14.13it/s]
 51%|█████     | 9349/18408 [11:34<10:46, 14.01it/s]
                                                    
{'loss': '0.6226', 'grad_norm': '3.634', 'learning_rate': '9.896e-06', 'epoch': '1.524'}

 51%|█████     | 9350/18408 [11:34<10:46, 14.01it/s]
 51%|█████     | 9351/18408 [11:34<10:26, 14.45it/s]
 51%|█████     | 9353/18408 [11:34<11:23, 13.25it/s]
 51%|█████     | 9355/18408 [11:35<11:06, 13.59it/s]
 51%|█████     | 9357/18408 [11:35<10:54, 13.83it/s]
 51%|█████     | 9359/18408 [11:35<10:29, 14.36it/s]
 51%|█████     | 9361/18408 [11:35<10:14, 14.73it/s]
 51%|█████     | 9363/18408 [11:35<10:03, 14.99it/s]
 51%|█████     | 9365/18408 [11:35<09:58, 15.11it/s]
 51%|█████     | 9367/18408 [11:35<09:52, 15.25it/s]
 51%|█████     | 9369/18408 [11:35<10:07, 14.89it/s]
 51%|█████     | 9371/18408 [11:36<10:22, 14.52it/s]
 51%|█████     | 9373/18408 [11:36<10:08, 14.85it/s]
 51%|█████     | 9375/18408 [11:36<10:07, 14.87it/s]
 51%|█████     | 9377/18408 [11:36<10:07, 14.86it/s]
 51%|█████     | 9379/18408 [11:36<10:24, 14.46it/s]
 51%|█████     | 9381/18408 [11:36<10:09, 14.81it/s]
 51%|█████     | 9383/18408 [11:36<09:59, 15.05it/s]
 51%|█████     | 9385/18408 [11:37<10:21, 14.51it/s]
 51%|█████     | 9387/18408 [11:37<10:17, 14.62it/s]
 51%|█████     | 9389/18408 [11:37<10:08, 14.83it/s]
 51%|█████     | 9391/18408 [11:37<09:58, 15.06it/s]
 51%|█████     | 9393/18408 [11:37<10:01, 15.00it/s]
 51%|█████     | 9395/18408 [11:37<09:53, 15.20it/s]
 51%|█████     | 9397/18408 [11:37<09:45, 15.38it/s]
 51%|█████     | 9399/18408 [11:37<09:58, 15.06it/s]
                                                    
{'loss': '0.6126', 'grad_norm': '4.074', 'learning_rate': '9.842e-06', 'epoch': '1.532'}

 51%|█████     | 9400/18408 [11:38<09:58, 15.06it/s]
 51%|█████     | 9401/18408 [11:38<09:58, 15.05it/s]
 51%|█████     | 9403/18408 [11:38<10:03, 14.93it/s]
 51%|█████     | 9405/18408 [11:38<10:00, 14.99it/s]
 51%|█████     | 9407/18408 [11:38<10:25, 14.38it/s]
 51%|█████     | 9409/18408 [11:38<10:21, 14.49it/s]
 51%|█████     | 9411/18408 [11:38<10:06, 14.84it/s]
 51%|█████     | 9413/18408 [11:38<10:05, 14.85it/s]
 51%|█████     | 9415/18408 [11:39<10:02, 14.94it/s]
 51%|█████     | 9417/18408 [11:39<10:08, 14.77it/s]
 51%|█████     | 9419/18408 [11:39<09:58, 15.01it/s]
 51%|█████     | 9421/18408 [11:39<09:49, 15.25it/s]
 51%|█████     | 9423/18408 [11:39<09:43, 15.40it/s]
 51%|█████     | 9425/18408 [11:39<09:48, 15.27it/s]
 51%|█████     | 9427/18408 [11:39<09:42, 15.43it/s]
 51%|█████     | 9429/18408 [11:39<09:38, 15.51it/s]
 51%|█████     | 9431/18408 [11:40<09:45, 15.33it/s]
 51%|█████     | 9433/18408 [11:40<09:54, 15.11it/s]
 51%|█████▏    | 9435/18408 [11:40<10:33, 14.17it/s]
 51%|█████▏    | 9437/18408 [11:40<10:22, 14.40it/s]
 51%|█████▏    | 9439/18408 [11:40<10:07, 14.76it/s]
 51%|█████▏    | 9441/18408 [11:40<10:29, 14.24it/s]
 51%|█████▏    | 9443/18408 [11:40<10:40, 14.01it/s]
 51%|█████▏    | 9445/18408 [11:41<10:28, 14.26it/s]
 51%|█████▏    | 9447/18408 [11:41<10:16, 14.54it/s]
 51%|█████▏    | 9449/18408 [11:41<10:03, 14.85it/s]
                                                    
{'loss': '0.5958', 'grad_norm': '4.78', 'learning_rate': '9.787e-06', 'epoch': '1.54'}

 51%|█████▏    | 9450/18408 [11:41<10:03, 14.85it/s]
 51%|█████▏    | 9451/18408 [11:41<10:06, 14.78it/s]
 51%|█████▏    | 9453/18408 [11:41<10:30, 14.21it/s]
 51%|█████▏    | 9455/18408 [11:41<10:19, 14.45it/s]
 51%|█████▏    | 9457/18408 [11:41<10:33, 14.12it/s]
 51%|█████▏    | 9459/18408 [11:42<10:17, 14.50it/s]
 51%|█████▏    | 9461/18408 [11:42<10:17, 14.50it/s]
 51%|█████▏    | 9463/18408 [11:42<10:07, 14.73it/s]
 51%|█████▏    | 9465/18408 [11:42<10:14, 14.54it/s]
 51%|█████▏    | 9467/18408 [11:42<10:38, 14.01it/s]
 51%|█████▏    | 9469/18408 [11:42<10:45, 13.85it/s]
 51%|█████▏    | 9471/18408 [11:42<10:38, 14.00it/s]
 51%|█████▏    | 9473/18408 [11:43<11:07, 13.38it/s]
 51%|█████▏    | 9475/18408 [11:43<10:46, 13.82it/s]
 51%|█████▏    | 9477/18408 [11:43<11:08, 13.36it/s]
 51%|█████▏    | 9479/18408 [11:43<10:46, 13.81it/s]
 52%|█████▏    | 9481/18408 [11:43<10:32, 14.11it/s]
 52%|█████▏    | 9483/18408 [11:43<10:12, 14.57it/s]
 52%|█████▏    | 9485/18408 [11:43<10:08, 14.67it/s]
 52%|█████▏    | 9487/18408 [11:44<10:05, 14.74it/s]
 52%|█████▏    | 9489/18408 [11:44<10:10, 14.61it/s]
 52%|█████▏    | 9491/18408 [11:44<10:58, 13.55it/s]
 52%|█████▏    | 9493/18408 [11:44<11:03, 13.44it/s]
 52%|█████▏    | 9495/18408 [11:44<10:35, 14.02it/s]
 52%|█████▏    | 9497/18408 [11:44<10:30, 14.12it/s]
 52%|█████▏    | 9499/18408 [11:44<10:23, 14.30it/s]
                                                    
{'loss': '0.6095', 'grad_norm': '3.95', 'learning_rate': '9.732e-06', 'epoch': '1.548'}

 52%|█████▏    | 9500/18408 [11:45<10:23, 14.30it/s]

  0%|          | 0/39 [00:00<?, ?it/s][A

 31%|███       | 12/39 [00:00<00:00, 115.28it/s][A

 62%|██████▏   | 24/39 [00:00<00:00, 109.14it/s][A

 92%|█████████▏| 36/39 [00:00<00:00, 112.43it/s][A
                                                    

                                                
[A{'eval_loss': '0.5801', 'eval_accuracy': '0.7614', 'eval_precision': '0.7627', 'eval_recall': '0.7614', 'eval_f1_weighted': '0.7612', 'eval_f1_macro': '0.7612', 'eval_runtime': '0.7752', 'eval_samples_per_second': '3212', 'eval_steps_per_second': '50.31', 'epoch': '1.548'}

 52%|█████▏    | 9500/18408 [11:45<10:23, 14.30it/s]

100%|██████████| 39/39 [00:00<00:00, 112.43it/s][A

                                                [A

Writing model shards:   0%|          | 0/1 [00:00<?, ?it/s][A

Writing model shards: 100%|██████████| 1/1 [00:01<00:00,  1.22s/it][A
Writing model shards: 100%|██████████| 1/1 [00:01<00:00,  1.22s/it]

 52%|█████▏    | 9501/18408 [11:47<1:00:23,  2.46it/s]
 52%|█████▏    | 9503/18408 [11:47<45:07,  3.29it/s]  
 52%|█████▏    | 9505/18408 [11:47<34:32,  4.30it/s]
 52%|█████▏    | 9507/18408 [11:47<27:07,  5.47it/s]
 52%|█████▏    | 9509/18408 [11:47<21:47,  6.81it/s]
 52%|█████▏    | 9511/18408 [11:47<18:25,  8.05it/s]
 52%|█████▏    | 9513/18408 [11:48<16:16,  9.11it/s]
 52%|█████▏    | 9515/18408 [11:48<14:43, 10.07it/s]
 52%|█████▏    | 9517/18408 [11:48<13:26, 11.02it/s]
 52%|█████▏    | 9519/18408 [11:48<12:35, 11.76it/s]
 52%|█████▏    | 9521/18408 [11:48<11:44, 12.61it/s]
 52%|█████▏    | 9523/18408 [11:48<11:10, 13.26it/s]
 52%|█████▏    | 9525/18408 [11:48<11:04, 13.37it/s]
 52%|█████▏    | 9527/18408 [11:49<10:40, 13.86it/s]
 52%|█████▏    | 9529/18408 [11:49<10:18, 14.35it/s]
 52%|█████▏    | 9531/18408 [11:49<10:08, 14.58it/s]
 52%|█████▏    | 9533/18408 [11:49<09:59, 14.81it/s]
 52%|█████▏    | 9535/18408 [11:49<10:03, 14.69it/s]
 52%|█████▏    | 9537/18408 [11:49<10:12, 14.49it/s]
 52%|█████▏    | 9539/18408 [11:49<10:05, 14.64it/s]
 52%|█████▏    | 9541/18408 [11:50<10:14, 14.43it/s]
 52%|█████▏    | 9543/18408 [11:50<10:06, 14.62it/s]
 52%|█████▏    | 9545/18408 [11:50<10:00, 14.77it/s]
 52%|█████▏    | 9547/18408 [11:50<10:27, 14.13it/s]
 52%|█████▏    | 9549/18408 [11:50<10:29, 14.08it/s]
                                                    
{'loss': '0.5835', 'grad_norm': '3.347', 'learning_rate': '9.678e-06', 'epoch': '1.556'}

 52%|█████▏    | 9550/18408 [11:50<10:29, 14.08it/s]
 52%|█████▏    | 9551/18408 [11:50<10:24, 14.18it/s]
 52%|█████▏    | 9553/18408 [11:50<10:13, 14.43it/s]
 52%|█████▏    | 9555/18408 [11:51<10:14, 14.40it/s]
 52%|█████▏    | 9557/18408 [11:51<09:59, 14.77it/s]
 52%|█████▏    | 9559/18408 [11:51<09:53, 14.90it/s]
 52%|█████▏    | 9561/18408 [11:51<10:18, 14.30it/s]
 52%|█████▏    | 9563/18408 [11:51<10:03, 14.66it/s]
 52%|█████▏    | 9565/18408 [11:51<09:53, 14.91it/s]
 52%|█████▏    | 9567/18408 [11:51<09:50, 14.97it/s]
 52%|█████▏    | 9569/18408 [11:51<09:55, 14.84it/s]
 52%|█████▏    | 9571/18408 [11:52<10:02, 14.66it/s]
 52%|█████▏    | 9573/18408 [11:52<10:39, 13.82it/s]
 52%|█████▏    | 9575/18408 [11:52<10:15, 14.35it/s]
 52%|█████▏    | 9577/18408 [11:52<10:47, 13.63it/s]
 52%|█████▏    | 9579/18408 [11:52<11:36, 12.68it/s]
 52%|█████▏    | 9581/18408 [11:52<11:07, 13.22it/s]
 52%|█████▏    | 9583/18408 [11:53<10:48, 13.61it/s]
 52%|█████▏    | 9585/18408 [11:53<10:40, 13.78it/s]
 52%|█████▏    | 9587/18408 [11:53<10:30, 13.99it/s]
 52%|█████▏    | 9589/18408 [11:53<10:17, 14.27it/s]
 52%|█████▏    | 9591/18408 [11:53<10:13, 14.38it/s]
 52%|█████▏    | 9593/18408 [11:53<10:05, 14.56it/s]
 52%|█████▏    | 9595/18408 [11:53<10:05, 14.56it/s]
 52%|█████▏    | 9597/18408 [11:53<09:53, 14.84it/s]
 52%|█████▏    | 9599/18408 [11:54<09:54, 14.81it/s]
                                                    
{'loss': '0.6005', 'grad_norm': '4.836', 'learning_rate': '9.623e-06', 'epoch': '1.565'}

 52%|█████▏    | 9600/18408 [11:54<09:54, 14.81it/s]
 52%|█████▏    | 9601/18408 [11:54<09:45, 15.05it/s]
 52%|█████▏    | 9603/18408 [11:54<09:42, 15.12it/s]
 52%|█████▏    | 9605/18408 [11:54<09:36, 15.26it/s]
 52%|█████▏    | 9607/18408 [11:54<09:53, 14.83it/s]
 52%|█████▏    | 9609/18408 [11:54<09:56, 14.76it/s]
 52%|█████▏    | 9611/18408 [11:54<09:52, 14.85it/s]
 52%|█████▏    | 9613/18408 [11:55<09:50, 14.89it/s]
 52%|█████▏    | 9615/18408 [11:55<09:45, 15.03it/s]
 52%|█████▏    | 9617/18408 [11:55<09:58, 14.70it/s]
 52%|█████▏    | 9619/18408 [11:55<09:58, 14.69it/s]
 52%|█████▏    | 9621/18408 [11:55<09:44, 15.04it/s]
 52%|█████▏    | 9623/18408 [11:55<09:36, 15.25it/s]
 52%|█████▏    | 9625/18408 [11:55<09:54, 14.76it/s]
 52%|█████▏    | 9627/18408 [11:55<10:23, 14.09it/s]
 52%|█████▏    | 9629/18408 [11:56<11:25, 12.82it/s]
 52%|█████▏    | 9631/18408 [11:56<12:16, 11.92it/s]
 52%|█████▏    | 9633/18408 [11:56<11:23, 12.84it/s]
 52%|█████▏    | 9635/18408 [11:56<10:53, 13.42it/s]
 52%|█████▏    | 9637/18408 [11:56<10:53, 13.42it/s]
 52%|█████▏    | 9639/18408 [11:56<11:04, 13.20it/s]
 52%|█████▏    | 9641/18408 [11:57<10:45, 13.59it/s]
 52%|█████▏    | 9643/18408 [11:57<10:35, 13.79it/s]
 52%|█████▏    | 9645/18408 [11:57<10:10, 14.35it/s]
 52%|█████▏    | 9647/18408 [11:57<11:10, 13.07it/s]
 52%|█████▏    | 9649/18408 [11:57<10:48, 13.50it/s]
                                                    
{'loss': '0.5935', 'grad_norm': '3.646', 'learning_rate': '9.568e-06', 'epoch': '1.573'}

 52%|█████▏    | 9650/18408 [11:57<10:48, 13.50it/s]
 52%|█████▏    | 9651/18408 [11:57<10:37, 13.74it/s]
 52%|█████▏    | 9653/18408 [11:57<10:21, 14.09it/s]
 52%|█████▏    | 9655/18408 [11:58<11:15, 12.95it/s]
 52%|█████▏    | 9657/18408 [11:58<10:48, 13.49it/s]
 52%|█████▏    | 9659/18408 [11:58<10:23, 14.03it/s]
 52%|█████▏    | 9661/18408 [11:58<10:10, 14.32it/s]
 52%|█████▏    | 9663/18408 [11:58<10:06, 14.42it/s]
 53%|█████▎    | 9665/18408 [11:58<09:54, 14.71it/s]
 53%|█████▎    | 9667/18408 [11:58<10:15, 14.19it/s]
 53%|█████▎    | 9669/18408 [11:59<10:04, 14.45it/s]
 53%|█████▎    | 9671/18408 [11:59<10:37, 13.71it/s]
 53%|█████▎    | 9673/18408 [11:59<10:18, 14.11it/s]
 53%|█████▎    | 9675/18408 [11:59<10:22, 14.02it/s]
 53%|█████▎    | 9677/18408 [11:59<10:01, 14.50it/s]
 53%|█████▎    | 9679/18408 [11:59<09:46, 14.88it/s]
 53%|█████▎    | 9681/18408 [11:59<09:42, 14.98it/s]
 53%|█████▎    | 9683/18408 [12:00<09:38, 15.07it/s]
 53%|█████▎    | 9685/18408 [12:00<09:49, 14.79it/s]
 53%|█████▎    | 9687/18408 [12:00<09:46, 14.88it/s]
 53%|█████▎    | 9689/18408 [12:00<09:42, 14.96it/s]
 53%|█████▎    | 9691/18408 [12:00<09:55, 14.63it/s]
 53%|█████▎    | 9693/18408 [12:00<09:51, 14.73it/s]
 53%|█████▎    | 9695/18408 [12:00<09:35, 15.13it/s]
 53%|█████▎    | 9697/18408 [12:00<09:31, 15.24it/s]
 53%|█████▎    | 9699/18408 [12:01<09:51, 14.73it/s]
                                                    
{'loss': '0.5945', 'grad_norm': '3.696', 'learning_rate': '9.514e-06', 'epoch': '1.581'}

 53%|█████▎    | 9700/18408 [12:01<09:51, 14.73it/s]
 53%|█████▎    | 9701/18408 [12:01<09:48, 14.79it/s]
 53%|█████▎    | 9703/18408 [12:01<09:52, 14.68it/s]
 53%|█████▎    | 9705/18408 [12:01<09:50, 14.73it/s]
 53%|█████▎    | 9707/18408 [12:01<09:37, 15.06it/s]
 53%|█████▎    | 9709/18408 [12:01<09:28, 15.31it/s]
 53%|█████▎    | 9711/18408 [12:01<09:27, 15.32it/s]
 53%|█████▎    | 9713/18408 [12:02<10:01, 14.46it/s]
 53%|█████▎    | 9715/18408 [12:02<09:45, 14.85it/s]
 53%|█████▎    | 9717/18408 [12:02<09:33, 15.16it/s]
 53%|█████▎    | 9719/18408 [12:02<11:02, 13.12it/s]
 53%|█████▎    | 9721/18408 [12:02<10:35, 13.68it/s]
 53%|█████▎    | 9723/18408 [12:02<10:12, 14.18it/s]
 53%|█████▎    | 9725/18408 [12:02<09:58, 14.50it/s]
 53%|█████▎    | 9727/18408 [12:03<09:45, 14.84it/s]
 53%|█████▎    | 9729/18408 [12:03<09:44, 14.86it/s]
 53%|█████▎    | 9731/18408 [12:03<09:30, 15.21it/s]
 53%|█████▎    | 9733/18408 [12:03<10:06, 14.31it/s]
 53%|█████▎    | 9735/18408 [12:03<09:56, 14.53it/s]
 53%|█████▎    | 9737/18408 [12:03<09:39, 14.97it/s]
 53%|█████▎    | 9739/18408 [12:03<09:37, 15.01it/s]
 53%|█████▎    | 9741/18408 [12:03<09:29, 15.23it/s]
 53%|█████▎    | 9743/18408 [12:04<09:34, 15.08it/s]
 53%|█████▎    | 9745/18408 [12:04<09:24, 15.36it/s]
 53%|█████▎    | 9747/18408 [12:04<09:23, 15.37it/s]
 53%|█████▎    | 9749/18408 [12:04<09:18, 15.50it/s]
                                                    
{'loss': '0.6083', 'grad_norm': '3.413', 'learning_rate': '9.459e-06', 'epoch': '1.589'}

 53%|█████▎    | 9750/18408 [12:04<09:18, 15.50it/s]
 53%|█████▎    | 9751/18408 [12:04<09:42, 14.86it/s]
 53%|█████▎    | 9753/18408 [12:04<09:39, 14.94it/s]
 53%|█████▎    | 9755/18408 [12:04<09:30, 15.17it/s]
 53%|█████▎    | 9757/18408 [12:05<09:25, 15.31it/s]
 53%|█████▎    | 9759/18408 [12:05<09:28, 15.21it/s]
 53%|█████▎    | 9761/18408 [12:05<09:47, 14.71it/s]
 53%|█████▎    | 9763/18408 [12:05<09:38, 14.96it/s]
 53%|█████▎    | 9765/18408 [12:05<10:07, 14.24it/s]
 53%|█████▎    | 9767/18408 [12:05<09:49, 14.65it/s]
 53%|█████▎    | 9769/18408 [12:05<10:08, 14.20it/s]
 53%|█████▎    | 9771/18408 [12:06<11:00, 13.08it/s]
 53%|█████▎    | 9773/18408 [12:06<10:32, 13.65it/s]
 53%|█████▎    | 9775/18408 [12:06<10:15, 14.03it/s]
 53%|█████▎    | 9777/18408 [12:06<10:23, 13.85it/s]
 53%|█████▎    | 9779/18408 [12:06<10:09, 14.15it/s]
 53%|█████▎    | 9781/18408 [12:06<09:54, 14.51it/s]
 53%|█████▎    | 9783/18408 [12:06<10:06, 14.21it/s]
 53%|█████▎    | 9785/18408 [12:06<09:55, 14.48it/s]
 53%|█████▎    | 9787/18408 [12:07<09:55, 14.47it/s]
 53%|█████▎    | 9789/18408 [12:07<09:54, 14.50it/s]
 53%|█████▎    | 9791/18408 [12:07<09:57, 14.42it/s]
 53%|█████▎    | 9793/18408 [12:07<09:43, 14.76it/s]
 53%|█████▎    | 9795/18408 [12:07<09:50, 14.59it/s]
 53%|█████▎    | 9797/18408 [12:07<09:55, 14.47it/s]
 53%|█████▎    | 9799/18408 [12:07<09:42, 14.78it/s]
                                                    
{'loss': '0.5923', 'grad_norm': '4.055', 'learning_rate': '9.405e-06', 'epoch': '1.597'}

 53%|█████▎    | 9800/18408 [12:08<09:42, 14.78it/s]
 53%|█████▎    | 9801/18408 [12:08<09:48, 14.64it/s]
 53%|█████▎    | 9803/18408 [12:08<09:50, 14.57it/s]
 53%|█████▎    | 9805/18408 [12:08<09:51, 14.54it/s]
 53%|█████▎    | 9807/18408 [12:08<09:43, 14.75it/s]
 53%|█████▎    | 9809/18408 [12:08<09:33, 15.00it/s]
 53%|█████▎    | 9811/18408 [12:08<09:46, 14.65it/s]
 53%|█████▎    | 9813/18408 [12:08<09:49, 14.57it/s]
 53%|█████▎    | 9815/18408 [12:09<10:04, 14.23it/s]
 53%|█████▎    | 9817/18408 [12:09<09:45, 14.66it/s]
 53%|█████▎    | 9819/18408 [12:09<10:13, 14.00it/s]
 53%|█████▎    | 9821/18408 [12:09<10:02, 14.26it/s]
 53%|█████▎    | 9823/18408 [12:09<10:31, 13.60it/s]
 53%|█████▎    | 9825/18408 [12:09<10:15, 13.95it/s]
 53%|█████▎    | 9827/18408 [12:09<10:06, 14.15it/s]
 53%|█████▎    | 9829/18408 [12:10<10:03, 14.21it/s]
 53%|█████▎    | 9831/18408 [12:10<09:48, 14.57it/s]
 53%|█████▎    | 9833/18408 [12:10<09:44, 14.66it/s]
 53%|█████▎    | 9835/18408 [12:10<10:05, 14.17it/s]
 53%|█████▎    | 9837/18408 [12:10<09:50, 14.51it/s]
 53%|█████▎    | 9839/18408 [12:10<10:31, 13.58it/s]
 53%|█████▎    | 9841/18408 [12:10<10:04, 14.16it/s]
 53%|█████▎    | 9843/18408 [12:11<09:45, 14.63it/s]
 53%|█████▎    | 9845/18408 [12:11<10:09, 14.05it/s]
 53%|█████▎    | 9847/18408 [12:11<09:55, 14.37it/s]
 54%|█████▎    | 9849/18408 [12:11<09:57, 14.32it/s]
                                                    
{'loss': '0.5673', 'grad_norm': '3.989', 'learning_rate': '9.35e-06', 'epoch': '1.605'}

 54%|█████▎    | 9850/18408 [12:11<09:57, 14.32it/s]
 54%|█████▎    | 9851/18408 [12:11<10:35, 13.46it/s]
 54%|█████▎    | 9853/18408 [12:11<10:36, 13.44it/s]
 54%|█████▎    | 9855/18408 [12:11<10:19, 13.80it/s]
 54%|█████▎    | 9857/18408 [12:12<10:10, 14.01it/s]
 54%|█████▎    | 9859/18408 [12:12<10:15, 13.90it/s]
 54%|█████▎    | 9861/18408 [12:12<10:17, 13.84it/s]
 54%|█████▎    | 9863/18408 [12:12<10:15, 13.87it/s]
 54%|█████▎    | 9865/18408 [12:12<09:57, 14.29it/s]
 54%|█████▎    | 9867/18408 [12:12<09:42, 14.67it/s]
 54%|█████▎    | 9869/18408 [12:12<09:35, 14.84it/s]
 54%|█████▎    | 9871/18408 [12:12<09:39, 14.73it/s]
 54%|█████▎    | 9873/18408 [12:13<09:33, 14.90it/s]
 54%|█████▎    | 9875/18408 [12:13<09:38, 14.75it/s]
 54%|█████▎    | 9877/18408 [12:13<09:29, 14.98it/s]
 54%|█████▎    | 9879/18408 [12:13<09:21, 15.20it/s]
 54%|█████▎    | 9881/18408 [12:13<09:23, 15.13it/s]
 54%|█████▎    | 9883/18408 [12:13<09:16, 15.32it/s]
 54%|█████▎    | 9885/18408 [12:13<09:18, 15.26it/s]
 54%|█████▎    | 9887/18408 [12:14<09:23, 15.13it/s]
 54%|█████▎    | 9889/18408 [12:14<09:26, 15.05it/s]
 54%|█████▎    | 9891/18408 [12:14<09:18, 15.24it/s]
 54%|█████▎    | 9893/18408 [12:14<09:14, 15.36it/s]
 54%|█████▍    | 9895/18408 [12:14<09:11, 15.45it/s]
 54%|█████▍    | 9897/18408 [12:14<09:35, 14.79it/s]
 54%|█████▍    | 9899/18408 [12:14<09:40, 14.66it/s]
                                                    
{'loss': '0.5979', 'grad_norm': '3.494', 'learning_rate': '9.295e-06', 'epoch': '1.613'}

 54%|█████▍    | 9900/18408 [12:14<09:40, 14.66it/s]
 54%|█████▍    | 9901/18408 [12:15<09:50, 14.40it/s]
 54%|█████▍    | 9903/18408 [12:15<09:43, 14.59it/s]
 54%|█████▍    | 9905/18408 [12:15<09:36, 14.75it/s]
 54%|█████▍    | 9907/18408 [12:15<10:12, 13.88it/s]
 54%|█████▍    | 9909/18408 [12:15<10:22, 13.65it/s]
 54%|█████▍    | 9911/18408 [12:15<10:22, 13.64it/s]
 54%|█████▍    | 9913/18408 [12:15<10:08, 13.95it/s]
 54%|█████▍    | 9915/18408 [12:15<09:49, 14.40it/s]
 54%|█████▍    | 9917/18408 [12:16<09:39, 14.66it/s]
 54%|█████▍    | 9919/18408 [12:16<09:27, 14.95it/s]
 54%|█████▍    | 9921/18408 [12:16<09:21, 15.11it/s]
 54%|█████▍    | 9923/18408 [12:16<09:13, 15.34it/s]
 54%|█████▍    | 9925/18408 [12:16<09:22, 15.08it/s]
 54%|█████▍    | 9927/18408 [12:16<09:58, 14.18it/s]
 54%|█████▍    | 9929/18408 [12:16<09:50, 14.35it/s]
 54%|█████▍    | 9931/18408 [12:17<09:36, 14.70it/s]
 54%|█████▍    | 9933/18408 [12:17<09:43, 14.53it/s]
 54%|█████▍    | 9935/18408 [12:17<09:28, 14.92it/s]
 54%|█████▍    | 9937/18408 [12:17<09:24, 15.01it/s]
 54%|█████▍    | 9939/18408 [12:17<09:15, 15.26it/s]
 54%|█████▍    | 9941/18408 [12:17<09:18, 15.16it/s]
 54%|█████▍    | 9943/18408 [12:17<09:12, 15.32it/s]
 54%|█████▍    | 9945/18408 [12:18<09:32, 14.78it/s]
 54%|█████▍    | 9947/18408 [12:18<09:42, 14.53it/s]
 54%|█████▍    | 9949/18408 [12:18<09:30, 14.84it/s]
                                                    
{'loss': '0.6189', 'grad_norm': '4.521', 'learning_rate': '9.241e-06', 'epoch': '1.622'}

 54%|█████▍    | 9950/18408 [12:18<09:30, 14.84it/s]
 54%|█████▍    | 9951/18408 [12:18<09:30, 14.84it/s]
 54%|█████▍    | 9953/18408 [12:18<10:02, 14.04it/s]
 54%|█████▍    | 9955/18408 [12:18<09:41, 14.54it/s]
 54%|█████▍    | 9957/18408 [12:18<09:43, 14.48it/s]
 54%|█████▍    | 9959/18408 [12:18<09:42, 14.50it/s]
 54%|█████▍    | 9961/18408 [12:19<09:37, 14.62it/s]
 54%|█████▍    | 9963/18408 [12:19<09:42, 14.49it/s]
 54%|█████▍    | 9965/18408 [12:19<09:45, 14.43it/s]
 54%|█████▍    | 9967/18408 [12:19<09:48, 14.33it/s]
 54%|█████▍    | 9969/18408 [12:19<09:45, 14.41it/s]
 54%|█████▍    | 9971/18408 [12:19<09:42, 14.50it/s]
 54%|█████▍    | 9973/18408 [12:19<09:54, 14.19it/s]
 54%|█████▍    | 9975/18408 [12:20<09:49, 14.31it/s]
 54%|█████▍    | 9977/18408 [12:20<09:38, 14.58it/s]
 54%|█████▍    | 9979/18408 [12:20<09:34, 14.68it/s]
 54%|█████▍    | 9981/18408 [12:20<09:37, 14.60it/s]
 54%|█████▍    | 9983/18408 [12:20<09:36, 14.61it/s]
 54%|█████▍    | 9985/18408 [12:20<09:36, 14.60it/s]
 54%|█████▍    | 9987/18408 [12:20<10:08, 13.83it/s]
 54%|█████▍    | 9989/18408 [12:21<10:07, 13.85it/s]
 54%|█████▍    | 9991/18408 [12:21<09:55, 14.13it/s]
 54%|█████▍    | 9993/18408 [12:21<09:57, 14.08it/s]
 54%|█████▍    | 9995/18408 [12:21<09:53, 14.17it/s]
 54%|█████▍    | 9997/18408 [12:21<09:47, 14.31it/s]
 54%|█████▍    | 9999/18408 [12:21<09:57, 14.08it/s]
                                                    
{'loss': '0.5911', 'grad_norm': '3.816', 'learning_rate': '9.186e-06', 'epoch': '1.63'}

 54%|█████▍    | 10000/18408 [12:21<09:57, 14.08it/s]

  0%|          | 0/39 [00:00<?, ?it/s][A

 26%|██▌       | 10/39 [00:00<00:00, 97.49it/s][A

 54%|█████▍    | 21/39 [00:00<00:00, 98.53it/s][A

 85%|████████▍ | 33/39 [00:00<00:00, 106.93it/s][A
                                                     

                                                
[A{'eval_loss': '0.585', 'eval_accuracy': '0.7622', 'eval_precision': '0.7635', 'eval_recall': '0.7622', 'eval_f1_weighted': '0.7622', 'eval_f1_macro': '0.7622', 'eval_runtime': '0.823', 'eval_samples_per_second': '3025', 'eval_steps_per_second': '47.39', 'epoch': '1.63'}

 54%|█████▍    | 10000/18408 [12:22<09:57, 14.08it/s]

100%|██████████| 39/39 [00:00<00:00, 106.93it/s][A

                                                [A

Writing model shards:   0%|          | 0/1 [00:00<?, ?it/s][A

Writing model shards: 100%|██████████| 1/1 [00:01<00:00,  1.21s/it][A
Writing model shards: 100%|██████████| 1/1 [00:01<00:00,  1.21s/it]

 54%|█████▍    | 10001/18408 [12:24<58:21,  2.40it/s]
 54%|█████▍    | 10003/18408 [12:24<44:03,  3.18it/s]
 54%|█████▍    | 10005/18408 [12:24<33:46,  4.15it/s]
 54%|█████▍    | 10007/18408 [12:24<26:31,  5.28it/s]
 54%|█████▍    | 10009/18408 [12:24<21:39,  6.46it/s]
 54%|█████▍    | 10011/18408 [12:24<18:00,  7.77it/s]
 54%|█████▍    | 10013/18408 [12:25<15:21,  9.11it/s]
 54%|█████▍    | 10015/18408 [12:25<13:37, 10.26it/s]
 54%|█████▍    | 10017/18408 [12:25<12:47, 10.94it/s]
 54%|█████▍    | 10019/18408 [12:25<11:53, 11.76it/s]
 54%|█████▍    | 10021/18408 [12:25<11:12, 12.48it/s]
 54%|█████▍    | 10023/18408 [12:25<10:41, 13.08it/s]
 54%|█████▍    | 10025/18408 [12:25<10:23, 13.45it/s]
 54%|█████▍    | 10027/18408 [12:26<10:22, 13.47it/s]
 54%|█████▍    | 10029/18408 [12:26<10:07, 13.80it/s]
 54%|█████▍    | 10031/18408 [12:26<10:03, 13.88it/s]
 55%|█████▍    | 10033/18408 [12:26<09:48, 14.23it/s]
 55%|█████▍    | 10035/18408 [12:26<10:04, 13.86it/s]
 55%|█████▍    | 10037/18408 [12:26<09:56, 14.04it/s]
 55%|█████▍    | 10039/18408 [12:26<09:46, 14.28it/s]
 55%|█████▍    | 10041/18408 [12:27<10:00, 13.92it/s]
 55%|█████▍    | 10043/18408 [12:27<10:10, 13.70it/s]
 55%|█████▍    | 10045/18408 [12:27<09:55, 14.05it/s]
 55%|█████▍    | 10047/18408 [12:27<09:44, 14.30it/s]
 55%|█████▍    | 10049/18408 [12:27<09:39, 14.41it/s]
                                                     
{'loss': '0.603', 'grad_norm': '4.161', 'learning_rate': '9.132e-06', 'epoch': '1.638'}

 55%|█████▍    | 10050/18408 [12:27<09:39, 14.41it/s]
 55%|█████▍    | 10051/18408 [12:27<09:39, 14.41it/s]
 55%|█████▍    | 10053/18408 [12:27<10:17, 13.53it/s]
 55%|█████▍    | 10055/18408 [12:28<10:01, 13.89it/s]
 55%|█████▍    | 10057/18408 [12:28<09:56, 14.00it/s]
 55%|█████▍    | 10059/18408 [12:28<09:42, 14.33it/s]
 55%|█████▍    | 10061/18408 [12:28<09:46, 14.22it/s]
 55%|█████▍    | 10063/18408 [12:28<09:44, 14.28it/s]
 55%|█████▍    | 10065/18408 [12:28<09:34, 14.52it/s]
 55%|█████▍    | 10067/18408 [12:28<09:27, 14.69it/s]
 55%|█████▍    | 10069/18408 [12:29<09:47, 14.20it/s]
 55%|█████▍    | 10071/18408 [12:29<09:35, 14.49it/s]
 55%|█████▍    | 10073/18408 [12:29<09:27, 14.69it/s]
 55%|█████▍    | 10075/18408 [12:29<09:25, 14.73it/s]
 55%|█████▍    | 10077/18408 [12:29<09:33, 14.52it/s]
 55%|█████▍    | 10079/18408 [12:29<09:32, 14.56it/s]
 55%|█████▍    | 10081/18408 [12:29<09:28, 14.63it/s]
 55%|█████▍    | 10083/18408 [12:29<09:47, 14.16it/s]
 55%|█████▍    | 10085/18408 [12:30<09:39, 14.36it/s]
 55%|█████▍    | 10087/18408 [12:30<09:50, 14.08it/s]
 55%|█████▍    | 10089/18408 [12:30<10:15, 13.52it/s]
 55%|█████▍    | 10091/18408 [12:30<10:38, 13.03it/s]
 55%|█████▍    | 10093/18408 [12:30<10:20, 13.40it/s]
 55%|█████▍    | 10095/18408 [12:30<10:15, 13.50it/s]
 55%|█████▍    | 10097/18408 [12:31<09:59, 13.86it/s]
 55%|█████▍    | 10099/18408 [12:31<09:57, 13.90it/s]
                                                     
{'loss': '0.6071', 'grad_norm': '3.934', 'learning_rate': '9.077e-06', 'epoch': '1.646'}

 55%|█████▍    | 10100/18408 [12:31<09:57, 13.90it/s]
 55%|█████▍    | 10101/18408 [12:31<10:34, 13.10it/s]
 55%|█████▍    | 10103/18408 [12:31<10:13, 13.53it/s]
 55%|█████▍    | 10105/18408 [12:31<09:56, 13.93it/s]
 55%|█████▍    | 10107/18408 [12:31<09:45, 14.18it/s]
 55%|█████▍    | 10109/18408 [12:31<09:41, 14.27it/s]
 55%|█████▍    | 10111/18408 [12:32<09:39, 14.31it/s]
 55%|█████▍    | 10113/18408 [12:32<09:48, 14.09it/s]
 55%|█████▍    | 10115/18408 [12:32<09:55, 13.92it/s]
 55%|█████▍    | 10117/18408 [12:32<09:40, 14.29it/s]
 55%|█████▍    | 10119/18408 [12:32<09:37, 14.34it/s]
 55%|█████▍    | 10121/18408 [12:32<09:31, 14.51it/s]
 55%|█████▍    | 10123/18408 [12:32<09:26, 14.62it/s]
 55%|█████▌    | 10125/18408 [12:32<09:41, 14.26it/s]
 55%|█████▌    | 10127/18408 [12:33<09:33, 14.45it/s]
 55%|█████▌    | 10129/18408 [12:33<09:35, 14.39it/s]
 55%|█████▌    | 10131/18408 [12:33<09:28, 14.56it/s]
 55%|█████▌    | 10133/18408 [12:33<09:34, 14.40it/s]
 55%|█████▌    | 10135/18408 [12:33<09:50, 14.01it/s]
 55%|█████▌    | 10137/18408 [12:33<10:07, 13.61it/s]
 55%|█████▌    | 10139/18408 [12:33<10:16, 13.41it/s]
 55%|█████▌    | 10141/18408 [12:34<10:16, 13.41it/s]
 55%|█████▌    | 10143/18408 [12:34<10:07, 13.61it/s]
 55%|█████▌    | 10145/18408 [12:34<09:58, 13.80it/s]
 55%|█████▌    | 10147/18408 [12:34<09:51, 13.98it/s]
 55%|█████▌    | 10149/18408 [12:34<09:36, 14.32it/s]
                                                     
{'loss': '0.5974', 'grad_norm': '3.946', 'learning_rate': '9.022e-06', 'epoch': '1.654'}

 55%|█████▌    | 10150/18408 [12:34<09:36, 14.32it/s]
 55%|█████▌    | 10151/18408 [12:34<09:28, 14.52it/s]
 55%|█████▌    | 10153/18408 [12:34<09:21, 14.69it/s]
 55%|█████▌    | 10155/18408 [12:35<10:07, 13.59it/s]
 55%|█████▌    | 10157/18408 [12:35<09:57, 13.80it/s]
 55%|█████▌    | 10159/18408 [12:35<10:09, 13.54it/s]
 55%|█████▌    | 10161/18408 [12:35<09:54, 13.87it/s]
 55%|█████▌    | 10163/18408 [12:35<09:42, 14.14it/s]
 55%|█████▌    | 10165/18408 [12:35<09:40, 14.21it/s]
 55%|█████▌    | 10167/18408 [12:35<09:42, 14.15it/s]
 55%|█████▌    | 10169/18408 [12:36<09:56, 13.82it/s]
 55%|█████▌    | 10171/18408 [12:36<09:46, 14.05it/s]
 55%|█████▌    | 10173/18408 [12:36<09:38, 14.25it/s]
 55%|█████▌    | 10175/18408 [12:36<09:28, 14.47it/s]
 55%|█████▌    | 10177/18408 [12:36<09:31, 14.39it/s]
 55%|█████▌    | 10179/18408 [12:36<09:22, 14.62it/s]
 55%|█████▌    | 10181/18408 [12:36<09:24, 14.58it/s]
 55%|█████▌    | 10183/18408 [12:37<09:18, 14.72it/s]
 55%|█████▌    | 10185/18408 [12:37<09:22, 14.61it/s]
 55%|█████▌    | 10187/18408 [12:37<09:25, 14.54it/s]
 55%|█████▌    | 10189/18408 [12:37<09:25, 14.54it/s]
 55%|█████▌    | 10191/18408 [12:37<09:17, 14.74it/s]
 55%|█████▌    | 10193/18408 [12:37<09:19, 14.68it/s]
 55%|█████▌    | 10195/18408 [12:37<09:26, 14.50it/s]
 55%|█████▌    | 10197/18408 [12:38<09:27, 14.46it/s]
 55%|█████▌    | 10199/18408 [12:38<09:44, 14.04it/s]
                                                     
{'loss': '0.6055', 'grad_norm': '3.217', 'learning_rate': '8.968e-06', 'epoch': '1.662'}

 55%|█████▌    | 10200/18408 [12:38<09:44, 14.04it/s]
 55%|█████▌    | 10201/18408 [12:38<09:35, 14.26it/s]
 55%|█████▌    | 10203/18408 [12:38<09:59, 13.69it/s]
 55%|█████▌    | 10205/18408 [12:38<09:50, 13.90it/s]
 55%|█████▌    | 10207/18408 [12:38<09:45, 14.00it/s]
 55%|█████▌    | 10209/18408 [12:38<09:39, 14.14it/s]
 55%|█████▌    | 10211/18408 [12:39<09:50, 13.88it/s]
 55%|█████▌    | 10213/18408 [12:39<09:42, 14.07it/s]
 55%|█████▌    | 10215/18408 [12:39<09:58, 13.68it/s]
 56%|█████▌    | 10217/18408 [12:39<09:49, 13.90it/s]
 56%|█████▌    | 10219/18408 [12:39<09:42, 14.06it/s]
 56%|█████▌    | 10221/18408 [12:39<09:55, 13.75it/s]
 56%|█████▌    | 10223/18408 [12:39<09:42, 14.04it/s]
 56%|█████▌    | 10225/18408 [12:40<09:36, 14.19it/s]
 56%|█████▌    | 10227/18408 [12:40<09:52, 13.82it/s]
 56%|█████▌    | 10229/18408 [12:40<09:41, 14.06it/s]
 56%|█████▌    | 10231/18408 [12:40<10:05, 13.50it/s]
 56%|█████▌    | 10233/18408 [12:40<09:55, 13.74it/s]
 56%|█████▌    | 10235/18408 [12:40<09:37, 14.15it/s]
 56%|█████▌    | 10237/18408 [12:40<09:31, 14.29it/s]
 56%|█████▌    | 10239/18408 [12:41<09:32, 14.27it/s]
 56%|█████▌    | 10241/18408 [12:41<09:25, 14.45it/s]
 56%|█████▌    | 10243/18408 [12:41<09:29, 14.33it/s]
 56%|█████▌    | 10245/18408 [12:41<09:27, 14.39it/s]
 56%|█████▌    | 10247/18408 [12:41<09:29, 14.34it/s]
 56%|█████▌    | 10249/18408 [12:41<09:23, 14.47it/s]
                                                     
{'loss': '0.6092', 'grad_norm': '4.733', 'learning_rate': '8.913e-06', 'epoch': '1.67'}

 56%|█████▌    | 10250/18408 [12:41<09:23, 14.47it/s]
 56%|█████▌    | 10251/18408 [12:41<09:30, 14.29it/s]
 56%|█████▌    | 10253/18408 [12:42<09:21, 14.54it/s]
 56%|█████▌    | 10255/18408 [12:42<09:20, 14.56it/s]
 56%|█████▌    | 10257/18408 [12:42<09:26, 14.38it/s]
 56%|█████▌    | 10259/18408 [12:42<09:25, 14.42it/s]
 56%|█████▌    | 10261/18408 [12:42<09:14, 14.69it/s]
 56%|█████▌    | 10263/18408 [12:42<09:16, 14.63it/s]
 56%|█████▌    | 10265/18408 [12:42<09:45, 13.90it/s]
 56%|█████▌    | 10267/18408 [12:43<10:27, 12.98it/s]
 56%|█████▌    | 10269/18408 [12:43<10:03, 13.48it/s]
 56%|█████▌    | 10271/18408 [12:43<10:05, 13.44it/s]
 56%|█████▌    | 10273/18408 [12:43<09:53, 13.70it/s]
 56%|█████▌    | 10275/18408 [12:43<09:43, 13.93it/s]
 56%|█████▌    | 10277/18408 [12:43<10:03, 13.47it/s]
 56%|█████▌    | 10279/18408 [12:43<10:01, 13.51it/s]
 56%|█████▌    | 10281/18408 [12:44<09:41, 13.98it/s]
 56%|█████▌    | 10283/18408 [12:44<09:27, 14.33it/s]
 56%|█████▌    | 10285/18408 [12:44<09:24, 14.39it/s]
 56%|█████▌    | 10287/18408 [12:44<09:17, 14.56it/s]
 56%|█████▌    | 10289/18408 [12:44<09:06, 14.86it/s]
 56%|█████▌    | 10291/18408 [12:44<09:29, 14.26it/s]
 56%|█████▌    | 10293/18408 [12:44<09:28, 14.28it/s]
 56%|█████▌    | 10295/18408 [12:45<09:29, 14.25it/s]
 56%|█████▌    | 10297/18408 [12:45<09:33, 14.14it/s]
 56%|█████▌    | 10299/18408 [12:45<09:24, 14.37it/s]
                                                     
{'loss': '0.5948', 'grad_norm': '4.876', 'learning_rate': '8.858e-06', 'epoch': '1.679'}

 56%|█████▌    | 10300/18408 [12:45<09:24, 14.37it/s]
 56%|█████▌    | 10301/18408 [12:45<09:16, 14.57it/s]
 56%|█████▌    | 10303/18408 [12:45<09:09, 14.75it/s]
 56%|█████▌    | 10305/18408 [12:45<09:13, 14.64it/s]
 56%|█████▌    | 10307/18408 [12:45<08:58, 15.03it/s]
 56%|█████▌    | 10309/18408 [12:45<09:40, 13.96it/s]
 56%|█████▌    | 10311/18408 [12:46<09:47, 13.78it/s]
 56%|█████▌    | 10313/18408 [12:46<09:48, 13.75it/s]
 56%|█████▌    | 10315/18408 [12:46<09:31, 14.16it/s]
 56%|█████▌    | 10317/18408 [12:46<09:29, 14.22it/s]
 56%|█████▌    | 10319/18408 [12:46<09:10, 14.68it/s]
 56%|█████▌    | 10321/18408 [12:46<09:19, 14.45it/s]
 56%|█████▌    | 10323/18408 [12:46<09:23, 14.34it/s]
 56%|█████▌    | 10325/18408 [12:47<09:29, 14.19it/s]
 56%|█████▌    | 10327/18408 [12:47<09:09, 14.71it/s]
 56%|█████▌    | 10329/18408 [12:47<09:11, 14.64it/s]
 56%|█████▌    | 10331/18408 [12:47<09:16, 14.51it/s]
 56%|█████▌    | 10333/18408 [12:47<09:17, 14.47it/s]
 56%|█████▌    | 10335/18408 [12:47<09:02, 14.89it/s]
 56%|█████▌    | 10337/18408 [12:47<09:02, 14.87it/s]
 56%|█████▌    | 10339/18408 [12:48<08:54, 15.10it/s]
 56%|█████▌    | 10341/18408 [12:48<08:53, 15.12it/s]
 56%|█████▌    | 10343/18408 [12:48<08:54, 15.09it/s]
 56%|█████▌    | 10345/18408 [12:48<08:55, 15.06it/s]
 56%|█████▌    | 10347/18408 [12:48<08:57, 15.01it/s]
 56%|█████▌    | 10349/18408 [12:48<08:57, 14.99it/s]
                                                     
{'loss': '0.5825', 'grad_norm': '4.353', 'learning_rate': '8.804e-06', 'epoch': '1.687'}

 56%|█████▌    | 10350/18408 [12:48<08:57, 14.99it/s]
 56%|█████▌    | 10351/18408 [12:48<09:10, 14.62it/s]
 56%|█████▌    | 10353/18408 [12:49<09:23, 14.29it/s]
 56%|█████▋    | 10355/18408 [12:49<10:28, 12.81it/s]
 56%|█████▋    | 10357/18408 [12:49<10:01, 13.39it/s]
 56%|█████▋    | 10359/18408 [12:49<10:16, 13.07it/s]
 56%|█████▋    | 10361/18408 [12:49<09:44, 13.78it/s]
 56%|█████▋    | 10363/18408 [12:49<09:26, 14.20it/s]
 56%|█████▋    | 10365/18408 [12:49<09:15, 14.48it/s]
 56%|█████▋    | 10367/18408 [12:50<09:02, 14.83it/s]
 56%|█████▋    | 10369/18408 [12:50<09:06, 14.71it/s]
 56%|█████▋    | 10371/18408 [12:50<09:26, 14.20it/s]
 56%|█████▋    | 10373/18408 [12:50<09:35, 13.96it/s]
 56%|█████▋    | 10375/18408 [12:50<09:20, 14.33it/s]
 56%|█████▋    | 10377/18408 [12:50<09:10, 14.58it/s]
 56%|█████▋    | 10379/18408 [12:50<09:28, 14.13it/s]
 56%|█████▋    | 10381/18408 [12:50<09:10, 14.59it/s]
 56%|█████▋    | 10383/18408 [12:51<09:06, 14.68it/s]
 56%|█████▋    | 10385/18408 [12:51<09:22, 14.27it/s]
 56%|█████▋    | 10387/18408 [12:51<09:11, 14.54it/s]
 56%|█████▋    | 10389/18408 [12:51<08:58, 14.90it/s]
 56%|█████▋    | 10391/18408 [12:51<09:02, 14.77it/s]
 56%|█████▋    | 10393/18408 [12:51<10:20, 12.91it/s]
 56%|█████▋    | 10395/18408 [12:52<10:18, 12.96it/s]
 56%|█████▋    | 10397/18408 [12:52<09:43, 13.74it/s]
 56%|█████▋    | 10399/18408 [12:52<09:51, 13.54it/s]
                                                     
{'loss': '0.5882', 'grad_norm': '3.458', 'learning_rate': '8.749e-06', 'epoch': '1.695'}

 56%|█████▋    | 10400/18408 [12:52<09:51, 13.54it/s]
 57%|█████▋    | 10401/18408 [12:52<09:35, 13.92it/s]
 57%|█████▋    | 10403/18408 [12:52<09:21, 14.24it/s]
 57%|█████▋    | 10405/18408 [12:52<10:03, 13.26it/s]
 57%|█████▋    | 10407/18408 [12:52<09:31, 14.00it/s]
 57%|█████▋    | 10409/18408 [12:52<09:17, 14.34it/s]
 57%|█████▋    | 10411/18408 [12:53<09:10, 14.52it/s]
 57%|█████▋    | 10413/18408 [12:53<09:22, 14.22it/s]
 57%|█████▋    | 10415/18408 [12:53<09:29, 14.05it/s]
 57%|█████▋    | 10417/18408 [12:53<09:42, 13.72it/s]
 57%|█████▋    | 10419/18408 [12:53<09:17, 14.32it/s]
 57%|█████▋    | 10421/18408 [12:53<09:02, 14.71it/s]
 57%|█████▋    | 10423/18408 [12:53<08:51, 15.02it/s]
 57%|█████▋    | 10425/18408 [12:54<09:06, 14.61it/s]
 57%|█████▋    | 10427/18408 [12:54<08:59, 14.80it/s]
 57%|█████▋    | 10429/18408 [12:54<08:47, 15.13it/s]
 57%|█████▋    | 10431/18408 [12:54<08:44, 15.20it/s]
 57%|█████▋    | 10433/18408 [12:54<08:43, 15.24it/s]
 57%|█████▋    | 10435/18408 [12:54<08:52, 14.97it/s]
 57%|█████▋    | 10437/18408 [12:54<09:10, 14.49it/s]
 57%|█████▋    | 10439/18408 [12:55<09:18, 14.28it/s]
 57%|█████▋    | 10441/18408 [12:55<09:16, 14.30it/s]
 57%|█████▋    | 10443/18408 [12:55<09:19, 14.25it/s]
 57%|█████▋    | 10445/18408 [12:55<09:09, 14.48it/s]
 57%|█████▋    | 10447/18408 [12:55<09:02, 14.68it/s]
 57%|█████▋    | 10449/18408 [12:55<09:13, 14.39it/s]
                                                     
{'loss': '0.6132', 'grad_norm': '3.872', 'learning_rate': '8.695e-06', 'epoch': '1.703'}

 57%|█████▋    | 10450/18408 [12:55<09:13, 14.39it/s]
 57%|█████▋    | 10451/18408 [12:55<09:12, 14.40it/s]
 57%|█████▋    | 10453/18408 [12:56<09:34, 13.84it/s]
 57%|█████▋    | 10455/18408 [12:56<09:13, 14.37it/s]
 57%|█████▋    | 10457/18408 [12:56<09:09, 14.48it/s]
 57%|█████▋    | 10459/18408 [12:56<08:52, 14.93it/s]
 57%|█████▋    | 10461/18408 [12:56<09:29, 13.95it/s]
 57%|█████▋    | 10463/18408 [12:56<09:08, 14.48it/s]
 57%|█████▋    | 10465/18408 [12:56<08:59, 14.74it/s]
 57%|█████▋    | 10467/18408 [12:56<08:55, 14.82it/s]
 57%|█████▋    | 10469/18408 [12:57<09:06, 14.52it/s]
 57%|█████▋    | 10471/18408 [12:57<08:49, 14.98it/s]
 57%|█████▋    | 10473/18408 [12:57<08:51, 14.92it/s]
 57%|█████▋    | 10475/18408 [12:57<08:49, 14.98it/s]
 57%|█████▋    | 10477/18408 [12:57<09:47, 13.50it/s]
 57%|█████▋    | 10479/18408 [12:57<09:30, 13.91it/s]
 57%|█████▋    | 10481/18408 [12:57<09:50, 13.42it/s]
 57%|█████▋    | 10483/18408 [12:58<09:33, 13.82it/s]
 57%|█████▋    | 10485/18408 [12:58<09:13, 14.32it/s]
 57%|█████▋    | 10487/18408 [12:58<09:02, 14.59it/s]
 57%|█████▋    | 10489/18408 [12:58<09:23, 14.07it/s]
 57%|█████▋    | 10491/18408 [12:58<09:09, 14.40it/s]
 57%|█████▋    | 10493/18408 [12:58<09:01, 14.62it/s]
 57%|█████▋    | 10495/18408 [12:58<08:57, 14.73it/s]
 57%|█████▋    | 10497/18408 [12:59<09:06, 14.47it/s]
 57%|█████▋    | 10499/18408 [12:59<08:58, 14.68it/s]
                                                     
{'loss': '0.6179', 'grad_norm': '4.376', 'learning_rate': '8.64e-06', 'epoch': '1.711'}

 57%|█████▋    | 10500/18408 [12:59<08:58, 14.68it/s]

  0%|          | 0/39 [00:00<?, ?it/s][A

 26%|██▌       | 10/39 [00:00<00:00, 97.10it/s][A

 54%|█████▍    | 21/39 [00:00<00:00, 101.64it/s][A

 85%|████████▍ | 33/39 [00:00<00:00, 108.23it/s][A
                                                     

                                                
[A{'eval_loss': '0.5807', 'eval_accuracy': '0.7639', 'eval_precision': '0.7665', 'eval_recall': '0.7639', 'eval_f1_weighted': '0.7645', 'eval_f1_macro': '0.7645', 'eval_runtime': '0.7769', 'eval_samples_per_second': '3205', 'eval_steps_per_second': '50.2', 'epoch': '1.711'}

 57%|█████▋    | 10500/18408 [13:00<08:58, 14.68it/s]

100%|██████████| 39/39 [00:00<00:00, 108.23it/s][A

                                                [A

Writing model shards:   0%|          | 0/1 [00:00<?, ?it/s][A

Writing model shards: 100%|██████████| 1/1 [00:01<00:00,  1.22s/it][A
Writing model shards: 100%|██████████| 1/1 [00:01<00:00,  1.22s/it]

 57%|█████▋    | 10501/18408 [13:01<53:06,  2.48it/s]
 57%|█████▋    | 10503/18408 [13:01<39:51,  3.31it/s]
 57%|█████▋    | 10505/18408 [13:01<30:50,  4.27it/s]
 57%|█████▋    | 10507/18408 [13:01<24:01,  5.48it/s]
 57%|█████▋    | 10509/18408 [13:02<19:22,  6.80it/s]
 57%|█████▋    | 10511/18408 [13:02<16:04,  8.19it/s]
 57%|█████▋    | 10513/18408 [13:02<13:43,  9.58it/s]
 57%|█████▋    | 10515/18408 [13:02<12:40, 10.38it/s]
 57%|█████▋    | 10517/18408 [13:02<11:29, 11.45it/s]
 57%|█████▋    | 10519/18408 [13:02<10:44, 12.24it/s]
 57%|█████▋    | 10521/18408 [13:02<10:13, 12.86it/s]
 57%|█████▋    | 10523/18408 [13:03<10:05, 13.03it/s]
 57%|█████▋    | 10525/18408 [13:03<09:37, 13.65it/s]
 57%|█████▋    | 10527/18408 [13:03<09:18, 14.12it/s]
 57%|█████▋    | 10529/18408 [13:03<09:02, 14.52it/s]
 57%|█████▋    | 10531/18408 [13:03<08:53, 14.78it/s]
 57%|█████▋    | 10533/18408 [13:03<08:43, 15.03it/s]
 57%|█████▋    | 10535/18408 [13:03<08:38, 15.18it/s]
 57%|█████▋    | 10537/18408 [13:03<08:31, 15.39it/s]
 57%|█████▋    | 10539/18408 [13:04<08:45, 14.99it/s]
 57%|█████▋    | 10541/18408 [13:04<09:03, 14.46it/s]
 57%|█████▋    | 10543/18408 [13:04<09:03, 14.46it/s]
 57%|█████▋    | 10545/18408 [13:04<08:48, 14.89it/s]
 57%|█████▋    | 10547/18408 [13:04<08:54, 14.69it/s]
 57%|█████▋    | 10549/18408 [13:04<08:44, 15.00it/s]
                                                     
{'loss': '0.5828', 'grad_norm': '3.871', 'learning_rate': '8.585e-06', 'epoch': '1.719'}

 57%|█████▋    | 10550/18408 [13:04<08:43, 15.00it/s]
 57%|█████▋    | 10551/18408 [13:04<09:03, 14.45it/s]
 57%|█████▋    | 10553/18408 [13:05<09:00, 14.54it/s]
 57%|█████▋    | 10555/18408 [13:05<09:03, 14.45it/s]
 57%|█████▋    | 10557/18408 [13:05<09:23, 13.93it/s]
 57%|█████▋    | 10559/18408 [13:05<09:24, 13.90it/s]
 57%|█████▋    | 10561/18408 [13:05<09:24, 13.90it/s]
 57%|█████▋    | 10563/18408 [13:05<09:06, 14.35it/s]
 57%|█████▋    | 10565/18408 [13:05<08:47, 14.86it/s]
 57%|█████▋    | 10567/18408 [13:06<09:08, 14.28it/s]
 57%|█████▋    | 10569/18408 [13:06<08:58, 14.57it/s]
 57%|█████▋    | 10571/18408 [13:06<09:25, 13.85it/s]
 57%|█████▋    | 10573/18408 [13:06<09:06, 14.34it/s]
 57%|█████▋    | 10575/18408 [13:06<09:06, 14.34it/s]
 57%|█████▋    | 10577/18408 [13:06<08:48, 14.83it/s]
 57%|█████▋    | 10579/18408 [13:06<09:04, 14.37it/s]
 57%|█████▋    | 10581/18408 [13:07<08:56, 14.60it/s]
 57%|█████▋    | 10583/18408 [13:07<08:57, 14.57it/s]
 58%|█████▊    | 10585/18408 [13:07<08:58, 14.54it/s]
 58%|█████▊    | 10587/18408 [13:07<09:48, 13.29it/s]
 58%|█████▊    | 10589/18408 [13:07<09:32, 13.65it/s]
 58%|█████▊    | 10591/18408 [13:07<09:11, 14.18it/s]
 58%|█████▊    | 10593/18408 [13:07<09:21, 13.91it/s]
 58%|█████▊    | 10595/18408 [13:08<09:03, 14.37it/s]
 58%|█████▊    | 10597/18408 [13:08<09:18, 13.98it/s]
 58%|█████▊    | 10599/18408 [13:08<09:21, 13.91it/s]
                                                     
{'loss': '0.5991', 'grad_norm': '4.084', 'learning_rate': '8.531e-06', 'epoch': '1.728'}

 58%|█████▊    | 10600/18408 [13:08<09:21, 13.91it/s]
 58%|█████▊    | 10601/18408 [13:08<09:06, 14.28it/s]
 58%|█████▊    | 10603/18408 [13:08<09:06, 14.28it/s]
 58%|█████▊    | 10605/18408 [13:08<08:55, 14.57it/s]
 58%|█████▊    | 10607/18408 [13:08<08:52, 14.66it/s]
 58%|█████▊    | 10609/18408 [13:09<08:48, 14.75it/s]
 58%|█████▊    | 10611/18408 [13:09<08:38, 15.03it/s]
 58%|█████▊    | 10613/18408 [13:09<08:31, 15.23it/s]
 58%|█████▊    | 10615/18408 [13:09<08:34, 15.16it/s]
 58%|█████▊    | 10617/18408 [13:09<08:36, 15.10it/s]
 58%|█████▊    | 10619/18408 [13:09<08:53, 14.61it/s]
 58%|█████▊    | 10621/18408 [13:09<09:18, 13.94it/s]
 58%|█████▊    | 10623/18408 [13:09<09:04, 14.28it/s]
 58%|█████▊    | 10625/18408 [13:10<08:44, 14.85it/s]
 58%|█████▊    | 10627/18408 [13:10<08:37, 15.03it/s]
 58%|█████▊    | 10629/18408 [13:10<08:25, 15.40it/s]
 58%|█████▊    | 10631/18408 [13:10<08:48, 14.72it/s]
 58%|█████▊    | 10633/18408 [13:10<08:59, 14.40it/s]
 58%|█████▊    | 10635/18408 [13:10<08:52, 14.60it/s]
 58%|█████▊    | 10637/18408 [13:10<08:38, 14.98it/s]
 58%|█████▊    | 10639/18408 [13:11<08:41, 14.89it/s]
 58%|█████▊    | 10641/18408 [13:11<08:51, 14.62it/s]
 58%|█████▊    | 10643/18408 [13:11<08:49, 14.65it/s]
 58%|█████▊    | 10645/18408 [13:11<08:58, 14.42it/s]
 58%|█████▊    | 10647/18408 [13:11<08:55, 14.50it/s]
 58%|█████▊    | 10649/18408 [13:11<08:43, 14.81it/s]
                                                     
{'loss': '0.6028', 'grad_norm': '4.562', 'learning_rate': '8.476e-06', 'epoch': '1.736'}

 58%|█████▊    | 10650/18408 [13:11<08:43, 14.81it/s]
 58%|█████▊    | 10651/18408 [13:11<08:59, 14.38it/s]
 58%|█████▊    | 10653/18408 [13:12<08:43, 14.80it/s]
 58%|█████▊    | 10655/18408 [13:12<08:39, 14.92it/s]
 58%|█████▊    | 10657/18408 [13:12<08:30, 15.18it/s]
 58%|█████▊    | 10659/18408 [13:12<09:30, 13.59it/s]
 58%|█████▊    | 10661/18408 [13:12<09:13, 14.00it/s]
 58%|█████▊    | 10663/18408 [13:12<09:00, 14.32it/s]
 58%|█████▊    | 10665/18408 [13:12<09:14, 13.97it/s]
 58%|█████▊    | 10667/18408 [13:12<08:56, 14.42it/s]
 58%|█████▊    | 10669/18408 [13:13<08:58, 14.37it/s]
 58%|█████▊    | 10671/18408 [13:13<08:57, 14.39it/s]
 58%|█████▊    | 10673/18408 [13:13<08:43, 14.77it/s]
 58%|█████▊    | 10675/18408 [13:13<08:40, 14.86it/s]
 58%|█████▊    | 10677/18408 [13:13<08:36, 14.98it/s]
 58%|█████▊    | 10679/18408 [13:13<08:37, 14.93it/s]
 58%|█████▊    | 10681/18408 [13:13<08:39, 14.88it/s]
 58%|█████▊    | 10683/18408 [13:14<08:29, 15.15it/s]
 58%|█████▊    | 10685/18408 [13:14<10:04, 12.78it/s]
 58%|█████▊    | 10687/18408 [13:14<10:08, 12.69it/s]
 58%|█████▊    | 10689/18408 [13:14<09:48, 13.12it/s]
 58%|█████▊    | 10691/18408 [13:14<09:32, 13.48it/s]
 58%|█████▊    | 10693/18408 [13:14<09:13, 13.93it/s]
 58%|█████▊    | 10695/18408 [13:14<08:57, 14.36it/s]
 58%|█████▊    | 10697/18408 [13:15<08:45, 14.67it/s]
 58%|█████▊    | 10699/18408 [13:15<08:38, 14.86it/s]
                                                     
{'loss': '0.5874', 'grad_norm': '3.889', 'learning_rate': '8.421e-06', 'epoch': '1.744'}

 58%|█████▊    | 10700/18408 [13:15<08:38, 14.86it/s]
 58%|█████▊    | 10701/18408 [13:15<08:35, 14.95it/s]
 58%|█████▊    | 10703/18408 [13:15<08:45, 14.67it/s]
 58%|█████▊    | 10705/18408 [13:15<08:33, 15.00it/s]
 58%|█████▊    | 10707/18408 [13:15<08:36, 14.92it/s]
 58%|█████▊    | 10709/18408 [13:15<08:52, 14.47it/s]
 58%|█████▊    | 10711/18408 [13:16<09:02, 14.19it/s]
 58%|█████▊    | 10713/18408 [13:16<08:56, 14.34it/s]
 58%|█████▊    | 10715/18408 [13:16<08:43, 14.71it/s]
 58%|█████▊    | 10717/18408 [13:16<08:37, 14.88it/s]
 58%|█████▊    | 10719/18408 [13:16<09:05, 14.09it/s]
 58%|█████▊    | 10721/18408 [13:16<09:54, 12.92it/s]
 58%|█████▊    | 10723/18408 [13:16<09:34, 13.37it/s]
 58%|█████▊    | 10725/18408 [13:17<09:23, 13.62it/s]
 58%|█████▊    | 10727/18408 [13:17<09:00, 14.22it/s]
 58%|█████▊    | 10729/18408 [13:17<08:44, 14.65it/s]
 58%|█████▊    | 10731/18408 [13:17<08:44, 14.64it/s]
 58%|█████▊    | 10733/18408 [13:17<08:50, 14.48it/s]
 58%|█████▊    | 10735/18408 [13:17<08:37, 14.84it/s]
 58%|█████▊    | 10737/18408 [13:17<08:38, 14.79it/s]
 58%|█████▊    | 10739/18408 [13:18<08:39, 14.76it/s]
 58%|█████▊    | 10741/18408 [13:18<08:30, 15.00it/s]
 58%|█████▊    | 10743/18408 [13:18<08:24, 15.18it/s]
 58%|█████▊    | 10745/18408 [13:18<08:18, 15.36it/s]
 58%|█████▊    | 10747/18408 [13:18<08:46, 14.55it/s]
 58%|█████▊    | 10749/18408 [13:18<08:45, 14.57it/s]
                                                     
{'loss': '0.5949', 'grad_norm': '3.708', 'learning_rate': '8.367e-06', 'epoch': '1.752'}

 58%|█████▊    | 10750/18408 [13:18<08:45, 14.57it/s]
 58%|█████▊    | 10751/18408 [13:18<08:43, 14.63it/s]
 58%|█████▊    | 10753/18408 [13:18<09:11, 13.87it/s]
 58%|█████▊    | 10755/18408 [13:19<09:19, 13.67it/s]
 58%|█████▊    | 10757/18408 [13:19<08:58, 14.21it/s]
 58%|█████▊    | 10759/18408 [13:19<08:46, 14.52it/s]
 58%|█████▊    | 10761/18408 [13:19<08:37, 14.78it/s]
 58%|█████▊    | 10763/18408 [13:19<08:33, 14.88it/s]
 58%|█████▊    | 10765/18408 [13:19<08:32, 14.92it/s]
 58%|█████▊    | 10767/18408 [13:19<08:38, 14.73it/s]
 59%|█████▊    | 10769/18408 [13:20<08:57, 14.21it/s]
 59%|█████▊    | 10771/18408 [13:20<09:44, 13.07it/s]
 59%|█████▊    | 10773/18408 [13:20<09:24, 13.52it/s]
 59%|█████▊    | 10775/18408 [13:20<09:12, 13.82it/s]
 59%|█████▊    | 10777/18408 [13:20<09:10, 13.86it/s]
 59%|█████▊    | 10779/18408 [13:20<09:07, 13.94it/s]
 59%|█████▊    | 10781/18408 [13:20<09:14, 13.76it/s]
 59%|█████▊    | 10783/18408 [13:21<09:00, 14.11it/s]
 59%|█████▊    | 10785/18408 [13:21<08:47, 14.46it/s]
 59%|█████▊    | 10787/18408 [13:21<09:04, 14.01it/s]
 59%|█████▊    | 10789/18408 [13:21<08:47, 14.43it/s]
 59%|█████▊    | 10791/18408 [13:21<08:37, 14.72it/s]
 59%|█████▊    | 10793/18408 [13:21<08:34, 14.79it/s]
 59%|█████▊    | 10795/18408 [13:21<08:42, 14.57it/s]
 59%|█████▊    | 10797/18408 [13:22<08:30, 14.92it/s]
 59%|█████▊    | 10799/18408 [13:22<08:21, 15.16it/s]
                                                     
{'loss': '0.5866', 'grad_norm': '4.023', 'learning_rate': '8.312e-06', 'epoch': '1.76'}

 59%|█████▊    | 10800/18408 [13:22<08:21, 15.16it/s]
 59%|█████▊    | 10801/18408 [13:22<08:30, 14.91it/s]
 59%|█████▊    | 10803/18408 [13:22<08:37, 14.70it/s]
 59%|█████▊    | 10805/18408 [13:22<08:35, 14.76it/s]
 59%|█████▊    | 10807/18408 [13:22<08:41, 14.58it/s]
 59%|█████▊    | 10809/18408 [13:22<08:39, 14.63it/s]
 59%|█████▊    | 10811/18408 [13:23<09:00, 14.05it/s]
 59%|█████▊    | 10813/18408 [13:23<08:49, 14.34it/s]
 59%|█████▉    | 10815/18408 [13:23<09:28, 13.36it/s]
 59%|█████▉    | 10817/18408 [13:23<09:23, 13.48it/s]
 59%|█████▉    | 10819/18408 [13:23<09:15, 13.65it/s]
 59%|█████▉    | 10821/18408 [13:23<08:54, 14.19it/s]
 59%|█████▉    | 10823/18408 [13:23<08:58, 14.10it/s]
 59%|█████▉    | 10825/18408 [13:24<08:50, 14.28it/s]
 59%|█████▉    | 10827/18408 [13:24<08:47, 14.37it/s]
 59%|█████▉    | 10829/18408 [13:24<08:40, 14.56it/s]
 59%|█████▉    | 10831/18408 [13:24<08:57, 14.11it/s]
 59%|█████▉    | 10833/18408 [13:24<08:50, 14.28it/s]
 59%|█████▉    | 10835/18408 [13:24<08:36, 14.66it/s]
 59%|█████▉    | 10837/18408 [13:24<08:39, 14.57it/s]
 59%|█████▉    | 10839/18408 [13:25<09:51, 12.79it/s]
 59%|█████▉    | 10841/18408 [13:25<09:23, 13.44it/s]
 59%|█████▉    | 10843/18408 [13:25<09:18, 13.53it/s]
 59%|█████▉    | 10845/18408 [13:25<08:56, 14.10it/s]
 59%|█████▉    | 10847/18408 [13:25<08:54, 14.15it/s]
 59%|█████▉    | 10849/18408 [13:25<08:37, 14.62it/s]
                                                     
{'loss': '0.566', 'grad_norm': '4.274', 'learning_rate': '8.258e-06', 'epoch': '1.768'}

 59%|█████▉    | 10850/18408 [13:25<08:37, 14.62it/s]
 59%|█████▉    | 10851/18408 [13:25<08:33, 14.71it/s]
 59%|█████▉    | 10853/18408 [13:25<08:27, 14.88it/s]
 59%|█████▉    | 10855/18408 [13:26<08:46, 14.33it/s]
 59%|█████▉    | 10857/18408 [13:26<08:45, 14.38it/s]
 59%|█████▉    | 10859/18408 [13:26<08:57, 14.06it/s]
 59%|█████▉    | 10861/18408 [13:26<08:54, 14.11it/s]
 59%|█████▉    | 10863/18408 [13:26<08:37, 14.58it/s]
 59%|█████▉    | 10865/18408 [13:26<08:37, 14.57it/s]
 59%|█████▉    | 10867/18408 [13:26<08:27, 14.85it/s]
 59%|█████▉    | 10869/18408 [13:27<08:18, 15.13it/s]
 59%|█████▉    | 10871/18408 [13:27<08:22, 15.01it/s]
 59%|█████▉    | 10873/18408 [13:27<08:36, 14.60it/s]
 59%|█████▉    | 10875/18408 [13:27<08:45, 14.33it/s]
 59%|█████▉    | 10877/18408 [13:27<08:54, 14.10it/s]
 59%|█████▉    | 10879/18408 [13:27<09:00, 13.92it/s]
 59%|█████▉    | 10881/18408 [13:27<08:37, 14.53it/s]
 59%|█████▉    | 10883/18408 [13:28<09:26, 13.28it/s]
 59%|█████▉    | 10885/18408 [13:28<09:20, 13.42it/s]
 59%|█████▉    | 10887/18408 [13:28<09:57, 12.59it/s]
 59%|█████▉    | 10889/18408 [13:28<09:18, 13.46it/s]
 59%|█████▉    | 10891/18408 [13:28<09:31, 13.15it/s]
 59%|█████▉    | 10893/18408 [13:28<09:14, 13.56it/s]
 59%|█████▉    | 10895/18408 [13:28<08:49, 14.19it/s]
 59%|█████▉    | 10897/18408 [13:29<08:34, 14.61it/s]
 59%|█████▉    | 10899/18408 [13:29<08:34, 14.60it/s]
                                                     
{'loss': '0.5923', 'grad_norm': '3.573', 'learning_rate': '8.203e-06', 'epoch': '1.776'}

 59%|█████▉    | 10900/18408 [13:29<08:34, 14.60it/s]
 59%|█████▉    | 10901/18408 [13:29<08:25, 14.85it/s]
 59%|█████▉    | 10903/18408 [13:29<08:33, 14.63it/s]
 59%|█████▉    | 10905/18408 [13:29<08:22, 14.92it/s]
 59%|█████▉    | 10907/18408 [13:29<08:18, 15.03it/s]
 59%|█████▉    | 10909/18408 [13:29<08:09, 15.32it/s]
 59%|█████▉    | 10911/18408 [13:30<08:25, 14.84it/s]
 59%|█████▉    | 10913/18408 [13:30<08:16, 15.11it/s]
 59%|█████▉    | 10915/18408 [13:30<08:40, 14.40it/s]
 59%|█████▉    | 10917/18408 [13:30<08:46, 14.24it/s]
 59%|█████▉    | 10919/18408 [13:30<08:36, 14.49it/s]
 59%|█████▉    | 10921/18408 [13:30<09:03, 13.78it/s]
 59%|█████▉    | 10923/18408 [13:30<08:45, 14.24it/s]
 59%|█████▉    | 10925/18408 [13:31<08:32, 14.60it/s]
 59%|█████▉    | 10927/18408 [13:31<08:18, 15.01it/s]
 59%|█████▉    | 10929/18408 [13:31<08:11, 15.22it/s]
 59%|█████▉    | 10931/18408 [13:31<08:37, 14.45it/s]
 59%|█████▉    | 10933/18408 [13:31<08:51, 14.06it/s]
 59%|█████▉    | 10935/18408 [13:31<09:03, 13.74it/s]
 59%|█████▉    | 10937/18408 [13:31<09:23, 13.27it/s]
 59%|█████▉    | 10939/18408 [13:32<09:01, 13.79it/s]
 59%|█████▉    | 10941/18408 [13:32<08:37, 14.44it/s]
 59%|█████▉    | 10943/18408 [13:32<09:09, 13.58it/s]
 59%|█████▉    | 10945/18408 [13:32<08:54, 13.95it/s]
 59%|█████▉    | 10947/18408 [13:32<08:48, 14.10it/s]
 59%|█████▉    | 10949/18408 [13:32<08:38, 14.39it/s]
                                                     
{'loss': '0.6122', 'grad_norm': '4.483', 'learning_rate': '8.148e-06', 'epoch': '1.785'}

 59%|█████▉    | 10950/18408 [13:32<08:38, 14.39it/s]
 59%|█████▉    | 10951/18408 [13:32<08:40, 14.33it/s]
 60%|█████▉    | 10953/18408 [13:32<08:24, 14.77it/s]
 60%|█████▉    | 10955/18408 [13:33<08:20, 14.88it/s]
 60%|█████▉    | 10957/18408 [13:33<08:28, 14.65it/s]
 60%|█████▉    | 10959/18408 [13:33<08:37, 14.40it/s]
 60%|█████▉    | 10961/18408 [13:33<08:24, 14.76it/s]
 60%|█████▉    | 10963/18408 [13:33<08:21, 14.83it/s]
 60%|█████▉    | 10965/18408 [13:33<08:42, 14.25it/s]
 60%|█████▉    | 10967/18408 [13:33<08:32, 14.52it/s]
 60%|█████▉    | 10969/18408 [13:34<08:29, 14.60it/s]
 60%|█████▉    | 10971/18408 [13:34<08:41, 14.25it/s]
 60%|█████▉    | 10973/18408 [13:34<09:28, 13.08it/s]
 60%|█████▉    | 10975/18408 [13:34<09:14, 13.40it/s]
 60%|█████▉    | 10977/18408 [13:34<08:57, 13.83it/s]
 60%|█████▉    | 10979/18408 [13:34<08:51, 13.98it/s]
 60%|█████▉    | 10981/18408 [13:34<08:32, 14.49it/s]
 60%|█████▉    | 10983/18408 [13:35<08:16, 14.96it/s]
 60%|█████▉    | 10985/18408 [13:35<08:21, 14.81it/s]
 60%|█████▉    | 10987/18408 [13:35<08:19, 14.85it/s]
 60%|█████▉    | 10989/18408 [13:35<08:47, 14.08it/s]
 60%|█████▉    | 10991/18408 [13:35<08:38, 14.30it/s]
 60%|█████▉    | 10993/18408 [13:35<08:24, 14.70it/s]
 60%|█████▉    | 10995/18408 [13:35<08:36, 14.34it/s]
 60%|█████▉    | 10997/18408 [13:36<08:41, 14.22it/s]
 60%|█████▉    | 10999/18408 [13:36<08:36, 14.34it/s]
                                                     
{'loss': '0.5888', 'grad_norm': '5.069', 'learning_rate': '8.094e-06', 'epoch': '1.793'}

 60%|█████▉    | 11000/18408 [13:36<08:36, 14.34it/s]

  0%|          | 0/39 [00:00<?, ?it/s][A

 28%|██▊       | 11/39 [00:00<00:00, 104.24it/s][A

 56%|█████▋    | 22/39 [00:00<00:00, 103.70it/s][A

 87%|████████▋ | 34/39 [00:00<00:00, 109.55it/s][A
                                                     

                                                
[A{'eval_loss': '0.5975', 'eval_accuracy': '0.7562', 'eval_precision': '0.7599', 'eval_recall': '0.7562', 'eval_f1_weighted': '0.7565', 'eval_f1_macro': '0.7565', 'eval_runtime': '0.745', 'eval_samples_per_second': '3342', 'eval_steps_per_second': '52.35', 'epoch': '1.793'}

 60%|█████▉    | 11000/18408 [13:37<08:36, 14.34it/s]

100%|██████████| 39/39 [00:00<00:00, 109.55it/s][A

                                                [A

Writing model shards:   0%|          | 0/1 [00:00<?, ?it/s][A

Writing model shards: 100%|██████████| 1/1 [00:01<00:00,  1.22s/it][A
Writing model shards: 100%|██████████| 1/1 [00:01<00:00,  1.22s/it]

 60%|█████▉    | 11001/18408 [13:38<49:11,  2.51it/s]
 60%|█████▉    | 11003/18408 [13:38<36:53,  3.35it/s]
 60%|█████▉    | 11005/18408 [13:38<28:44,  4.29it/s]
 60%|█████▉    | 11007/18408 [13:38<23:06,  5.34it/s]
 60%|█████▉    | 11009/18408 [13:39<18:54,  6.52it/s]
 60%|█████▉    | 11011/18408 [13:39<15:48,  7.80it/s]
 60%|█████▉    | 11013/18408 [13:39<13:35,  9.07it/s]
 60%|█████▉    | 11015/18408 [13:39<12:07, 10.16it/s]
 60%|█████▉    | 11017/18408 [13:39<11:04, 11.13it/s]
 60%|█████▉    | 11019/18408 [13:39<10:11, 12.08it/s]
 60%|█████▉    | 11021/18408 [13:39<09:25, 13.06it/s]
 60%|█████▉    | 11023/18408 [13:40<09:28, 12.99it/s]
 60%|█████▉    | 11025/18408 [13:40<09:14, 13.32it/s]
 60%|█████▉    | 11027/18408 [13:40<09:08, 13.45it/s]
 60%|█████▉    | 11029/18408 [13:40<08:48, 13.96it/s]
 60%|█████▉    | 11031/18408 [13:40<08:26, 14.57it/s]
 60%|█████▉    | 11033/18408 [13:40<08:28, 14.51it/s]
 60%|█████▉    | 11035/18408 [13:40<08:15, 14.88it/s]
 60%|█████▉    | 11037/18408 [13:41<08:12, 14.96it/s]
 60%|█████▉    | 11039/18408 [13:41<08:14, 14.91it/s]
 60%|█████▉    | 11041/18408 [13:41<08:51, 13.85it/s]
 60%|█████▉    | 11043/18408 [13:41<08:34, 14.33it/s]
 60%|██████    | 11045/18408 [13:41<08:17, 14.79it/s]
 60%|██████    | 11047/18408 [13:41<08:15, 14.86it/s]
 60%|██████    | 11049/18408 [13:41<08:18, 14.75it/s]
                                                     
{'loss': '0.6095', 'grad_norm': '3.833', 'learning_rate': '8.039e-06', 'epoch': '1.801'}

 60%|██████    | 11050/18408 [13:41<08:18, 14.75it/s]
 60%|██████    | 11051/18408 [13:42<08:11, 14.96it/s]
 60%|██████    | 11053/18408 [13:42<08:07, 15.10it/s]
 60%|██████    | 11055/18408 [13:42<08:11, 14.95it/s]
 60%|██████    | 11057/18408 [13:42<08:19, 14.72it/s]
 60%|██████    | 11059/18408 [13:42<08:16, 14.79it/s]
 60%|██████    | 11061/18408 [13:42<08:07, 15.07it/s]
 60%|██████    | 11063/18408 [13:42<07:59, 15.32it/s]
 60%|██████    | 11065/18408 [13:42<08:09, 15.00it/s]
 60%|██████    | 11067/18408 [13:43<08:12, 14.92it/s]
 60%|██████    | 11069/18408 [13:43<08:07, 15.06it/s]
 60%|██████    | 11071/18408 [13:43<08:20, 14.66it/s]
 60%|██████    | 11073/18408 [13:43<08:30, 14.36it/s]
 60%|██████    | 11075/18408 [13:43<08:28, 14.42it/s]
 60%|██████    | 11077/18408 [13:43<08:39, 14.12it/s]
 60%|██████    | 11079/18408 [13:43<08:17, 14.73it/s]
 60%|██████    | 11081/18408 [13:44<08:05, 15.09it/s]
 60%|██████    | 11083/18408 [13:44<08:10, 14.93it/s]
 60%|██████    | 11085/18408 [13:44<08:29, 14.38it/s]
 60%|██████    | 11087/18408 [13:44<08:45, 13.92it/s]
 60%|██████    | 11089/18408 [13:44<08:46, 13.90it/s]
 60%|██████    | 11091/18408 [13:44<08:44, 13.95it/s]
 60%|██████    | 11093/18408 [13:44<08:41, 14.02it/s]
 60%|██████    | 11095/18408 [13:45<08:33, 14.24it/s]
 60%|██████    | 11097/18408 [13:45<08:56, 13.63it/s]
 60%|██████    | 11099/18408 [13:45<09:00, 13.53it/s]
                                                     
{'loss': '0.598', 'grad_norm': '4.991', 'learning_rate': '7.984e-06', 'epoch': '1.809'}

 60%|██████    | 11100/18408 [13:45<09:00, 13.53it/s]
 60%|██████    | 11101/18408 [13:45<08:51, 13.76it/s]
 60%|██████    | 11103/18408 [13:45<09:27, 12.88it/s]
 60%|██████    | 11105/18408 [13:45<09:02, 13.45it/s]
 60%|██████    | 11107/18408 [13:45<08:36, 14.13it/s]
 60%|██████    | 11109/18408 [13:46<08:23, 14.50it/s]
 60%|██████    | 11111/18408 [13:46<08:16, 14.69it/s]
 60%|██████    | 11113/18408 [13:46<08:04, 15.06it/s]
 60%|██████    | 11115/18408 [13:46<08:05, 15.02it/s]
 60%|██████    | 11117/18408 [13:46<08:26, 14.40it/s]
 60%|██████    | 11119/18408 [13:46<08:26, 14.39it/s]
 60%|██████    | 11121/18408 [13:46<08:08, 14.92it/s]
 60%|██████    | 11123/18408 [13:46<08:09, 14.89it/s]
 60%|██████    | 11125/18408 [13:47<08:29, 14.28it/s]
 60%|██████    | 11127/18408 [13:47<08:44, 13.89it/s]
 60%|██████    | 11129/18408 [13:47<08:29, 14.27it/s]
 60%|██████    | 11131/18408 [13:47<08:23, 14.46it/s]
 60%|██████    | 11133/18408 [13:47<08:18, 14.58it/s]
 60%|██████    | 11135/18408 [13:47<08:10, 14.82it/s]
 61%|██████    | 11137/18408 [13:47<08:02, 15.07it/s]
 61%|██████    | 11139/18408 [13:48<07:56, 15.25it/s]
 61%|██████    | 11141/18408 [13:48<08:03, 15.03it/s]
 61%|██████    | 11143/18408 [13:48<08:04, 15.00it/s]
 61%|██████    | 11145/18408 [13:48<08:03, 15.01it/s]
 61%|██████    | 11147/18408 [13:48<07:57, 15.22it/s]
 61%|██████    | 11149/18408 [13:48<07:53, 15.32it/s]
                                                     
{'loss': '0.5977', 'grad_norm': '3.851', 'learning_rate': '7.93e-06', 'epoch': '1.817'}

 61%|██████    | 11150/18408 [13:48<07:53, 15.32it/s]
 61%|██████    | 11151/18408 [13:48<08:00, 15.11it/s]
 61%|██████    | 11153/18408 [13:49<07:55, 15.27it/s]
 61%|██████    | 11155/18408 [13:49<08:08, 14.84it/s]
 61%|██████    | 11157/18408 [13:49<08:12, 14.73it/s]
 61%|██████    | 11159/18408 [13:49<08:08, 14.83it/s]
 61%|██████    | 11161/18408 [13:49<08:08, 14.84it/s]
 61%|██████    | 11163/18408 [13:49<08:07, 14.87it/s]
 61%|██████    | 11165/18408 [13:49<08:33, 14.11it/s]
 61%|██████    | 11167/18408 [13:49<08:18, 14.53it/s]
 61%|██████    | 11169/18408 [13:50<08:11, 14.74it/s]
 61%|██████    | 11171/18408 [13:50<08:27, 14.27it/s]
 61%|██████    | 11173/18408 [13:50<08:29, 14.19it/s]
 61%|██████    | 11175/18408 [13:50<08:30, 14.17it/s]
 61%|██████    | 11177/18408 [13:50<08:38, 13.96it/s]
 61%|██████    | 11179/18408 [13:50<08:30, 14.17it/s]
 61%|██████    | 11181/18408 [13:50<08:32, 14.09it/s]
 61%|██████    | 11183/18408 [13:51<08:26, 14.27it/s]
 61%|██████    | 11185/18408 [13:51<09:08, 13.17it/s]
 61%|██████    | 11187/18408 [13:51<08:43, 13.80it/s]
 61%|██████    | 11189/18408 [13:51<08:31, 14.12it/s]
 61%|██████    | 11191/18408 [13:51<09:07, 13.18it/s]
 61%|██████    | 11193/18408 [13:51<08:55, 13.47it/s]
 61%|██████    | 11195/18408 [13:51<08:38, 13.92it/s]
 61%|██████    | 11197/18408 [13:52<08:18, 14.45it/s]
 61%|██████    | 11199/18408 [13:52<08:21, 14.39it/s]
                                                     
{'loss': '0.5789', 'grad_norm': '3.511', 'learning_rate': '7.875e-06', 'epoch': '1.825'}

 61%|██████    | 11200/18408 [13:52<08:20, 14.39it/s]
 61%|██████    | 11201/18408 [13:52<08:14, 14.57it/s]
 61%|██████    | 11203/18408 [13:52<08:09, 14.71it/s]
 61%|██████    | 11205/18408 [13:52<08:10, 14.70it/s]
 61%|██████    | 11207/18408 [13:52<08:06, 14.81it/s]
 61%|██████    | 11209/18408 [13:52<08:05, 14.84it/s]
 61%|██████    | 11211/18408 [13:53<08:05, 14.84it/s]
 61%|██████    | 11213/18408 [13:53<07:55, 15.15it/s]
 61%|██████    | 11215/18408 [13:53<08:11, 14.63it/s]
 61%|██████    | 11217/18408 [13:53<08:17, 14.46it/s]
 61%|██████    | 11219/18408 [13:53<08:32, 14.03it/s]
 61%|██████    | 11221/18408 [13:53<08:20, 14.36it/s]
 61%|██████    | 11223/18408 [13:53<08:06, 14.78it/s]
 61%|██████    | 11225/18408 [13:54<07:52, 15.21it/s]
 61%|██████    | 11227/18408 [13:54<08:05, 14.81it/s]
 61%|██████    | 11229/18408 [13:54<08:24, 14.22it/s]
 61%|██████    | 11231/18408 [13:54<08:05, 14.77it/s]
 61%|██████    | 11233/18408 [13:54<07:53, 15.17it/s]
 61%|██████    | 11235/18408 [13:54<07:48, 15.31it/s]
 61%|██████    | 11237/18408 [13:54<08:10, 14.61it/s]
 61%|██████    | 11239/18408 [13:54<08:11, 14.58it/s]
 61%|██████    | 11241/18408 [13:55<08:02, 14.86it/s]
 61%|██████    | 11243/18408 [13:55<08:02, 14.86it/s]
 61%|██████    | 11245/18408 [13:55<08:04, 14.79it/s]
 61%|██████    | 11247/18408 [13:55<07:50, 15.22it/s]
 61%|██████    | 11249/18408 [13:55<07:43, 15.46it/s]
                                                     
{'loss': '0.5726', 'grad_norm': '4.607', 'learning_rate': '7.821e-06', 'epoch': '1.833'}

 61%|██████    | 11250/18408 [13:55<07:43, 15.46it/s]
 61%|██████    | 11251/18408 [13:55<08:05, 14.74it/s]
 61%|██████    | 11253/18408 [13:55<08:06, 14.72it/s]
 61%|██████    | 11255/18408 [13:56<08:08, 14.65it/s]
 61%|██████    | 11257/18408 [13:56<07:55, 15.05it/s]
 61%|██████    | 11259/18408 [13:56<07:59, 14.91it/s]
 61%|██████    | 11261/18408 [13:56<07:51, 15.16it/s]
 61%|██████    | 11263/18408 [13:56<08:20, 14.27it/s]
 61%|██████    | 11265/18408 [13:56<08:21, 14.24it/s]
 61%|██████    | 11267/18408 [13:56<08:16, 14.39it/s]
 61%|██████    | 11269/18408 [13:56<07:59, 14.88it/s]
 61%|██████    | 11271/18408 [13:57<08:18, 14.31it/s]
 61%|██████    | 11273/18408 [13:57<08:24, 14.13it/s]
 61%|██████▏   | 11275/18408 [13:57<08:13, 14.46it/s]
 61%|██████▏   | 11277/18408 [13:57<08:13, 14.44it/s]
 61%|██████▏   | 11279/18408 [13:57<08:09, 14.57it/s]
 61%|██████▏   | 11281/18408 [13:57<08:02, 14.76it/s]
 61%|██████▏   | 11283/18408 [13:57<07:51, 15.10it/s]
 61%|██████▏   | 11285/18408 [13:58<07:47, 15.25it/s]
 61%|██████▏   | 11287/18408 [13:58<07:54, 15.00it/s]
 61%|██████▏   | 11289/18408 [13:58<07:45, 15.30it/s]
 61%|██████▏   | 11291/18408 [13:58<08:11, 14.48it/s]
 61%|██████▏   | 11293/18408 [13:58<07:59, 14.85it/s]
 61%|██████▏   | 11295/18408 [13:58<07:57, 14.89it/s]
 61%|██████▏   | 11297/18408 [13:58<07:53, 15.03it/s]
 61%|██████▏   | 11299/18408 [13:59<07:42, 15.38it/s]
                                                     
{'loss': '0.6225', 'grad_norm': '3.109', 'learning_rate': '7.766e-06', 'epoch': '1.842'}

 61%|██████▏   | 11300/18408 [13:59<07:42, 15.38it/s]
 61%|██████▏   | 11301/18408 [13:59<07:35, 15.61it/s]
 61%|██████▏   | 11303/18408 [13:59<07:33, 15.66it/s]
 61%|██████▏   | 11305/18408 [13:59<07:57, 14.88it/s]
 61%|██████▏   | 11307/18408 [13:59<08:22, 14.12it/s]
 61%|██████▏   | 11309/18408 [13:59<08:23, 14.10it/s]
 61%|██████▏   | 11311/18408 [13:59<08:23, 14.10it/s]
 61%|██████▏   | 11313/18408 [13:59<08:14, 14.35it/s]
 61%|██████▏   | 11315/18408 [14:00<08:12, 14.40it/s]
 61%|██████▏   | 11317/18408 [14:00<08:29, 13.91it/s]
 61%|██████▏   | 11319/18408 [14:00<08:08, 14.52it/s]
 62%|██████▏   | 11321/18408 [14:00<07:54, 14.93it/s]
 62%|██████▏   | 11323/18408 [14:00<07:51, 15.01it/s]
 62%|██████▏   | 11325/18408 [14:00<07:56, 14.88it/s]
 62%|██████▏   | 11327/18408 [14:00<07:46, 15.18it/s]
 62%|██████▏   | 11329/18408 [14:01<07:44, 15.22it/s]
 62%|██████▏   | 11331/18408 [14:01<07:45, 15.21it/s]
 62%|██████▏   | 11333/18408 [14:01<07:45, 15.20it/s]
 62%|██████▏   | 11335/18408 [14:01<07:41, 15.33it/s]
 62%|██████▏   | 11337/18408 [14:01<07:57, 14.80it/s]
 62%|██████▏   | 11339/18408 [14:01<07:48, 15.08it/s]
 62%|██████▏   | 11341/18408 [14:01<08:02, 14.64it/s]
 62%|██████▏   | 11343/18408 [14:01<07:49, 15.04it/s]
 62%|██████▏   | 11345/18408 [14:02<07:40, 15.35it/s]
 62%|██████▏   | 11347/18408 [14:02<07:36, 15.48it/s]
 62%|██████▏   | 11349/18408 [14:02<07:34, 15.53it/s]
                                                     
{'loss': '0.5851', 'grad_norm': '4.184', 'learning_rate': '7.711e-06', 'epoch': '1.85'}

 62%|██████▏   | 11350/18408 [14:02<07:34, 15.53it/s]
 62%|██████▏   | 11351/18408 [14:02<07:35, 15.50it/s]
 62%|██████▏   | 11353/18408 [14:02<07:30, 15.68it/s]
 62%|██████▏   | 11355/18408 [14:02<07:40, 15.30it/s]
 62%|██████▏   | 11357/18408 [14:02<07:46, 15.12it/s]
 62%|██████▏   | 11359/18408 [14:03<07:44, 15.18it/s]
 62%|██████▏   | 11361/18408 [14:03<07:35, 15.46it/s]
 62%|██████▏   | 11363/18408 [14:03<08:00, 14.66it/s]
 62%|██████▏   | 11365/18408 [14:03<08:02, 14.59it/s]
 62%|██████▏   | 11367/18408 [14:03<08:02, 14.60it/s]
 62%|██████▏   | 11369/18408 [14:03<08:02, 14.58it/s]
 62%|██████▏   | 11371/18408 [14:03<07:56, 14.78it/s]
 62%|██████▏   | 11373/18408 [14:03<07:55, 14.79it/s]
 62%|██████▏   | 11375/18408 [14:04<07:45, 15.12it/s]
 62%|██████▏   | 11377/18408 [14:04<07:58, 14.70it/s]
 62%|██████▏   | 11379/18408 [14:04<07:48, 15.01it/s]
 62%|██████▏   | 11381/18408 [14:04<07:53, 14.84it/s]
 62%|██████▏   | 11383/18408 [14:04<07:53, 14.84it/s]
 62%|██████▏   | 11385/18408 [14:04<07:59, 14.64it/s]
 62%|██████▏   | 11387/18408 [14:04<08:19, 14.05it/s]
 62%|██████▏   | 11389/18408 [14:05<08:28, 13.80it/s]
 62%|██████▏   | 11391/18408 [14:05<08:15, 14.15it/s]
 62%|██████▏   | 11393/18408 [14:05<08:16, 14.14it/s]
 62%|██████▏   | 11395/18408 [14:05<09:11, 12.72it/s]
 62%|██████▏   | 11397/18408 [14:05<08:47, 13.30it/s]
 62%|██████▏   | 11399/18408 [14:05<08:37, 13.54it/s]
                                                     
{'loss': '0.5877', 'grad_norm': '4.692', 'learning_rate': '7.657e-06', 'epoch': '1.858'}

 62%|██████▏   | 11400/18408 [14:05<08:37, 13.54it/s]
 62%|██████▏   | 11401/18408 [14:05<08:33, 13.65it/s]
 62%|██████▏   | 11403/18408 [14:06<08:08, 14.33it/s]
 62%|██████▏   | 11405/18408 [14:06<08:06, 14.39it/s]
 62%|██████▏   | 11407/18408 [14:06<07:58, 14.62it/s]
 62%|██████▏   | 11409/18408 [14:06<07:53, 14.79it/s]
 62%|██████▏   | 11411/18408 [14:06<07:56, 14.69it/s]
 62%|██████▏   | 11413/18408 [14:06<07:53, 14.77it/s]
 62%|██████▏   | 11415/18408 [14:06<07:56, 14.69it/s]
 62%|██████▏   | 11417/18408 [14:07<07:43, 15.10it/s]
 62%|██████▏   | 11419/18408 [14:07<07:38, 15.24it/s]
 62%|██████▏   | 11421/18408 [14:07<07:36, 15.30it/s]
 62%|██████▏   | 11423/18408 [14:07<07:40, 15.17it/s]
 62%|██████▏   | 11425/18408 [14:07<07:41, 15.14it/s]
 62%|██████▏   | 11427/18408 [14:07<07:46, 14.96it/s]
 62%|██████▏   | 11429/18408 [14:07<07:39, 15.20it/s]
 62%|██████▏   | 11431/18408 [14:07<07:35, 15.32it/s]
 62%|██████▏   | 11433/18408 [14:08<07:29, 15.52it/s]
 62%|██████▏   | 11435/18408 [14:08<07:32, 15.42it/s]
 62%|██████▏   | 11437/18408 [14:08<07:36, 15.27it/s]
 62%|██████▏   | 11439/18408 [14:08<07:46, 14.92it/s]
 62%|██████▏   | 11441/18408 [14:08<07:58, 14.55it/s]
 62%|██████▏   | 11443/18408 [14:08<08:13, 14.11it/s]
 62%|██████▏   | 11445/18408 [14:08<08:11, 14.16it/s]
 62%|██████▏   | 11447/18408 [14:09<08:17, 14.00it/s]
 62%|██████▏   | 11449/18408 [14:09<08:10, 14.18it/s]
                                                     
{'loss': '0.614', 'grad_norm': '3.611', 'learning_rate': '7.602e-06', 'epoch': '1.866'}

 62%|██████▏   | 11450/18408 [14:09<08:10, 14.18it/s]
 62%|██████▏   | 11451/18408 [14:09<07:53, 14.68it/s]
 62%|██████▏   | 11453/18408 [14:09<07:50, 14.77it/s]
 62%|██████▏   | 11455/18408 [14:09<08:18, 13.95it/s]
 62%|██████▏   | 11457/18408 [14:09<08:24, 13.79it/s]
 62%|██████▏   | 11459/18408 [14:09<08:12, 14.12it/s]
 62%|██████▏   | 11461/18408 [14:10<08:17, 13.98it/s]
 62%|██████▏   | 11463/18408 [14:10<08:20, 13.88it/s]
 62%|██████▏   | 11465/18408 [14:10<08:03, 14.36it/s]
 62%|██████▏   | 11467/18408 [14:10<07:55, 14.59it/s]
 62%|██████▏   | 11469/18408 [14:10<08:05, 14.29it/s]
 62%|██████▏   | 11471/18408 [14:10<08:15, 14.01it/s]
 62%|██████▏   | 11473/18408 [14:10<07:56, 14.57it/s]
 62%|██████▏   | 11475/18408 [14:11<07:47, 14.83it/s]
 62%|██████▏   | 11477/18408 [14:11<07:36, 15.20it/s]
 62%|██████▏   | 11479/18408 [14:11<07:28, 15.47it/s]
 62%|██████▏   | 11481/18408 [14:11<07:31, 15.35it/s]
 62%|██████▏   | 11483/18408 [14:11<07:26, 15.49it/s]
 62%|██████▏   | 11485/18408 [14:11<07:32, 15.30it/s]
 62%|██████▏   | 11487/18408 [14:11<07:37, 15.13it/s]
 62%|██████▏   | 11489/18408 [14:11<07:45, 14.87it/s]
 62%|██████▏   | 11491/18408 [14:12<07:42, 14.97it/s]
 62%|██████▏   | 11493/18408 [14:12<08:00, 14.41it/s]
 62%|██████▏   | 11495/18408 [14:12<08:04, 14.27it/s]
 62%|██████▏   | 11497/18408 [14:12<08:29, 13.57it/s]
 62%|██████▏   | 11499/18408 [14:12<08:09, 14.12it/s]
                                                     
{'loss': '0.5946', 'grad_norm': '4.042', 'learning_rate': '7.548e-06', 'epoch': '1.874'}

 62%|██████▏   | 11500/18408 [14:12<08:09, 14.12it/s]

  0%|          | 0/39 [00:00<?, ?it/s][A

 31%|███       | 12/39 [00:00<00:00, 116.05it/s][A

 62%|██████▏   | 24/39 [00:00<00:00, 110.65it/s][A

 92%|█████████▏| 36/39 [00:00<00:00, 112.66it/s][A
                                                     

                                                
[A{'eval_loss': '0.5751', 'eval_accuracy': '0.7675', 'eval_precision': '0.7672', 'eval_recall': '0.7675', 'eval_f1_weighted': '0.767', 'eval_f1_macro': '0.767', 'eval_runtime': '0.7942', 'eval_samples_per_second': '3135', 'eval_steps_per_second': '49.11', 'epoch': '1.874'}

 62%|██████▏   | 11500/18408 [14:13<08:09, 14.12it/s]

100%|██████████| 39/39 [00:00<00:00, 112.66it/s][A

                                                [A

Writing model shards:   0%|          | 0/1 [00:00<?, ?it/s][A

Writing model shards: 100%|██████████| 1/1 [00:01<00:00,  1.26s/it][A
Writing model shards: 100%|██████████| 1/1 [00:01<00:00,  1.26s/it]

 62%|██████▏   | 11501/18408 [14:15<47:58,  2.40it/s]
 62%|██████▏   | 11503/18408 [14:15<36:19,  3.17it/s]
 62%|██████▎   | 11505/18408 [14:15<27:47,  4.14it/s]
 63%|██████▎   | 11507/18408 [14:15<21:41,  5.30it/s]
 63%|██████▎   | 11509/18408 [14:15<17:39,  6.51it/s]
 63%|██████▎   | 11511/18408 [14:15<14:30,  7.92it/s]
 63%|██████▎   | 11513/18408 [14:15<12:25,  9.25it/s]
 63%|██████▎   | 11515/18408 [14:16<10:47, 10.64it/s]
 63%|██████▎   | 11517/18408 [14:16<09:42, 11.83it/s]
 63%|██████▎   | 11519/18408 [14:16<09:08, 12.56it/s]
 63%|██████▎   | 11521/18408 [14:16<08:40, 13.23it/s]
 63%|██████▎   | 11523/18408 [14:16<08:46, 13.07it/s]
 63%|██████▎   | 11525/18408 [14:16<08:27, 13.57it/s]
 63%|██████▎   | 11527/18408 [14:16<08:14, 13.92it/s]
 63%|██████▎   | 11529/18408 [14:16<07:53, 14.54it/s]
 63%|██████▎   | 11531/18408 [14:17<07:51, 14.58it/s]
 63%|██████▎   | 11533/18408 [14:17<07:52, 14.56it/s]
 63%|██████▎   | 11535/18408 [14:17<08:36, 13.31it/s]
 63%|██████▎   | 11537/18408 [14:17<08:35, 13.34it/s]
 63%|██████▎   | 11539/18408 [14:17<08:22, 13.66it/s]
 63%|██████▎   | 11541/18408 [14:17<08:05, 14.15it/s]
 63%|██████▎   | 11543/18408 [14:17<07:55, 14.45it/s]
 63%|██████▎   | 11545/18408 [14:18<07:47, 14.69it/s]
 63%|██████▎   | 11547/18408 [14:18<08:10, 14.00it/s]
 63%|██████▎   | 11549/18408 [14:18<08:03, 14.20it/s]
                                                     
{'loss': '0.5972', 'grad_norm': '4.549', 'learning_rate': '7.493e-06', 'epoch': '1.882'}

 63%|██████▎   | 11550/18408 [14:18<08:02, 14.20it/s]
 63%|██████▎   | 11551/18408 [14:18<07:47, 14.68it/s]
 63%|██████▎   | 11553/18408 [14:18<08:03, 14.18it/s]
 63%|██████▎   | 11555/18408 [14:18<08:15, 13.83it/s]
 63%|██████▎   | 11557/18408 [14:18<07:56, 14.39it/s]
 63%|██████▎   | 11559/18408 [14:19<08:18, 13.75it/s]
 63%|██████▎   | 11561/18408 [14:19<08:15, 13.83it/s]
 63%|██████▎   | 11563/18408 [14:19<07:52, 14.48it/s]
 63%|██████▎   | 11565/18408 [14:19<07:53, 14.44it/s]
 63%|██████▎   | 11567/18408 [14:19<07:42, 14.80it/s]
 63%|██████▎   | 11569/18408 [14:19<07:31, 15.15it/s]
 63%|██████▎   | 11571/18408 [14:19<07:31, 15.13it/s]
 63%|██████▎   | 11573/18408 [14:20<07:30, 15.18it/s]
 63%|██████▎   | 11575/18408 [14:20<07:21, 15.48it/s]
 63%|██████▎   | 11577/18408 [14:20<07:38, 14.91it/s]
 63%|██████▎   | 11579/18408 [14:20<07:46, 14.64it/s]
 63%|██████▎   | 11581/18408 [14:20<07:42, 14.77it/s]
 63%|██████▎   | 11583/18408 [14:20<07:52, 14.44it/s]
 63%|██████▎   | 11585/18408 [14:20<07:38, 14.87it/s]
 63%|██████▎   | 11587/18408 [14:21<07:36, 14.95it/s]
 63%|██████▎   | 11589/18408 [14:21<07:28, 15.21it/s]
 63%|██████▎   | 11591/18408 [14:21<07:57, 14.27it/s]
 63%|██████▎   | 11593/18408 [14:21<07:44, 14.68it/s]
 63%|██████▎   | 11595/18408 [14:21<07:52, 14.41it/s]
 63%|██████▎   | 11597/18408 [14:21<07:38, 14.86it/s]
 63%|██████▎   | 11599/18408 [14:21<07:29, 15.14it/s]
                                                     
{'loss': '0.5683', 'grad_norm': '3.954', 'learning_rate': '7.438e-06', 'epoch': '1.89'}

 63%|██████▎   | 11600/18408 [14:21<07:29, 15.14it/s]
 63%|██████▎   | 11601/18408 [14:21<07:22, 15.39it/s]
 63%|██████▎   | 11603/18408 [14:22<07:26, 15.24it/s]
 63%|██████▎   | 11605/18408 [14:22<07:28, 15.16it/s]
 63%|██████▎   | 11607/18408 [14:22<07:20, 15.44it/s]
 63%|██████▎   | 11609/18408 [14:22<07:23, 15.35it/s]
 63%|██████▎   | 11611/18408 [14:22<07:34, 14.97it/s]
 63%|██████▎   | 11613/18408 [14:22<07:39, 14.77it/s]
 63%|██████▎   | 11615/18408 [14:22<07:53, 14.34it/s]
 63%|██████▎   | 11617/18408 [14:23<07:48, 14.50it/s]
 63%|██████▎   | 11619/18408 [14:23<07:36, 14.87it/s]
 63%|██████▎   | 11621/18408 [14:23<07:47, 14.52it/s]
 63%|██████▎   | 11623/18408 [14:23<08:05, 13.98it/s]
 63%|██████▎   | 11625/18408 [14:23<07:50, 14.42it/s]
 63%|██████▎   | 11627/18408 [14:23<08:08, 13.87it/s]
 63%|██████▎   | 11629/18408 [14:23<07:54, 14.27it/s]
 63%|██████▎   | 11631/18408 [14:24<07:42, 14.66it/s]
 63%|██████▎   | 11633/18408 [14:24<07:38, 14.77it/s]
 63%|██████▎   | 11635/18408 [14:24<07:39, 14.74it/s]
 63%|██████▎   | 11637/18408 [14:24<08:06, 13.92it/s]
 63%|██████▎   | 11639/18408 [14:24<08:07, 13.88it/s]
 63%|██████▎   | 11641/18408 [14:24<08:04, 13.96it/s]
 63%|██████▎   | 11643/18408 [14:24<08:13, 13.72it/s]
 63%|██████▎   | 11645/18408 [14:25<08:05, 13.92it/s]
 63%|██████▎   | 11647/18408 [14:25<07:49, 14.41it/s]
 63%|██████▎   | 11649/18408 [14:25<07:43, 14.57it/s]
                                                     
{'loss': '0.579', 'grad_norm': '4.109', 'learning_rate': '7.384e-06', 'epoch': '1.899'}

 63%|██████▎   | 11650/18408 [14:25<07:43, 14.57it/s]
 63%|██████▎   | 11651/18408 [14:25<07:38, 14.73it/s]
 63%|██████▎   | 11653/18408 [14:25<07:28, 15.04it/s]
 63%|██████▎   | 11655/18408 [14:25<07:33, 14.88it/s]
 63%|██████▎   | 11657/18408 [14:25<07:57, 14.15it/s]
 63%|██████▎   | 11659/18408 [14:25<07:46, 14.47it/s]
 63%|██████▎   | 11661/18408 [14:26<07:33, 14.88it/s]
 63%|██████▎   | 11663/18408 [14:26<07:24, 15.18it/s]
 63%|██████▎   | 11665/18408 [14:26<07:36, 14.76it/s]
 63%|██████▎   | 11667/18408 [14:26<07:44, 14.50it/s]
 63%|██████▎   | 11669/18408 [14:26<07:38, 14.71it/s]
 63%|██████▎   | 11671/18408 [14:26<07:45, 14.47it/s]
 63%|██████▎   | 11673/18408 [14:26<08:06, 13.83it/s]
 63%|██████▎   | 11675/18408 [14:27<08:02, 13.96it/s]
 63%|██████▎   | 11677/18408 [14:27<07:53, 14.22it/s]
 63%|██████▎   | 11679/18408 [14:27<07:38, 14.68it/s]
 63%|██████▎   | 11681/18408 [14:27<07:37, 14.69it/s]
 63%|██████▎   | 11683/18408 [14:27<07:33, 14.81it/s]
 63%|██████▎   | 11685/18408 [14:27<07:23, 15.15it/s]
 63%|██████▎   | 11687/18408 [14:27<07:38, 14.66it/s]
 63%|██████▎   | 11689/18408 [14:28<07:43, 14.51it/s]
 64%|██████▎   | 11691/18408 [14:28<07:33, 14.80it/s]
 64%|██████▎   | 11693/18408 [14:28<08:04, 13.86it/s]
 64%|██████▎   | 11695/18408 [14:28<07:49, 14.28it/s]
 64%|██████▎   | 11697/18408 [14:28<07:41, 14.55it/s]
 64%|██████▎   | 11699/18408 [14:28<07:25, 15.05it/s]
                                                     
{'loss': '0.5658', 'grad_norm': '4.643', 'learning_rate': '7.329e-06', 'epoch': '1.907'}

 64%|██████▎   | 11700/18408 [14:28<07:25, 15.05it/s]
 64%|██████▎   | 11701/18408 [14:28<07:17, 15.31it/s]
 64%|██████▎   | 11703/18408 [14:28<07:17, 15.34it/s]
 64%|██████▎   | 11705/18408 [14:29<07:25, 15.04it/s]
 64%|██████▎   | 11707/18408 [14:29<07:30, 14.89it/s]
 64%|██████▎   | 11709/18408 [14:29<07:54, 14.12it/s]
 64%|██████▎   | 11711/18408 [14:29<08:06, 13.76it/s]
 64%|██████▎   | 11713/18408 [14:29<07:49, 14.27it/s]
 64%|██████▎   | 11715/18408 [14:29<07:50, 14.24it/s]
 64%|██████▎   | 11717/18408 [14:29<07:48, 14.29it/s]
 64%|██████▎   | 11719/18408 [14:30<07:33, 14.77it/s]
 64%|██████▎   | 11721/18408 [14:30<07:34, 14.72it/s]
 64%|██████▎   | 11723/18408 [14:30<07:45, 14.37it/s]
 64%|██████▎   | 11725/18408 [14:30<07:32, 14.78it/s]
 64%|██████▎   | 11727/18408 [14:30<07:31, 14.81it/s]
 64%|██████▎   | 11729/18408 [14:30<07:29, 14.85it/s]
 64%|██████▎   | 11731/18408 [14:30<07:28, 14.88it/s]
 64%|██████▎   | 11733/18408 [14:31<07:20, 15.17it/s]
 64%|██████▎   | 11735/18408 [14:31<07:17, 15.26it/s]
 64%|██████▍   | 11737/18408 [14:31<07:16, 15.28it/s]
 64%|██████▍   | 11739/18408 [14:31<07:29, 14.84it/s]
 64%|██████▍   | 11741/18408 [14:31<07:26, 14.93it/s]
 64%|██████▍   | 11743/18408 [14:31<07:36, 14.60it/s]
 64%|██████▍   | 11745/18408 [14:31<07:24, 14.99it/s]
 64%|██████▍   | 11747/18408 [14:31<07:37, 14.55it/s]
 64%|██████▍   | 11749/18408 [14:32<07:31, 14.76it/s]
                                                     
{'loss': '0.592', 'grad_norm': '4.422', 'learning_rate': '7.274e-06', 'epoch': '1.915'}

 64%|██████▍   | 11750/18408 [14:32<07:31, 14.76it/s]
 64%|██████▍   | 11751/18408 [14:32<07:26, 14.90it/s]
 64%|██████▍   | 11753/18408 [14:32<07:18, 15.18it/s]
 64%|██████▍   | 11755/18408 [14:32<08:14, 13.46it/s]
 64%|██████▍   | 11757/18408 [14:32<07:54, 14.03it/s]
 64%|██████▍   | 11759/18408 [14:32<07:40, 14.45it/s]
 64%|██████▍   | 11761/18408 [14:32<07:31, 14.71it/s]
 64%|██████▍   | 11763/18408 [14:33<07:27, 14.86it/s]
 64%|██████▍   | 11765/18408 [14:33<07:16, 15.21it/s]
 64%|██████▍   | 11767/18408 [14:33<07:10, 15.43it/s]
 64%|██████▍   | 11769/18408 [14:33<07:17, 15.18it/s]
 64%|██████▍   | 11771/18408 [14:33<07:11, 15.37it/s]
 64%|██████▍   | 11773/18408 [14:33<07:28, 14.80it/s]
 64%|██████▍   | 11775/18408 [14:33<07:28, 14.79it/s]
 64%|██████▍   | 11777/18408 [14:33<07:37, 14.49it/s]
 64%|██████▍   | 11779/18408 [14:34<07:59, 13.83it/s]
 64%|██████▍   | 11781/18408 [14:34<07:48, 14.14it/s]
 64%|██████▍   | 11783/18408 [14:34<07:41, 14.36it/s]
 64%|██████▍   | 11785/18408 [14:34<07:29, 14.75it/s]
 64%|██████▍   | 11787/18408 [14:34<07:17, 15.12it/s]
 64%|██████▍   | 11789/18408 [14:34<07:18, 15.11it/s]
 64%|██████▍   | 11791/18408 [14:34<07:11, 15.34it/s]
 64%|██████▍   | 11793/18408 [14:35<07:26, 14.80it/s]
 64%|██████▍   | 11795/18408 [14:35<07:20, 15.00it/s]
 64%|██████▍   | 11797/18408 [14:35<07:11, 15.30it/s]
 64%|██████▍   | 11799/18408 [14:35<07:12, 15.27it/s]
                                                     
{'loss': '0.5832', 'grad_norm': '4.632', 'learning_rate': '7.22e-06', 'epoch': '1.923'}

 64%|██████▍   | 11800/18408 [14:35<07:12, 15.27it/s]
 64%|██████▍   | 11801/18408 [14:35<07:05, 15.53it/s]
 64%|██████▍   | 11803/18408 [14:35<07:19, 15.02it/s]
 64%|██████▍   | 11805/18408 [14:35<08:13, 13.37it/s]
 64%|██████▍   | 11807/18408 [14:36<08:04, 13.62it/s]
 64%|██████▍   | 11809/18408 [14:36<08:01, 13.69it/s]
 64%|██████▍   | 11811/18408 [14:36<07:49, 14.05it/s]
 64%|██████▍   | 11813/18408 [14:36<07:35, 14.47it/s]
 64%|██████▍   | 11815/18408 [14:36<07:49, 14.04it/s]
 64%|██████▍   | 11817/18408 [14:36<07:33, 14.52it/s]
 64%|██████▍   | 11819/18408 [14:36<07:29, 14.65it/s]
 64%|██████▍   | 11821/18408 [14:36<07:18, 15.04it/s]
 64%|██████▍   | 11823/18408 [14:37<07:10, 15.29it/s]
 64%|██████▍   | 11825/18408 [14:37<07:10, 15.28it/s]
 64%|██████▍   | 11827/18408 [14:37<08:24, 13.04it/s]
 64%|██████▍   | 11829/18408 [14:37<08:30, 12.89it/s]
 64%|██████▍   | 11831/18408 [14:37<09:10, 11.94it/s]
 64%|██████▍   | 11833/18408 [14:37<08:48, 12.45it/s]
 64%|██████▍   | 11835/18408 [14:38<08:12, 13.36it/s]
 64%|██████▍   | 11837/18408 [14:38<08:19, 13.17it/s]
 64%|██████▍   | 11839/18408 [14:38<07:52, 13.91it/s]
 64%|██████▍   | 11841/18408 [14:38<07:47, 14.06it/s]
 64%|██████▍   | 11843/18408 [14:38<08:05, 13.51it/s]
 64%|██████▍   | 11845/18408 [14:38<07:58, 13.71it/s]
 64%|██████▍   | 11847/18408 [14:38<07:50, 13.95it/s]
 64%|██████▍   | 11849/18408 [14:39<07:33, 14.47it/s]
                                                     
{'loss': '0.5855', 'grad_norm': '4.833', 'learning_rate': '7.165e-06', 'epoch': '1.931'}

 64%|██████▍   | 11850/18408 [14:39<07:33, 14.47it/s]
 64%|██████▍   | 11851/18408 [14:39<08:14, 13.26it/s]
 64%|██████▍   | 11853/18408 [14:39<07:56, 13.75it/s]
 64%|██████▍   | 11855/18408 [14:39<07:38, 14.30it/s]
 64%|██████▍   | 11857/18408 [14:39<07:31, 14.50it/s]
 64%|██████▍   | 11859/18408 [14:39<07:30, 14.55it/s]
 64%|██████▍   | 11861/18408 [14:39<07:16, 15.01it/s]
 64%|██████▍   | 11863/18408 [14:40<07:33, 14.42it/s]
 64%|██████▍   | 11865/18408 [14:40<07:19, 14.89it/s]
 64%|██████▍   | 11867/18408 [14:40<07:16, 14.97it/s]
 64%|██████▍   | 11869/18408 [14:40<07:09, 15.23it/s]
 64%|██████▍   | 11871/18408 [14:40<07:24, 14.70it/s]
 64%|██████▍   | 11873/18408 [14:40<07:19, 14.86it/s]
 65%|██████▍   | 11875/18408 [14:40<07:16, 14.97it/s]
 65%|██████▍   | 11877/18408 [14:40<07:12, 15.11it/s]
 65%|██████▍   | 11879/18408 [14:41<07:24, 14.69it/s]
 65%|██████▍   | 11881/18408 [14:41<07:21, 14.79it/s]
 65%|██████▍   | 11883/18408 [14:41<07:10, 15.16it/s]
 65%|██████▍   | 11885/18408 [14:41<08:29, 12.79it/s]
 65%|██████▍   | 11887/18408 [14:41<08:11, 13.27it/s]
 65%|██████▍   | 11889/18408 [14:41<07:58, 13.61it/s]
 65%|██████▍   | 11891/18408 [14:42<07:47, 13.95it/s]
 65%|██████▍   | 11893/18408 [14:42<07:30, 14.45it/s]
 65%|██████▍   | 11895/18408 [14:42<07:24, 14.66it/s]
 65%|██████▍   | 11897/18408 [14:42<07:20, 14.78it/s]
 65%|██████▍   | 11899/18408 [14:42<07:24, 14.64it/s]
                                                     
{'loss': '0.6166', 'grad_norm': '4.747', 'learning_rate': '7.111e-06', 'epoch': '1.939'}

 65%|██████▍   | 11900/18408 [14:42<07:24, 14.64it/s]
 65%|██████▍   | 11901/18408 [14:42<07:18, 14.85it/s]
 65%|██████▍   | 11903/18408 [14:42<07:50, 13.83it/s]
 65%|██████▍   | 11905/18408 [14:42<07:32, 14.38it/s]
 65%|██████▍   | 11907/18408 [14:43<07:19, 14.81it/s]
 65%|██████▍   | 11909/18408 [14:43<07:31, 14.38it/s]
 65%|██████▍   | 11911/18408 [14:43<07:26, 14.57it/s]
 65%|██████▍   | 11913/18408 [14:43<08:40, 12.47it/s]
 65%|██████▍   | 11915/18408 [14:43<08:13, 13.16it/s]
 65%|██████▍   | 11917/18408 [14:43<08:23, 12.89it/s]
 65%|██████▍   | 11919/18408 [14:44<08:00, 13.49it/s]
 65%|██████▍   | 11921/18408 [14:44<07:51, 13.75it/s]
 65%|██████▍   | 11923/18408 [14:44<07:35, 14.25it/s]
 65%|██████▍   | 11925/18408 [14:44<07:53, 13.70it/s]
 65%|██████▍   | 11927/18408 [14:44<07:32, 14.33it/s]
 65%|██████▍   | 11929/18408 [14:44<07:31, 14.34it/s]
 65%|██████▍   | 11931/18408 [14:44<07:25, 14.55it/s]
 65%|██████▍   | 11933/18408 [14:44<07:41, 14.02it/s]
 65%|██████▍   | 11935/18408 [14:45<07:28, 14.42it/s]
 65%|██████▍   | 11937/18408 [14:45<07:39, 14.08it/s]
 65%|██████▍   | 11939/18408 [14:45<07:41, 14.02it/s]
 65%|██████▍   | 11941/18408 [14:45<07:46, 13.88it/s]
 65%|██████▍   | 11943/18408 [14:45<07:59, 13.48it/s]
 65%|██████▍   | 11945/18408 [14:45<08:09, 13.20it/s]
 65%|██████▍   | 11947/18408 [14:46<07:45, 13.89it/s]
 65%|██████▍   | 11949/18408 [14:46<07:39, 14.05it/s]
                                                     
{'loss': '0.578', 'grad_norm': '3.307', 'learning_rate': '7.056e-06', 'epoch': '1.948'}

 65%|██████▍   | 11950/18408 [14:46<07:39, 14.05it/s]
 65%|██████▍   | 11951/18408 [14:46<07:31, 14.29it/s]
 65%|██████▍   | 11953/18408 [14:46<07:12, 14.93it/s]
 65%|██████▍   | 11955/18408 [14:46<07:22, 14.60it/s]
 65%|██████▍   | 11957/18408 [14:46<07:40, 14.01it/s]
 65%|██████▍   | 11959/18408 [14:46<07:51, 13.67it/s]
 65%|██████▍   | 11961/18408 [14:46<07:35, 14.14it/s]
 65%|██████▍   | 11963/18408 [14:47<07:23, 14.54it/s]
 65%|██████▍   | 11965/18408 [14:47<07:11, 14.94it/s]
 65%|██████▌   | 11967/18408 [14:47<07:21, 14.60it/s]
 65%|██████▌   | 11969/18408 [14:47<07:16, 14.75it/s]
 65%|██████▌   | 11971/18408 [14:47<07:12, 14.89it/s]
 65%|██████▌   | 11973/18408 [14:47<07:09, 14.97it/s]
 65%|██████▌   | 11975/18408 [14:47<07:00, 15.32it/s]
 65%|██████▌   | 11977/18408 [14:48<07:09, 14.98it/s]
 65%|██████▌   | 11979/18408 [14:48<07:12, 14.88it/s]
 65%|██████▌   | 11981/18408 [14:48<07:12, 14.87it/s]
 65%|██████▌   | 11983/18408 [14:48<07:19, 14.63it/s]
 65%|██████▌   | 11985/18408 [14:48<07:24, 14.45it/s]
 65%|██████▌   | 11987/18408 [14:48<07:11, 14.89it/s]
 65%|██████▌   | 11989/18408 [14:48<07:10, 14.91it/s]
 65%|██████▌   | 11991/18408 [14:48<07:20, 14.56it/s]
 65%|██████▌   | 11993/18408 [14:49<07:25, 14.40it/s]
 65%|██████▌   | 11995/18408 [14:49<07:24, 14.43it/s]
 65%|██████▌   | 11997/18408 [14:49<07:25, 14.39it/s]
 65%|██████▌   | 11999/18408 [14:49<07:30, 14.23it/s]
                                                     
{'loss': '0.597', 'grad_norm': '3.483', 'learning_rate': '7.001e-06', 'epoch': '1.956'}

 65%|██████▌   | 12000/18408 [14:49<07:30, 14.23it/s]

  0%|          | 0/39 [00:00<?, ?it/s][A

 31%|███       | 12/39 [00:00<00:00, 115.56it/s][A

 62%|██████▏   | 24/39 [00:00<00:00, 110.62it/s][A

 92%|█████████▏| 36/39 [00:00<00:00, 113.02it/s][A
                                                     

                                                
[A{'eval_loss': '0.5846', 'eval_accuracy': '0.7635', 'eval_precision': '0.7712', 'eval_recall': '0.7635', 'eval_f1_weighted': '0.7644', 'eval_f1_macro': '0.7644', 'eval_runtime': '0.7657', 'eval_samples_per_second': '3252', 'eval_steps_per_second': '50.93', 'epoch': '1.956'}

 65%|██████▌   | 12000/18408 [14:50<07:30, 14.23it/s]

100%|██████████| 39/39 [00:00<00:00, 113.02it/s][A

                                                [A

Writing model shards:   0%|          | 0/1 [00:00<?, ?it/s][A

Writing model shards: 100%|██████████| 1/1 [00:01<00:00,  1.40s/it][A
Writing model shards: 100%|██████████| 1/1 [00:01<00:00,  1.40s/it]

 65%|██████▌   | 12001/18408 [14:52<46:11,  2.31it/s]
 65%|██████▌   | 12003/18408 [14:52<34:21,  3.11it/s]
 65%|██████▌   | 12005/18408 [14:52<26:07,  4.08it/s]
 65%|██████▌   | 12007/18408 [14:52<20:17,  5.26it/s]
 65%|██████▌   | 12009/18408 [14:52<16:54,  6.31it/s]
 65%|██████▌   | 12011/18408 [14:52<13:47,  7.73it/s]
 65%|██████▌   | 12013/18408 [14:52<11:44,  9.08it/s]
 65%|██████▌   | 12015/18408 [14:53<10:17, 10.35it/s]
 65%|██████▌   | 12017/18408 [14:53<09:11, 11.59it/s]
 65%|██████▌   | 12019/18408 [14:53<09:24, 11.31it/s]
 65%|██████▌   | 12021/18408 [14:53<09:03, 11.75it/s]
 65%|██████▌   | 12023/18408 [14:53<08:37, 12.35it/s]
 65%|██████▌   | 12025/18408 [14:53<08:00, 13.28it/s]
 65%|██████▌   | 12027/18408 [14:53<07:54, 13.46it/s]
 65%|██████▌   | 12029/18408 [14:54<07:31, 14.13it/s]
 65%|██████▌   | 12031/18408 [14:54<07:21, 14.44it/s]
 65%|██████▌   | 12033/18408 [14:54<07:12, 14.72it/s]
 65%|██████▌   | 12035/18408 [14:54<07:03, 15.06it/s]
 65%|██████▌   | 12037/18408 [14:54<07:03, 15.06it/s]
 65%|██████▌   | 12039/18408 [14:54<07:16, 14.58it/s]
 65%|██████▌   | 12041/18408 [14:54<07:16, 14.59it/s]
 65%|██████▌   | 12043/18408 [14:54<07:13, 14.70it/s]
 65%|██████▌   | 12045/18408 [14:55<07:13, 14.67it/s]
 65%|██████▌   | 12047/18408 [14:55<07:13, 14.69it/s]
 65%|██████▌   | 12049/18408 [14:55<07:00, 15.11it/s]
                                                     
{'loss': '0.5879', 'grad_norm': '4.292', 'learning_rate': '6.947e-06', 'epoch': '1.964'}

 65%|██████▌   | 12050/18408 [14:55<07:00, 15.11it/s]
 65%|██████▌   | 12051/18408 [14:55<07:25, 14.27it/s]
 65%|██████▌   | 12053/18408 [14:55<07:09, 14.80it/s]
 65%|██████▌   | 12055/18408 [14:55<07:29, 14.13it/s]
 65%|██████▌   | 12057/18408 [14:55<07:22, 14.37it/s]
 66%|██████▌   | 12059/18408 [14:56<08:07, 13.03it/s]
 66%|██████▌   | 12061/18408 [14:56<07:47, 13.58it/s]
 66%|██████▌   | 12063/18408 [14:56<08:04, 13.10it/s]
 66%|██████▌   | 12065/18408 [14:56<08:07, 13.00it/s]
 66%|██████▌   | 12067/18408 [14:56<07:44, 13.66it/s]
 66%|██████▌   | 12069/18408 [14:56<07:31, 14.05it/s]
 66%|██████▌   | 12071/18408 [14:57<07:48, 13.51it/s]
 66%|██████▌   | 12073/18408 [14:57<07:37, 13.83it/s]
 66%|██████▌   | 12075/18408 [14:57<07:31, 14.04it/s]
 66%|██████▌   | 12077/18408 [14:57<07:13, 14.60it/s]
 66%|██████▌   | 12079/18408 [14:57<07:09, 14.73it/s]
 66%|██████▌   | 12081/18408 [14:57<06:59, 15.08it/s]
 66%|██████▌   | 12083/18408 [14:57<07:03, 14.92it/s]
 66%|██████▌   | 12085/18408 [14:57<07:00, 15.05it/s]
 66%|██████▌   | 12087/18408 [14:58<07:09, 14.70it/s]
 66%|██████▌   | 12089/18408 [14:58<07:05, 14.86it/s]
 66%|██████▌   | 12091/18408 [14:58<07:06, 14.82it/s]
 66%|██████▌   | 12093/18408 [14:58<07:04, 14.87it/s]
 66%|██████▌   | 12095/18408 [14:58<07:04, 14.88it/s]
 66%|██████▌   | 12097/18408 [14:58<08:23, 12.55it/s]
 66%|██████▌   | 12099/18408 [14:58<07:52, 13.35it/s]
                                                     
{'loss': '0.5818', 'grad_norm': '4.121', 'learning_rate': '6.892e-06', 'epoch': '1.972'}

 66%|██████▌   | 12100/18408 [14:59<07:52, 13.35it/s]
 66%|██████▌   | 12101/18408 [14:59<08:12, 12.80it/s]
 66%|██████▌   | 12103/18408 [14:59<07:43, 13.62it/s]
 66%|██████▌   | 12105/18408 [14:59<07:38, 13.74it/s]
 66%|██████▌   | 12107/18408 [14:59<07:24, 14.18it/s]
 66%|██████▌   | 12109/18408 [14:59<07:14, 14.49it/s]
 66%|██████▌   | 12111/18408 [14:59<07:14, 14.49it/s]
 66%|██████▌   | 12113/18408 [14:59<07:02, 14.91it/s]
 66%|██████▌   | 12115/18408 [15:00<07:13, 14.51it/s]
 66%|██████▌   | 12117/18408 [15:00<07:17, 14.39it/s]
 66%|██████▌   | 12119/18408 [15:00<07:10, 14.62it/s]
 66%|██████▌   | 12121/18408 [15:00<07:20, 14.28it/s]
 66%|██████▌   | 12123/18408 [15:00<07:21, 14.23it/s]
 66%|██████▌   | 12125/18408 [15:00<07:35, 13.79it/s]
 66%|██████▌   | 12127/18408 [15:00<07:30, 13.94it/s]
 66%|██████▌   | 12129/18408 [15:01<08:14, 12.69it/s]
 66%|██████▌   | 12131/18408 [15:01<07:48, 13.41it/s]
 66%|██████▌   | 12133/18408 [15:01<07:46, 13.46it/s]
 66%|██████▌   | 12135/18408 [15:01<07:55, 13.19it/s]
 66%|██████▌   | 12137/18408 [15:01<07:31, 13.88it/s]
 66%|██████▌   | 12139/18408 [15:01<07:17, 14.34it/s]
 66%|██████▌   | 12141/18408 [15:01<07:51, 13.29it/s]
 66%|██████▌   | 12143/18408 [15:02<07:35, 13.77it/s]
 66%|██████▌   | 12145/18408 [15:02<07:23, 14.13it/s]
 66%|██████▌   | 12147/18408 [15:02<07:27, 13.99it/s]
 66%|██████▌   | 12149/18408 [15:02<07:31, 13.87it/s]
                                                     
{'loss': '0.5963', 'grad_norm': '4.137', 'learning_rate': '6.837e-06', 'epoch': '1.98'}

 66%|██████▌   | 12150/18408 [15:02<07:31, 13.87it/s]
 66%|██████▌   | 12151/18408 [15:02<07:21, 14.17it/s]
 66%|██████▌   | 12153/18408 [15:02<07:33, 13.79it/s]
 66%|██████▌   | 12155/18408 [15:02<07:31, 13.86it/s]
 66%|██████▌   | 12157/18408 [15:03<07:17, 14.30it/s]
 66%|██████▌   | 12159/18408 [15:03<07:21, 14.15it/s]
 66%|██████▌   | 12161/18408 [15:03<07:15, 14.34it/s]
 66%|██████▌   | 12163/18408 [15:03<07:23, 14.08it/s]
 66%|██████▌   | 12165/18408 [15:03<07:30, 13.86it/s]
 66%|██████▌   | 12167/18408 [15:03<07:19, 14.20it/s]
 66%|██████▌   | 12169/18408 [15:03<07:21, 14.13it/s]
 66%|██████▌   | 12171/18408 [15:04<07:34, 13.72it/s]
 66%|██████▌   | 12173/18408 [15:04<07:25, 13.99it/s]
 66%|██████▌   | 12175/18408 [15:04<07:27, 13.94it/s]
 66%|██████▌   | 12177/18408 [15:04<07:15, 14.30it/s]
 66%|██████▌   | 12179/18408 [15:04<07:14, 14.35it/s]
 66%|██████▌   | 12181/18408 [15:04<07:04, 14.66it/s]
 66%|██████▌   | 12183/18408 [15:04<07:26, 13.95it/s]
 66%|██████▌   | 12185/18408 [15:05<07:08, 14.54it/s]
 66%|██████▌   | 12187/18408 [15:05<06:53, 15.04it/s]
 66%|██████▌   | 12189/18408 [15:05<06:54, 15.00it/s]
 66%|██████▌   | 12191/18408 [15:05<06:57, 14.90it/s]
 66%|██████▌   | 12193/18408 [15:05<07:10, 14.45it/s]
 66%|██████▌   | 12195/18408 [15:05<07:02, 14.70it/s]
 66%|██████▋   | 12197/18408 [15:05<06:50, 15.14it/s]
 66%|██████▋   | 12199/18408 [15:06<06:47, 15.22it/s]
                                                     
{'loss': '0.6046', 'grad_norm': '3.608', 'learning_rate': '6.783e-06', 'epoch': '1.988'}

 66%|██████▋   | 12200/18408 [15:06<06:47, 15.22it/s]
 66%|██████▋   | 12201/18408 [15:06<06:40, 15.50it/s]
 66%|██████▋   | 12203/18408 [15:06<07:00, 14.77it/s]
 66%|██████▋   | 12205/18408 [15:06<06:56, 14.88it/s]
 66%|██████▋   | 12207/18408 [15:06<06:55, 14.91it/s]
 66%|██████▋   | 12209/18408 [15:06<06:49, 15.15it/s]
 66%|██████▋   | 12211/18408 [15:06<06:50, 15.10it/s]
 66%|██████▋   | 12213/18408 [15:06<06:49, 15.14it/s]
 66%|██████▋   | 12215/18408 [15:07<06:56, 14.85it/s]
 66%|██████▋   | 12217/18408 [15:07<06:45, 15.26it/s]
 66%|██████▋   | 12219/18408 [15:07<07:06, 14.51it/s]
 66%|██████▋   | 12221/18408 [15:07<06:56, 14.85it/s]
 66%|██████▋   | 12223/18408 [15:07<06:56, 14.84it/s]
 66%|██████▋   | 12225/18408 [15:07<07:02, 14.65it/s]
 66%|██████▋   | 12227/18408 [15:07<07:07, 14.44it/s]
 66%|██████▋   | 12229/18408 [15:08<06:54, 14.92it/s]
 66%|██████▋   | 12231/18408 [15:08<07:00, 14.68it/s]
 66%|██████▋   | 12233/18408 [15:08<07:11, 14.30it/s]
 66%|██████▋   | 12235/18408 [15:08<06:57, 14.79it/s]
 66%|██████▋   | 12237/18408 [15:08<06:44, 15.26it/s]
 66%|██████▋   | 12239/18408 [15:08<06:50, 15.01it/s]
 66%|██████▋   | 12241/18408 [15:08<06:49, 15.07it/s]
 67%|██████▋   | 12243/18408 [15:08<06:48, 15.10it/s]
 67%|██████▋   | 12245/18408 [15:09<06:46, 15.16it/s]
 67%|██████▋   | 12247/18408 [15:09<06:44, 15.23it/s]
 67%|██████▋   | 12249/18408 [15:09<06:44, 15.24it/s]
                                                     
{'loss': '0.5646', 'grad_norm': '3.51', 'learning_rate': '6.728e-06', 'epoch': '1.996'}

 67%|██████▋   | 12250/18408 [15:09<06:44, 15.24it/s]
 67%|██████▋   | 12251/18408 [15:09<07:01, 14.60it/s]
 67%|██████▋   | 12253/18408 [15:09<06:51, 14.95it/s]
 67%|██████▋   | 12255/18408 [15:09<07:14, 14.17it/s]
 67%|██████▋   | 12257/18408 [15:09<06:57, 14.72it/s]
 67%|██████▋   | 12259/18408 [15:10<06:54, 14.82it/s]
 67%|██████▋   | 12261/18408 [15:10<06:54, 14.85it/s]
 67%|██████▋   | 12263/18408 [15:10<06:57, 14.73it/s]
 67%|██████▋   | 12265/18408 [15:10<06:45, 15.14it/s]
 67%|██████▋   | 12267/18408 [15:10<07:39, 13.38it/s]
 67%|██████▋   | 12269/18408 [15:10<08:09, 12.55it/s]
 67%|██████▋   | 12271/18408 [15:10<08:04, 12.66it/s]
 67%|██████▋   | 12273/18408 [15:11<13:35,  7.53it/s]
 67%|██████▋   | 12275/18408 [15:11<11:54,  8.58it/s]
 67%|██████▋   | 12277/18408 [15:11<10:29,  9.75it/s]
 67%|██████▋   | 12279/18408 [15:11<09:19, 10.96it/s]
 67%|██████▋   | 12281/18408 [15:12<08:29, 12.03it/s]
 67%|██████▋   | 12283/18408 [15:12<08:09, 12.51it/s]
 67%|██████▋   | 12285/18408 [15:12<07:44, 13.19it/s]
 67%|██████▋   | 12287/18408 [15:12<07:35, 13.43it/s]
 67%|██████▋   | 12289/18408 [15:12<07:42, 13.24it/s]
 67%|██████▋   | 12291/18408 [15:12<07:16, 14.01it/s]
 67%|██████▋   | 12293/18408 [15:12<07:16, 14.02it/s]
 67%|██████▋   | 12295/18408 [15:13<07:09, 14.23it/s]
 67%|██████▋   | 12297/18408 [15:13<07:05, 14.36it/s]
 67%|██████▋   | 12299/18408 [15:13<07:14, 14.07it/s]
                                                     
{'loss': '0.5713', 'grad_norm': '4.14', 'learning_rate': '6.674e-06', 'epoch': '2.005'}

 67%|██████▋   | 12300/18408 [15:13<07:14, 14.07it/s]
 67%|██████▋   | 12301/18408 [15:13<07:00, 14.53it/s]
 67%|██████▋   | 12303/18408 [15:13<06:46, 15.03it/s]
 67%|██████▋   | 12305/18408 [15:13<06:38, 15.31it/s]
 67%|██████▋   | 12307/18408 [15:13<06:33, 15.49it/s]
 67%|██████▋   | 12309/18408 [15:13<06:29, 15.65it/s]
 67%|██████▋   | 12311/18408 [15:14<06:33, 15.48it/s]
 67%|██████▋   | 12313/18408 [15:14<06:29, 15.64it/s]
 67%|██████▋   | 12315/18408 [15:14<06:38, 15.28it/s]
 67%|██████▋   | 12317/18408 [15:14<06:40, 15.22it/s]
 67%|██████▋   | 12319/18408 [15:14<06:42, 15.11it/s]
 67%|██████▋   | 12321/18408 [15:14<07:18, 13.87it/s]
 67%|██████▋   | 12323/18408 [15:14<07:18, 13.89it/s]
 67%|██████▋   | 12325/18408 [15:15<07:23, 13.70it/s]
 67%|██████▋   | 12327/18408 [15:15<07:05, 14.30it/s]
 67%|██████▋   | 12329/18408 [15:15<07:10, 14.11it/s]
 67%|██████▋   | 12331/18408 [15:15<08:05, 12.51it/s]
 67%|██████▋   | 12333/18408 [15:15<07:50, 12.91it/s]
 67%|██████▋   | 12335/18408 [15:15<07:22, 13.73it/s]
 67%|██████▋   | 12337/18408 [15:15<07:02, 14.36it/s]
 67%|██████▋   | 12339/18408 [15:16<07:01, 14.41it/s]
 67%|██████▋   | 12341/18408 [15:16<07:05, 14.26it/s]
 67%|██████▋   | 12343/18408 [15:16<06:54, 14.64it/s]
 67%|██████▋   | 12345/18408 [15:16<06:50, 14.76it/s]
 67%|██████▋   | 12347/18408 [15:16<07:04, 14.28it/s]
 67%|██████▋   | 12349/18408 [15:16<06:49, 14.78it/s]
                                                     
{'loss': '0.5501', 'grad_norm': '5.008', 'learning_rate': '6.619e-06', 'epoch': '2.013'}

 67%|██████▋   | 12350/18408 [15:16<06:49, 14.78it/s]
 67%|██████▋   | 12351/18408 [15:16<06:48, 14.82it/s]
 67%|██████▋   | 12353/18408 [15:17<06:39, 15.16it/s]
 67%|██████▋   | 12355/18408 [15:17<06:55, 14.56it/s]
 67%|██████▋   | 12357/18408 [15:17<06:49, 14.76it/s]
 67%|██████▋   | 12359/18408 [15:17<06:52, 14.66it/s]
 67%|██████▋   | 12361/18408 [15:17<07:04, 14.23it/s]
 67%|██████▋   | 12363/18408 [15:17<06:57, 14.48it/s]
 67%|██████▋   | 12365/18408 [15:17<06:48, 14.78it/s]
 67%|██████▋   | 12367/18408 [15:17<07:03, 14.27it/s]
 67%|██████▋   | 12369/18408 [15:18<06:57, 14.46it/s]
 67%|██████▋   | 12371/18408 [15:18<06:57, 14.47it/s]
 67%|██████▋   | 12373/18408 [15:18<07:05, 14.19it/s]
 67%|██████▋   | 12375/18408 [15:18<06:57, 14.44it/s]
 67%|██████▋   | 12377/18408 [15:18<06:47, 14.81it/s]
 67%|██████▋   | 12379/18408 [15:18<06:56, 14.48it/s]
 67%|██████▋   | 12381/18408 [15:18<06:54, 14.54it/s]
 67%|██████▋   | 12383/18408 [15:19<06:43, 14.92it/s]
 67%|██████▋   | 12385/18408 [15:19<06:50, 14.66it/s]
 67%|██████▋   | 12387/18408 [15:19<06:43, 14.94it/s]
 67%|██████▋   | 12389/18408 [15:19<06:59, 14.36it/s]
 67%|██████▋   | 12391/18408 [15:19<06:45, 14.85it/s]
 67%|██████▋   | 12393/18408 [15:19<06:51, 14.63it/s]
 67%|██████▋   | 12395/18408 [15:19<06:44, 14.86it/s]
 67%|██████▋   | 12397/18408 [15:20<06:46, 14.78it/s]
 67%|██████▋   | 12399/18408 [15:20<06:45, 14.83it/s]
                                                     
{'loss': '0.5231', 'grad_norm': '18.41', 'learning_rate': '6.564e-06', 'epoch': '2.021'}

 67%|██████▋   | 12400/18408 [15:20<06:45, 14.83it/s]
 67%|██████▋   | 12401/18408 [15:20<07:21, 13.60it/s]
 67%|██████▋   | 12403/18408 [15:20<07:08, 14.02it/s]
 67%|██████▋   | 12405/18408 [15:20<06:59, 14.30it/s]
 67%|██████▋   | 12407/18408 [15:20<06:46, 14.78it/s]
 67%|██████▋   | 12409/18408 [15:20<06:45, 14.80it/s]
 67%|██████▋   | 12411/18408 [15:20<06:35, 15.16it/s]
 67%|██████▋   | 12413/18408 [15:21<06:28, 15.45it/s]
 67%|██████▋   | 12415/18408 [15:21<06:29, 15.39it/s]
 67%|██████▋   | 12417/18408 [15:21<06:25, 15.54it/s]
 67%|██████▋   | 12419/18408 [15:21<06:37, 15.06it/s]
 67%|██████▋   | 12421/18408 [15:21<06:50, 14.57it/s]
 67%|██████▋   | 12423/18408 [15:21<06:52, 14.49it/s]
 67%|██████▋   | 12425/18408 [15:21<07:03, 14.13it/s]
 68%|██████▊   | 12427/18408 [15:22<06:51, 14.54it/s]
 68%|██████▊   | 12429/18408 [15:22<06:45, 14.73it/s]
 68%|██████▊   | 12431/18408 [15:22<06:55, 14.39it/s]
 68%|██████▊   | 12433/18408 [15:22<06:47, 14.67it/s]
 68%|██████▊   | 12435/18408 [15:22<06:38, 14.98it/s]
 68%|██████▊   | 12437/18408 [15:22<06:32, 15.22it/s]
 68%|██████▊   | 12439/18408 [15:22<06:33, 15.18it/s]
 68%|██████▊   | 12441/18408 [15:23<06:34, 15.13it/s]
 68%|██████▊   | 12443/18408 [15:23<07:29, 13.28it/s]
 68%|██████▊   | 12445/18408 [15:23<07:25, 13.39it/s]
 68%|██████▊   | 12447/18408 [15:23<07:12, 13.77it/s]
 68%|██████▊   | 12449/18408 [15:23<06:58, 14.24it/s]
                                                     
{'loss': '0.5554', 'grad_norm': '5.396', 'learning_rate': '6.51e-06', 'epoch': '2.029'}

 68%|██████▊   | 12450/18408 [15:23<06:58, 14.24it/s]
 68%|██████▊   | 12451/18408 [15:23<07:31, 13.21it/s]
 68%|██████▊   | 12453/18408 [15:23<07:08, 13.89it/s]
 68%|██████▊   | 12455/18408 [15:24<06:46, 14.65it/s]
 68%|██████▊   | 12457/18408 [15:24<06:30, 15.22it/s]
 68%|██████▊   | 12459/18408 [15:24<06:43, 14.76it/s]
 68%|██████▊   | 12461/18408 [15:24<06:34, 15.06it/s]
 68%|██████▊   | 12463/18408 [15:24<06:28, 15.29it/s]
 68%|██████▊   | 12465/18408 [15:24<06:17, 15.74it/s]
 68%|██████▊   | 12467/18408 [15:24<06:25, 15.42it/s]
 68%|██████▊   | 12469/18408 [15:24<06:48, 14.53it/s]
 68%|██████▊   | 12471/18408 [15:25<06:49, 14.52it/s]
 68%|██████▊   | 12473/18408 [15:25<06:49, 14.51it/s]
 68%|██████▊   | 12475/18408 [15:25<06:44, 14.66it/s]
 68%|██████▊   | 12477/18408 [15:25<06:53, 14.36it/s]
 68%|██████▊   | 12479/18408 [15:25<06:49, 14.49it/s]
 68%|██████▊   | 12481/18408 [15:25<06:44, 14.65it/s]
 68%|██████▊   | 12483/18408 [15:25<06:38, 14.88it/s]
 68%|██████▊   | 12485/18408 [15:26<06:43, 14.67it/s]
 68%|██████▊   | 12487/18408 [15:26<06:40, 14.79it/s]
 68%|██████▊   | 12489/18408 [15:26<06:31, 15.12it/s]
 68%|██████▊   | 12491/18408 [15:26<06:35, 14.98it/s]
 68%|██████▊   | 12493/18408 [15:26<06:27, 15.26it/s]
 68%|██████▊   | 12495/18408 [15:26<06:32, 15.05it/s]
 68%|██████▊   | 12497/18408 [15:26<06:32, 15.05it/s]
 68%|██████▊   | 12499/18408 [15:26<06:26, 15.29it/s]
                                                     
{'loss': '0.5502', 'grad_norm': '3.877', 'learning_rate': '6.455e-06', 'epoch': '2.037'}

 68%|██████▊   | 12500/18408 [15:27<06:26, 15.29it/s]

  0%|          | 0/39 [00:00<?, ?it/s][A

 28%|██▊       | 11/39 [00:00<00:00, 108.94it/s][A

 56%|█████▋    | 22/39 [00:00<00:00, 107.21it/s][A

 87%|████████▋ | 34/39 [00:00<00:00, 111.41it/s][A
                                                     

                                                
[A{'eval_loss': '0.5856', 'eval_accuracy': '0.7655', 'eval_precision': '0.7694', 'eval_recall': '0.7655', 'eval_f1_weighted': '0.7662', 'eval_f1_macro': '0.7662', 'eval_runtime': '0.7694', 'eval_samples_per_second': '3236', 'eval_steps_per_second': '50.69', 'epoch': '2.037'}

 68%|██████▊   | 12500/18408 [15:27<06:26, 15.29it/s]

100%|██████████| 39/39 [00:00<00:00, 111.41it/s][A

                                                [A

Writing model shards:   0%|          | 0/1 [00:00<?, ?it/s][A

Writing model shards: 100%|██████████| 1/1 [00:01<00:00,  1.47s/it][A
Writing model shards: 100%|██████████| 1/1 [00:01<00:00,  1.47s/it]

 68%|██████▊   | 12501/18408 [15:29<43:57,  2.24it/s]
 68%|██████▊   | 12503/18408 [15:29<32:50,  3.00it/s]
 68%|██████▊   | 12505/18408 [15:29<24:53,  3.95it/s]
 68%|██████▊   | 12507/18408 [15:30<19:19,  5.09it/s]
 68%|██████▊   | 12509/18408 [15:30<15:29,  6.34it/s]
 68%|██████▊   | 12511/18408 [15:30<13:04,  7.51it/s]
 68%|██████▊   | 12513/18408 [15:30<11:06,  8.84it/s]
 68%|██████▊   | 12515/18408 [15:30<09:37, 10.20it/s]
 68%|██████▊   | 12517/18408 [15:30<08:34, 11.45it/s]
 68%|██████▊   | 12519/18408 [15:30<08:41, 11.29it/s]
 68%|██████▊   | 12521/18408 [15:31<08:16, 11.85it/s]
 68%|██████▊   | 12523/18408 [15:31<07:54, 12.40it/s]
 68%|██████▊   | 12525/18408 [15:31<07:32, 13.00it/s]
 68%|██████▊   | 12527/18408 [15:31<07:27, 13.16it/s]
 68%|██████▊   | 12529/18408 [15:31<07:36, 12.87it/s]
 68%|██████▊   | 12531/18408 [15:31<07:34, 12.92it/s]
 68%|██████▊   | 12533/18408 [15:31<07:26, 13.16it/s]
 68%|██████▊   | 12535/18408 [15:32<07:04, 13.84it/s]
 68%|██████▊   | 12537/18408 [15:32<06:56, 14.09it/s]
 68%|██████▊   | 12539/18408 [15:32<06:43, 14.55it/s]
 68%|██████▊   | 12541/18408 [15:32<06:44, 14.49it/s]
 68%|██████▊   | 12543/18408 [15:32<06:59, 13.98it/s]
 68%|██████▊   | 12545/18408 [15:32<07:05, 13.78it/s]
 68%|██████▊   | 12547/18408 [15:32<06:45, 14.46it/s]
 68%|██████▊   | 12549/18408 [15:33<06:31, 14.97it/s]
                                                     
{'loss': '0.5224', 'grad_norm': '5.094', 'learning_rate': '6.4e-06', 'epoch': '2.045'}

 68%|██████▊   | 12550/18408 [15:33<06:31, 14.97it/s]
 68%|██████▊   | 12551/18408 [15:33<06:31, 14.96it/s]
 68%|██████▊   | 12553/18408 [15:33<06:44, 14.48it/s]
 68%|██████▊   | 12555/18408 [15:33<06:52, 14.19it/s]
 68%|██████▊   | 12557/18408 [15:33<06:41, 14.58it/s]
 68%|██████▊   | 12559/18408 [15:33<06:37, 14.72it/s]
 68%|██████▊   | 12561/18408 [15:33<06:27, 15.09it/s]
 68%|██████▊   | 12563/18408 [15:33<06:42, 14.51it/s]
 68%|██████▊   | 12565/18408 [15:34<06:57, 13.99it/s]
 68%|██████▊   | 12567/18408 [15:34<06:41, 14.53it/s]
 68%|██████▊   | 12569/18408 [15:34<06:28, 15.03it/s]
 68%|██████▊   | 12571/18408 [15:34<06:46, 14.37it/s]
 68%|██████▊   | 12573/18408 [15:34<06:40, 14.56it/s]
 68%|██████▊   | 12575/18408 [15:34<06:35, 14.73it/s]
 68%|██████▊   | 12577/18408 [15:34<06:43, 14.44it/s]
 68%|██████▊   | 12579/18408 [15:35<06:31, 14.90it/s]
 68%|██████▊   | 12581/18408 [15:35<06:39, 14.59it/s]
 68%|██████▊   | 12583/18408 [15:35<06:54, 14.06it/s]
 68%|██████▊   | 12585/18408 [15:35<06:44, 14.39it/s]
 68%|██████▊   | 12587/18408 [15:35<06:56, 13.98it/s]
 68%|██████▊   | 12589/18408 [15:35<07:11, 13.49it/s]
 68%|██████▊   | 12591/18408 [15:35<07:12, 13.44it/s]
 68%|██████▊   | 12593/18408 [15:36<06:52, 14.10it/s]
 68%|██████▊   | 12595/18408 [15:36<06:36, 14.65it/s]
 68%|██████▊   | 12597/18408 [15:36<06:33, 14.77it/s]
 68%|██████▊   | 12599/18408 [15:36<06:22, 15.20it/s]
                                                     
{'loss': '0.5322', 'grad_norm': '3.716', 'learning_rate': '6.346e-06', 'epoch': '2.053'}

 68%|██████▊   | 12600/18408 [15:36<06:22, 15.20it/s]
 68%|██████▊   | 12601/18408 [15:36<06:18, 15.35it/s]
 68%|██████▊   | 12603/18408 [15:36<06:26, 15.03it/s]
 68%|██████▊   | 12605/18408 [15:36<06:32, 14.79it/s]
 68%|██████▊   | 12607/18408 [15:37<06:28, 14.92it/s]
 68%|██████▊   | 12609/18408 [15:37<06:28, 14.92it/s]
 69%|██████▊   | 12611/18408 [15:37<06:50, 14.12it/s]
 69%|██████▊   | 12613/18408 [15:37<07:04, 13.66it/s]
 69%|██████▊   | 12615/18408 [15:37<06:48, 14.19it/s]
 69%|██████▊   | 12617/18408 [15:37<06:56, 13.89it/s]
 69%|██████▊   | 12619/18408 [15:37<06:44, 14.30it/s]
 69%|██████▊   | 12621/18408 [15:37<06:29, 14.85it/s]
 69%|██████▊   | 12623/18408 [15:38<06:21, 15.16it/s]
 69%|██████▊   | 12625/18408 [15:38<06:14, 15.44it/s]
 69%|██████▊   | 12627/18408 [15:38<06:11, 15.55it/s]
 69%|██████▊   | 12629/18408 [15:38<06:43, 14.31it/s]
 69%|██████▊   | 12631/18408 [15:38<06:55, 13.90it/s]
 69%|██████▊   | 12633/18408 [15:38<07:19, 13.13it/s]
 69%|██████▊   | 12635/18408 [15:38<07:11, 13.38it/s]
 69%|██████▊   | 12637/18408 [15:39<07:09, 13.43it/s]
 69%|██████▊   | 12639/18408 [15:39<06:48, 14.12it/s]
 69%|██████▊   | 12641/18408 [15:39<06:32, 14.68it/s]
 69%|██████▊   | 12643/18408 [15:39<06:46, 14.19it/s]
 69%|██████▊   | 12645/18408 [15:39<06:34, 14.60it/s]
 69%|██████▊   | 12647/18408 [15:39<06:46, 14.16it/s]
 69%|██████▊   | 12649/18408 [15:39<06:38, 14.46it/s]
                                                     
{'loss': '0.535', 'grad_norm': '4.257', 'learning_rate': '6.291e-06', 'epoch': '2.062'}

 69%|██████▊   | 12650/18408 [15:40<06:38, 14.46it/s]
 69%|██████▊   | 12651/18408 [15:40<06:43, 14.27it/s]
 69%|██████▊   | 12653/18408 [15:40<06:36, 14.53it/s]
 69%|██████▊   | 12655/18408 [15:40<06:30, 14.74it/s]
 69%|██████▉   | 12657/18408 [15:40<06:43, 14.24it/s]
 69%|██████▉   | 12659/18408 [15:40<06:47, 14.12it/s]
 69%|██████▉   | 12661/18408 [15:40<06:33, 14.62it/s]
 69%|██████▉   | 12663/18408 [15:40<06:25, 14.91it/s]
 69%|██████▉   | 12665/18408 [15:41<06:39, 14.39it/s]
 69%|██████▉   | 12667/18408 [15:41<06:34, 14.57it/s]
 69%|██████▉   | 12669/18408 [15:41<06:30, 14.68it/s]
 69%|██████▉   | 12671/18408 [15:41<06:22, 15.00it/s]
 69%|██████▉   | 12673/18408 [15:41<06:33, 14.56it/s]
 69%|██████▉   | 12675/18408 [15:41<06:24, 14.91it/s]
 69%|██████▉   | 12677/18408 [15:41<06:33, 14.58it/s]
 69%|██████▉   | 12679/18408 [15:42<06:34, 14.52it/s]
 69%|██████▉   | 12681/18408 [15:42<06:32, 14.60it/s]
 69%|██████▉   | 12683/18408 [15:42<06:34, 14.53it/s]
 69%|██████▉   | 12685/18408 [15:42<06:34, 14.51it/s]
 69%|██████▉   | 12687/18408 [15:42<06:31, 14.60it/s]
 69%|██████▉   | 12689/18408 [15:42<06:32, 14.57it/s]
 69%|██████▉   | 12691/18408 [15:42<06:40, 14.29it/s]
 69%|██████▉   | 12693/18408 [15:42<06:38, 14.33it/s]
 69%|██████▉   | 12695/18408 [15:43<06:24, 14.84it/s]
 69%|██████▉   | 12697/18408 [15:43<06:16, 15.18it/s]
 69%|██████▉   | 12699/18408 [15:43<06:26, 14.79it/s]
                                                     
{'loss': '0.5487', 'grad_norm': '3.98', 'learning_rate': '6.237e-06', 'epoch': '2.07'}

 69%|██████▉   | 12700/18408 [15:43<06:26, 14.79it/s]
 69%|██████▉   | 12701/18408 [15:43<06:20, 15.00it/s]
 69%|██████▉   | 12703/18408 [15:43<06:30, 14.59it/s]
 69%|██████▉   | 12705/18408 [15:43<06:32, 14.54it/s]
 69%|██████▉   | 12707/18408 [15:43<06:34, 14.44it/s]
 69%|██████▉   | 12709/18408 [15:44<06:48, 13.94it/s]
 69%|██████▉   | 12711/18408 [15:44<06:34, 14.45it/s]
 69%|██████▉   | 12713/18408 [15:44<06:38, 14.29it/s]
 69%|██████▉   | 12715/18408 [15:44<06:33, 14.45it/s]
 69%|██████▉   | 12717/18408 [15:44<06:43, 14.09it/s]
 69%|██████▉   | 12719/18408 [15:44<06:35, 14.40it/s]
 69%|██████▉   | 12721/18408 [15:44<06:27, 14.68it/s]
 69%|██████▉   | 12723/18408 [15:45<06:56, 13.63it/s]
 69%|██████▉   | 12725/18408 [15:45<07:09, 13.24it/s]
 69%|██████▉   | 12727/18408 [15:45<06:45, 14.00it/s]
 69%|██████▉   | 12729/18408 [15:45<07:19, 12.93it/s]
 69%|██████▉   | 12731/18408 [15:45<06:59, 13.53it/s]
 69%|██████▉   | 12733/18408 [15:45<06:47, 13.93it/s]
 69%|██████▉   | 12735/18408 [15:45<06:51, 13.77it/s]
 69%|██████▉   | 12737/18408 [15:46<06:46, 13.94it/s]
 69%|██████▉   | 12739/18408 [15:46<06:53, 13.71it/s]
 69%|██████▉   | 12741/18408 [15:46<06:58, 13.54it/s]
 69%|██████▉   | 12743/18408 [15:46<06:40, 14.13it/s]
 69%|██████▉   | 12745/18408 [15:46<06:47, 13.90it/s]
 69%|██████▉   | 12747/18408 [15:46<06:38, 14.20it/s]
 69%|██████▉   | 12749/18408 [15:46<06:24, 14.72it/s]
                                                     
{'loss': '0.5572', 'grad_norm': '4.137', 'learning_rate': '6.182e-06', 'epoch': '2.078'}

 69%|██████▉   | 12750/18408 [15:47<06:24, 14.72it/s]
 69%|██████▉   | 12751/18408 [15:47<06:22, 14.80it/s]
 69%|██████▉   | 12753/18408 [15:47<06:42, 14.06it/s]
 69%|██████▉   | 12755/18408 [15:47<07:05, 13.27it/s]
 69%|██████▉   | 12757/18408 [15:47<06:48, 13.85it/s]
 69%|██████▉   | 12759/18408 [15:47<06:43, 14.01it/s]
 69%|██████▉   | 12761/18408 [15:47<06:33, 14.34it/s]
 69%|██████▉   | 12763/18408 [15:47<06:32, 14.40it/s]
 69%|██████▉   | 12765/18408 [15:48<06:38, 14.17it/s]
 69%|██████▉   | 12767/18408 [15:48<06:35, 14.27it/s]
 69%|██████▉   | 12769/18408 [15:48<06:21, 14.76it/s]
 69%|██████▉   | 12771/18408 [15:48<06:24, 14.65it/s]
 69%|██████▉   | 12773/18408 [15:48<06:14, 15.03it/s]
 69%|██████▉   | 12775/18408 [15:48<06:16, 14.97it/s]
 69%|██████▉   | 12777/18408 [15:48<06:15, 15.00it/s]
 69%|██████▉   | 12779/18408 [15:49<06:16, 14.93it/s]
 69%|██████▉   | 12781/18408 [15:49<06:15, 14.99it/s]
 69%|██████▉   | 12783/18408 [15:49<06:13, 15.08it/s]
 69%|██████▉   | 12785/18408 [15:49<06:08, 15.27it/s]
 69%|██████▉   | 12787/18408 [15:49<06:13, 15.03it/s]
 69%|██████▉   | 12789/18408 [15:49<06:25, 14.58it/s]
 69%|██████▉   | 12791/18408 [15:49<06:25, 14.57it/s]
 69%|██████▉   | 12793/18408 [15:49<06:15, 14.95it/s]
 70%|██████▉   | 12795/18408 [15:50<06:15, 14.97it/s]
 70%|██████▉   | 12797/18408 [15:50<06:14, 14.97it/s]
 70%|██████▉   | 12799/18408 [15:50<06:27, 14.47it/s]
                                                     
{'loss': '0.5362', 'grad_norm': '4.696', 'learning_rate': '6.127e-06', 'epoch': '2.086'}

 70%|██████▉   | 12800/18408 [15:50<06:27, 14.47it/s]
 70%|██████▉   | 12801/18408 [15:50<06:18, 14.82it/s]
 70%|██████▉   | 12803/18408 [15:50<06:09, 15.18it/s]
 70%|██████▉   | 12805/18408 [15:50<06:10, 15.12it/s]
 70%|██████▉   | 12807/18408 [15:50<06:05, 15.34it/s]
 70%|██████▉   | 12809/18408 [15:50<05:58, 15.61it/s]
 70%|██████▉   | 12811/18408 [15:51<06:29, 14.37it/s]
 70%|██████▉   | 12813/18408 [15:51<06:16, 14.85it/s]
 70%|██████▉   | 12815/18408 [15:51<06:14, 14.95it/s]
 70%|██████▉   | 12817/18408 [15:51<06:09, 15.12it/s]
 70%|██████▉   | 12819/18408 [15:51<06:13, 14.98it/s]
 70%|██████▉   | 12821/18408 [15:51<06:04, 15.31it/s]
 70%|██████▉   | 12823/18408 [15:51<06:09, 15.10it/s]
 70%|██████▉   | 12825/18408 [15:52<06:24, 14.54it/s]
 70%|██████▉   | 12827/18408 [15:52<06:13, 14.94it/s]
 70%|██████▉   | 12829/18408 [15:52<07:22, 12.61it/s]
 70%|██████▉   | 12831/18408 [15:52<06:53, 13.48it/s]
 70%|██████▉   | 12833/18408 [15:52<06:59, 13.28it/s]
 70%|██████▉   | 12835/18408 [15:52<06:35, 14.09it/s]
 70%|██████▉   | 12837/18408 [15:52<06:36, 14.04it/s]
 70%|██████▉   | 12839/18408 [15:53<06:38, 13.96it/s]
 70%|██████▉   | 12841/18408 [15:53<06:38, 13.95it/s]
 70%|██████▉   | 12843/18408 [15:53<06:29, 14.30it/s]
 70%|██████▉   | 12845/18408 [15:53<06:34, 14.09it/s]
 70%|██████▉   | 12847/18408 [15:53<06:31, 14.20it/s]
 70%|██████▉   | 12849/18408 [15:53<07:24, 12.52it/s]
                                                     
{'loss': '0.555', 'grad_norm': '5.888', 'learning_rate': '6.073e-06', 'epoch': '2.094'}

 70%|██████▉   | 12850/18408 [15:53<07:23, 12.52it/s]
 70%|██████▉   | 12851/18408 [15:54<07:01, 13.18it/s]
 70%|██████▉   | 12853/18408 [15:54<06:47, 13.64it/s]
 70%|██████▉   | 12855/18408 [15:54<06:39, 13.89it/s]
 70%|██████▉   | 12857/18408 [15:54<06:25, 14.38it/s]
 70%|██████▉   | 12859/18408 [15:54<06:24, 14.43it/s]
 70%|██████▉   | 12861/18408 [15:54<06:15, 14.78it/s]
 70%|██████▉   | 12863/18408 [15:54<06:23, 14.45it/s]
 70%|██████▉   | 12865/18408 [15:54<06:10, 14.95it/s]
 70%|██████▉   | 12867/18408 [15:55<06:08, 15.04it/s]
 70%|██████▉   | 12869/18408 [15:55<06:04, 15.18it/s]
 70%|██████▉   | 12871/18408 [15:55<05:58, 15.42it/s]
 70%|██████▉   | 12873/18408 [15:55<06:02, 15.26it/s]
 70%|██████▉   | 12875/18408 [15:55<05:58, 15.43it/s]
 70%|██████▉   | 12877/18408 [15:55<06:19, 14.57it/s]
 70%|██████▉   | 12879/18408 [15:55<06:36, 13.94it/s]
 70%|██████▉   | 12881/18408 [15:56<06:40, 13.79it/s]
 70%|██████▉   | 12883/18408 [15:56<06:28, 14.22it/s]
 70%|██████▉   | 12885/18408 [15:56<06:27, 14.26it/s]
 70%|███████   | 12887/18408 [15:56<06:54, 13.32it/s]
 70%|███████   | 12889/18408 [15:56<07:02, 13.07it/s]
 70%|███████   | 12891/18408 [15:56<07:28, 12.29it/s]
 70%|███████   | 12893/18408 [15:56<07:10, 12.80it/s]
 70%|███████   | 12895/18408 [15:57<06:51, 13.40it/s]
 70%|███████   | 12897/18408 [15:57<06:36, 13.89it/s]
 70%|███████   | 12899/18408 [15:57<06:24, 14.32it/s]
                                                     
{'loss': '0.5486', 'grad_norm': '4.176', 'learning_rate': '6.018e-06', 'epoch': '2.102'}

 70%|███████   | 12900/18408 [15:57<06:24, 14.32it/s]
 70%|███████   | 12901/18408 [15:57<06:16, 14.64it/s]
 70%|███████   | 12903/18408 [15:57<06:13, 14.74it/s]
 70%|███████   | 12905/18408 [15:57<06:15, 14.67it/s]
 70%|███████   | 12907/18408 [15:57<06:10, 14.83it/s]
 70%|███████   | 12909/18408 [15:58<06:05, 15.04it/s]
 70%|███████   | 12911/18408 [15:58<06:22, 14.36it/s]
 70%|███████   | 12913/18408 [15:58<06:18, 14.53it/s]
 70%|███████   | 12915/18408 [15:58<06:12, 14.74it/s]
 70%|███████   | 12917/18408 [15:58<06:12, 14.76it/s]
 70%|███████   | 12919/18408 [15:58<06:21, 14.40it/s]
 70%|███████   | 12921/18408 [15:58<06:26, 14.21it/s]
 70%|███████   | 12923/18408 [15:59<06:28, 14.13it/s]
 70%|███████   | 12925/18408 [15:59<06:31, 14.00it/s]
 70%|███████   | 12927/18408 [15:59<06:24, 14.25it/s]
 70%|███████   | 12929/18408 [15:59<06:22, 14.31it/s]
 70%|███████   | 12931/18408 [15:59<06:22, 14.31it/s]
 70%|███████   | 12933/18408 [15:59<06:26, 14.16it/s]
 70%|███████   | 12935/18408 [15:59<06:48, 13.39it/s]
 70%|███████   | 12937/18408 [16:00<06:33, 13.90it/s]
 70%|███████   | 12939/18408 [16:00<06:19, 14.42it/s]
 70%|███████   | 12941/18408 [16:00<06:12, 14.68it/s]
 70%|███████   | 12943/18408 [16:00<06:13, 14.63it/s]
 70%|███████   | 12945/18408 [16:00<06:04, 14.98it/s]
 70%|███████   | 12947/18408 [16:00<06:02, 15.07it/s]
 70%|███████   | 12949/18408 [16:00<06:04, 14.98it/s]
                                                     
{'loss': '0.5397', 'grad_norm': '5.055', 'learning_rate': '5.964e-06', 'epoch': '2.11'}

 70%|███████   | 12950/18408 [16:00<06:04, 14.98it/s]
 70%|███████   | 12951/18408 [16:00<06:17, 14.45it/s]
 70%|███████   | 12953/18408 [16:01<06:19, 14.36it/s]
 70%|███████   | 12955/18408 [16:01<06:20, 14.31it/s]
 70%|███████   | 12957/18408 [16:01<06:18, 14.39it/s]
 70%|███████   | 12959/18408 [16:01<06:29, 14.00it/s]
 70%|███████   | 12961/18408 [16:01<06:20, 14.31it/s]
 70%|███████   | 12963/18408 [16:01<06:24, 14.16it/s]
 70%|███████   | 12965/18408 [16:01<06:16, 14.47it/s]
 70%|███████   | 12967/18408 [16:02<06:09, 14.74it/s]
 70%|███████   | 12969/18408 [16:02<06:35, 13.74it/s]
 70%|███████   | 12971/18408 [16:02<06:27, 14.05it/s]
 70%|███████   | 12973/18408 [16:02<06:35, 13.74it/s]
 70%|███████   | 12975/18408 [16:02<06:39, 13.61it/s]
 70%|███████   | 12977/18408 [16:02<06:31, 13.87it/s]
 71%|███████   | 12979/18408 [16:02<06:34, 13.78it/s]
 71%|███████   | 12981/18408 [16:03<06:23, 14.14it/s]
 71%|███████   | 12983/18408 [16:03<06:15, 14.45it/s]
 71%|███████   | 12985/18408 [16:03<06:17, 14.35it/s]
 71%|███████   | 12987/18408 [16:03<06:40, 13.52it/s]
 71%|███████   | 12989/18408 [16:03<06:20, 14.24it/s]
 71%|███████   | 12991/18408 [16:03<06:13, 14.52it/s]
 71%|███████   | 12993/18408 [16:03<06:22, 14.15it/s]
 71%|███████   | 12995/18408 [16:04<06:30, 13.86it/s]
 71%|███████   | 12997/18408 [16:04<06:25, 14.05it/s]
 71%|███████   | 12999/18408 [16:04<06:16, 14.35it/s]
                                                     
{'loss': '0.5502', 'grad_norm': '3.902', 'learning_rate': '5.909e-06', 'epoch': '2.119'}

 71%|███████   | 13000/18408 [16:04<06:16, 14.35it/s]

  0%|          | 0/39 [00:00<?, ?it/s][A

 31%|███       | 12/39 [00:00<00:00, 118.07it/s][A

 62%|██████▏   | 24/39 [00:00<00:00, 111.54it/s][A

 92%|█████████▏| 36/39 [00:00<00:00, 113.53it/s][A
                                                     

                                                
[A{'eval_loss': '0.5856', 'eval_accuracy': '0.7594', 'eval_precision': '0.7621', 'eval_recall': '0.7594', 'eval_f1_weighted': '0.7598', 'eval_f1_macro': '0.7598', 'eval_runtime': '0.7745', 'eval_samples_per_second': '3215', 'eval_steps_per_second': '50.36', 'epoch': '2.119'}

 71%|███████   | 13000/18408 [16:05<06:16, 14.35it/s]

100%|██████████| 39/39 [00:00<00:00, 113.53it/s][A

                                                [A

Writing model shards:   0%|          | 0/1 [00:00<?, ?it/s][A

Writing model shards: 100%|██████████| 1/1 [00:01<00:00,  1.42s/it][A
Writing model shards: 100%|██████████| 1/1 [00:01<00:00,  1.42s/it]

 71%|███████   | 13001/18408 [16:06<39:49,  2.26it/s]
 71%|███████   | 13003/18408 [16:07<29:34,  3.05it/s]
 71%|███████   | 13005/18408 [16:07<22:23,  4.02it/s]
 71%|███████   | 13007/18408 [16:07<17:27,  5.16it/s]
 71%|███████   | 13009/18408 [16:07<14:00,  6.42it/s]
 71%|███████   | 13011/18408 [16:07<11:56,  7.53it/s]
 71%|███████   | 13013/18408 [16:07<10:31,  8.54it/s]
 71%|███████   | 13015/18408 [16:07<09:04,  9.91it/s]
 71%|███████   | 13017/18408 [16:08<08:11, 10.96it/s]
 71%|███████   | 13019/18408 [16:08<07:30, 11.97it/s]
 71%|███████   | 13021/18408 [16:08<07:02, 12.76it/s]
 71%|███████   | 13023/18408 [16:08<06:42, 13.39it/s]
 71%|███████   | 13025/18408 [16:08<06:21, 14.11it/s]
 71%|███████   | 13027/18408 [16:08<06:21, 14.11it/s]
 71%|███████   | 13029/18408 [16:08<06:13, 14.40it/s]
 71%|███████   | 13031/18408 [16:09<06:14, 14.36it/s]
 71%|███████   | 13033/18408 [16:09<06:04, 14.76it/s]
 71%|███████   | 13035/18408 [16:09<05:53, 15.19it/s]
 71%|███████   | 13037/18408 [16:09<05:45, 15.53it/s]
 71%|███████   | 13039/18408 [16:09<05:43, 15.61it/s]
 71%|███████   | 13041/18408 [16:09<05:55, 15.11it/s]
 71%|███████   | 13043/18408 [16:09<05:59, 14.90it/s]
 71%|███████   | 13045/18408 [16:09<06:06, 14.64it/s]
 71%|███████   | 13047/18408 [16:10<06:03, 14.76it/s]
 71%|███████   | 13049/18408 [16:10<05:54, 15.13it/s]
                                                     
{'loss': '0.5684', 'grad_norm': '4.161', 'learning_rate': '5.854e-06', 'epoch': '2.127'}

 71%|███████   | 13050/18408 [16:10<05:54, 15.13it/s]
 71%|███████   | 13051/18408 [16:10<05:52, 15.19it/s]
 71%|███████   | 13053/18408 [16:10<05:57, 14.99it/s]
 71%|███████   | 13055/18408 [16:10<06:12, 14.37it/s]
 71%|███████   | 13057/18408 [16:10<06:33, 13.61it/s]
 71%|███████   | 13059/18408 [16:10<06:24, 13.91it/s]
 71%|███████   | 13061/18408 [16:11<06:18, 14.13it/s]
 71%|███████   | 13063/18408 [16:11<06:13, 14.30it/s]
 71%|███████   | 13065/18408 [16:11<06:10, 14.43it/s]
 71%|███████   | 13067/18408 [16:11<05:59, 14.85it/s]
 71%|███████   | 13069/18408 [16:11<05:53, 15.11it/s]
 71%|███████   | 13071/18408 [16:11<05:56, 14.96it/s]
 71%|███████   | 13073/18408 [16:11<06:34, 13.53it/s]
 71%|███████   | 13075/18408 [16:12<06:30, 13.66it/s]
 71%|███████   | 13077/18408 [16:12<06:12, 14.32it/s]
 71%|███████   | 13079/18408 [16:12<06:05, 14.57it/s]
 71%|███████   | 13081/18408 [16:12<05:59, 14.80it/s]
 71%|███████   | 13083/18408 [16:12<06:10, 14.36it/s]
 71%|███████   | 13085/18408 [16:12<06:08, 14.45it/s]
 71%|███████   | 13087/18408 [16:12<05:57, 14.89it/s]
 71%|███████   | 13089/18408 [16:12<05:51, 15.11it/s]
 71%|███████   | 13091/18408 [16:13<05:52, 15.08it/s]
 71%|███████   | 13093/18408 [16:13<05:53, 15.03it/s]
 71%|███████   | 13095/18408 [16:13<05:55, 14.95it/s]
 71%|███████   | 13097/18408 [16:13<05:53, 15.01it/s]
 71%|███████   | 13099/18408 [16:13<05:48, 15.25it/s]
                                                     
{'loss': '0.543', 'grad_norm': '4.45', 'learning_rate': '5.8e-06', 'epoch': '2.135'}

 71%|███████   | 13100/18408 [16:13<05:48, 15.25it/s]
 71%|███████   | 13101/18408 [16:13<05:48, 15.22it/s]
 71%|███████   | 13103/18408 [16:13<05:47, 15.28it/s]
 71%|███████   | 13105/18408 [16:14<05:53, 15.02it/s]
 71%|███████   | 13107/18408 [16:14<05:45, 15.36it/s]
 71%|███████   | 13109/18408 [16:14<05:44, 15.40it/s]
 71%|███████   | 13111/18408 [16:14<05:41, 15.51it/s]
 71%|███████   | 13113/18408 [16:14<05:48, 15.20it/s]
 71%|███████   | 13115/18408 [16:14<05:54, 14.93it/s]
 71%|███████▏  | 13117/18408 [16:14<05:51, 15.04it/s]
 71%|███████▏  | 13119/18408 [16:14<05:43, 15.40it/s]
 71%|███████▏  | 13121/18408 [16:15<05:45, 15.30it/s]
 71%|███████▏  | 13123/18408 [16:15<05:53, 14.96it/s]
 71%|███████▏  | 13125/18408 [16:15<05:51, 15.04it/s]
 71%|███████▏  | 13127/18408 [16:15<06:02, 14.58it/s]
 71%|███████▏  | 13129/18408 [16:15<06:02, 14.57it/s]
 71%|███████▏  | 13131/18408 [16:15<06:04, 14.48it/s]
 71%|███████▏  | 13133/18408 [16:15<06:15, 14.03it/s]
 71%|███████▏  | 13135/18408 [16:16<06:09, 14.27it/s]
 71%|███████▏  | 13137/18408 [16:16<05:58, 14.71it/s]
 71%|███████▏  | 13139/18408 [16:16<05:56, 14.77it/s]
 71%|███████▏  | 13141/18408 [16:16<05:48, 15.10it/s]
 71%|███████▏  | 13143/18408 [16:16<05:48, 15.11it/s]
 71%|███████▏  | 13145/18408 [16:16<05:43, 15.31it/s]
 71%|███████▏  | 13147/18408 [16:16<05:55, 14.80it/s]
 71%|███████▏  | 13149/18408 [16:16<05:52, 14.94it/s]
                                                     
{'loss': '0.5356', 'grad_norm': '4.126', 'learning_rate': '5.745e-06', 'epoch': '2.143'}

 71%|███████▏  | 13150/18408 [16:17<05:51, 14.94it/s]
 71%|███████▏  | 13151/18408 [16:17<05:46, 15.16it/s]
 71%|███████▏  | 13153/18408 [16:17<05:49, 15.04it/s]
 71%|███████▏  | 13155/18408 [16:17<05:52, 14.90it/s]
 71%|███████▏  | 13157/18408 [16:17<05:46, 15.18it/s]
 71%|███████▏  | 13159/18408 [16:17<05:47, 15.12it/s]
 71%|███████▏  | 13161/18408 [16:17<05:38, 15.49it/s]
 72%|███████▏  | 13163/18408 [16:17<05:44, 15.21it/s]
 72%|███████▏  | 13165/18408 [16:18<05:59, 14.59it/s]
 72%|███████▏  | 13167/18408 [16:18<05:53, 14.84it/s]
 72%|███████▏  | 13169/18408 [16:18<05:43, 15.24it/s]
 72%|███████▏  | 13171/18408 [16:18<05:44, 15.19it/s]
 72%|███████▏  | 13173/18408 [16:18<06:07, 14.25it/s]
 72%|███████▏  | 13175/18408 [16:18<05:55, 14.72it/s]
 72%|███████▏  | 13177/18408 [16:18<05:53, 14.79it/s]
 72%|███████▏  | 13179/18408 [16:18<05:51, 14.87it/s]
 72%|███████▏  | 13181/18408 [16:19<05:55, 14.69it/s]
 72%|███████▏  | 13183/18408 [16:19<06:00, 14.47it/s]
 72%|███████▏  | 13185/18408 [16:19<05:52, 14.82it/s]
 72%|███████▏  | 13187/18408 [16:19<05:49, 14.95it/s]
 72%|███████▏  | 13189/18408 [16:19<05:46, 15.05it/s]
 72%|███████▏  | 13191/18408 [16:19<05:41, 15.28it/s]
 72%|███████▏  | 13193/18408 [16:19<05:45, 15.11it/s]
 72%|███████▏  | 13195/18408 [16:20<05:49, 14.93it/s]
 72%|███████▏  | 13197/18408 [16:20<05:50, 14.87it/s]
 72%|███████▏  | 13199/18408 [16:20<05:57, 14.56it/s]
                                                     
{'loss': '0.5616', 'grad_norm': '3.372', 'learning_rate': '5.69e-06', 'epoch': '2.151'}

 72%|███████▏  | 13200/18408 [16:20<05:57, 14.56it/s]
 72%|███████▏  | 13201/18408 [16:20<06:15, 13.87it/s]
 72%|███████▏  | 13203/18408 [16:20<06:27, 13.45it/s]
 72%|███████▏  | 13205/18408 [16:20<06:15, 13.86it/s]
 72%|███████▏  | 13207/18408 [16:20<06:03, 14.30it/s]
 72%|███████▏  | 13209/18408 [16:21<06:16, 13.81it/s]
 72%|███████▏  | 13211/18408 [16:21<06:24, 13.51it/s]
 72%|███████▏  | 13213/18408 [16:21<06:18, 13.71it/s]
 72%|███████▏  | 13215/18408 [16:21<06:08, 14.08it/s]
 72%|███████▏  | 13217/18408 [16:21<06:18, 13.72it/s]
 72%|███████▏  | 13219/18408 [16:21<06:07, 14.11it/s]
 72%|███████▏  | 13221/18408 [16:21<06:01, 14.34it/s]
 72%|███████▏  | 13223/18408 [16:22<05:54, 14.61it/s]
 72%|███████▏  | 13225/18408 [16:22<05:55, 14.58it/s]
 72%|███████▏  | 13227/18408 [16:22<05:46, 14.96it/s]
 72%|███████▏  | 13229/18408 [16:22<05:39, 15.24it/s]
 72%|███████▏  | 13231/18408 [16:22<05:34, 15.46it/s]
 72%|███████▏  | 13233/18408 [16:22<05:51, 14.73it/s]
 72%|███████▏  | 13235/18408 [16:22<05:48, 14.83it/s]
 72%|███████▏  | 13237/18408 [16:23<05:54, 14.57it/s]
 72%|███████▏  | 13239/18408 [16:23<05:46, 14.91it/s]
 72%|███████▏  | 13241/18408 [16:23<05:53, 14.62it/s]
 72%|███████▏  | 13243/18408 [16:23<05:56, 14.47it/s]
 72%|███████▏  | 13245/18408 [16:23<05:56, 14.47it/s]
 72%|███████▏  | 13247/18408 [16:23<06:01, 14.27it/s]
 72%|███████▏  | 13249/18408 [16:23<05:50, 14.70it/s]
                                                     
{'loss': '0.547', 'grad_norm': '4.881', 'learning_rate': '5.636e-06', 'epoch': '2.159'}

 72%|███████▏  | 13250/18408 [16:23<05:50, 14.70it/s]
 72%|███████▏  | 13251/18408 [16:23<05:48, 14.82it/s]
 72%|███████▏  | 13253/18408 [16:24<05:46, 14.88it/s]
 72%|███████▏  | 13255/18408 [16:24<05:38, 15.24it/s]
 72%|███████▏  | 13257/18408 [16:24<05:31, 15.55it/s]
 72%|███████▏  | 13259/18408 [16:24<05:42, 15.02it/s]
 72%|███████▏  | 13261/18408 [16:24<05:35, 15.32it/s]
 72%|███████▏  | 13263/18408 [16:24<05:32, 15.47it/s]
 72%|███████▏  | 13265/18408 [16:24<06:23, 13.40it/s]
 72%|███████▏  | 13267/18408 [16:25<06:20, 13.51it/s]
 72%|███████▏  | 13269/18408 [16:25<06:06, 14.02it/s]
 72%|███████▏  | 13271/18408 [16:25<06:07, 13.99it/s]
 72%|███████▏  | 13273/18408 [16:25<05:57, 14.36it/s]
 72%|███████▏  | 13275/18408 [16:25<06:13, 13.76it/s]
 72%|███████▏  | 13277/18408 [16:25<06:03, 14.13it/s]
 72%|███████▏  | 13279/18408 [16:25<06:07, 13.96it/s]
 72%|███████▏  | 13281/18408 [16:26<06:06, 13.99it/s]
 72%|███████▏  | 13283/18408 [16:26<06:05, 14.04it/s]
 72%|███████▏  | 13285/18408 [16:26<06:03, 14.11it/s]
 72%|███████▏  | 13287/18408 [16:26<05:53, 14.49it/s]
 72%|███████▏  | 13289/18408 [16:26<05:56, 14.35it/s]
 72%|███████▏  | 13291/18408 [16:26<05:52, 14.52it/s]
 72%|███████▏  | 13293/18408 [16:26<05:57, 14.32it/s]
 72%|███████▏  | 13295/18408 [16:27<05:55, 14.38it/s]
 72%|███████▏  | 13297/18408 [16:27<05:52, 14.50it/s]
 72%|███████▏  | 13299/18408 [16:27<05:52, 14.48it/s]
                                                     
{'loss': '0.5224', 'grad_norm': '4.663', 'learning_rate': '5.581e-06', 'epoch': '2.168'}

 72%|███████▏  | 13300/18408 [16:27<05:52, 14.48it/s]
 72%|███████▏  | 13301/18408 [16:27<05:54, 14.42it/s]
 72%|███████▏  | 13303/18408 [16:27<06:02, 14.09it/s]
 72%|███████▏  | 13305/18408 [16:27<06:08, 13.86it/s]
 72%|███████▏  | 13307/18408 [16:27<05:57, 14.27it/s]
 72%|███████▏  | 13309/18408 [16:28<05:55, 14.33it/s]
 72%|███████▏  | 13311/18408 [16:28<05:54, 14.39it/s]
 72%|███████▏  | 13313/18408 [16:28<06:05, 13.94it/s]
 72%|███████▏  | 13315/18408 [16:28<05:56, 14.30it/s]
 72%|███████▏  | 13317/18408 [16:28<06:03, 14.00it/s]
 72%|███████▏  | 13319/18408 [16:28<05:52, 14.46it/s]
 72%|███████▏  | 13321/18408 [16:28<05:42, 14.85it/s]
 72%|███████▏  | 13323/18408 [16:28<05:42, 14.83it/s]
 72%|███████▏  | 13325/18408 [16:29<05:47, 14.63it/s]
 72%|███████▏  | 13327/18408 [16:29<05:44, 14.75it/s]
 72%|███████▏  | 13329/18408 [16:29<05:43, 14.80it/s]
 72%|███████▏  | 13331/18408 [16:29<06:02, 14.00it/s]
 72%|███████▏  | 13333/18408 [16:29<06:07, 13.82it/s]
 72%|███████▏  | 13335/18408 [16:29<06:05, 13.87it/s]
 72%|███████▏  | 13337/18408 [16:29<05:59, 14.10it/s]
 72%|███████▏  | 13339/18408 [16:30<05:55, 14.26it/s]
 72%|███████▏  | 13341/18408 [16:30<06:00, 14.04it/s]
 72%|███████▏  | 13343/18408 [16:30<05:57, 14.15it/s]
 72%|███████▏  | 13345/18408 [16:30<06:19, 13.36it/s]
 73%|███████▎  | 13347/18408 [16:30<06:00, 14.03it/s]
 73%|███████▎  | 13349/18408 [16:30<06:09, 13.70it/s]
                                                     
{'loss': '0.5452', 'grad_norm': '4.045', 'learning_rate': '5.527e-06', 'epoch': '2.176'}

 73%|███████▎  | 13350/18408 [16:30<06:09, 13.70it/s]
 73%|███████▎  | 13351/18408 [16:30<05:55, 14.21it/s]
 73%|███████▎  | 13353/18408 [16:31<06:25, 13.11it/s]
 73%|███████▎  | 13355/18408 [16:31<06:37, 12.73it/s]
 73%|███████▎  | 13357/18408 [16:31<06:17, 13.37it/s]
 73%|███████▎  | 13359/18408 [16:31<06:12, 13.55it/s]
 73%|███████▎  | 13361/18408 [16:31<06:16, 13.39it/s]
 73%|███████▎  | 13363/18408 [16:31<06:08, 13.70it/s]
 73%|███████▎  | 13365/18408 [16:32<05:53, 14.28it/s]
 73%|███████▎  | 13367/18408 [16:32<05:58, 14.06it/s]
 73%|███████▎  | 13369/18408 [16:32<05:46, 14.55it/s]
 73%|███████▎  | 13371/18408 [16:32<05:44, 14.61it/s]
 73%|███████▎  | 13373/18408 [16:32<05:40, 14.79it/s]
 73%|███████▎  | 13375/18408 [16:32<05:36, 14.97it/s]
 73%|███████▎  | 13377/18408 [16:32<05:37, 14.92it/s]
 73%|███████▎  | 13379/18408 [16:32<05:32, 15.12it/s]
 73%|███████▎  | 13381/18408 [16:33<05:36, 14.92it/s]
 73%|███████▎  | 13383/18408 [16:33<05:38, 14.84it/s]
 73%|███████▎  | 13385/18408 [16:33<05:39, 14.81it/s]
 73%|███████▎  | 13387/18408 [16:33<05:39, 14.80it/s]
 73%|███████▎  | 13389/18408 [16:33<05:33, 15.07it/s]
 73%|███████▎  | 13391/18408 [16:33<05:30, 15.19it/s]
 73%|███████▎  | 13393/18408 [16:33<05:32, 15.08it/s]
 73%|███████▎  | 13395/18408 [16:34<05:37, 14.88it/s]
 73%|███████▎  | 13397/18408 [16:34<05:36, 14.91it/s]
 73%|███████▎  | 13399/18408 [16:34<05:54, 14.12it/s]
                                                     
{'loss': '0.5651', 'grad_norm': '5.412', 'learning_rate': '5.472e-06', 'epoch': '2.184'}

 73%|███████▎  | 13400/18408 [16:34<05:54, 14.12it/s]
 73%|███████▎  | 13401/18408 [16:34<05:48, 14.37it/s]
 73%|███████▎  | 13403/18408 [16:34<06:12, 13.44it/s]
 73%|███████▎  | 13405/18408 [16:34<05:55, 14.08it/s]
 73%|███████▎  | 13407/18408 [16:34<05:56, 14.01it/s]
 73%|███████▎  | 13409/18408 [16:35<05:50, 14.24it/s]
 73%|███████▎  | 13411/18408 [16:35<05:45, 14.48it/s]
 73%|███████▎  | 13413/18408 [16:35<05:42, 14.60it/s]
 73%|███████▎  | 13415/18408 [16:35<05:42, 14.56it/s]
 73%|███████▎  | 13417/18408 [16:35<05:34, 14.91it/s]
 73%|███████▎  | 13419/18408 [16:35<05:37, 14.77it/s]
 73%|███████▎  | 13421/18408 [16:35<06:11, 13.42it/s]
 73%|███████▎  | 13423/18408 [16:35<05:56, 13.99it/s]
 73%|███████▎  | 13425/18408 [16:36<05:57, 13.94it/s]
 73%|███████▎  | 13427/18408 [16:36<05:59, 13.84it/s]
 73%|███████▎  | 13429/18408 [16:36<05:46, 14.37it/s]
 73%|███████▎  | 13431/18408 [16:36<05:45, 14.41it/s]
 73%|███████▎  | 13433/18408 [16:36<05:42, 14.53it/s]
 73%|███████▎  | 13435/18408 [16:36<05:46, 14.37it/s]
 73%|███████▎  | 13437/18408 [16:36<05:39, 14.63it/s]
 73%|███████▎  | 13439/18408 [16:37<05:38, 14.67it/s]
 73%|███████▎  | 13441/18408 [16:37<05:39, 14.62it/s]
 73%|███████▎  | 13443/18408 [16:37<05:32, 14.94it/s]
 73%|███████▎  | 13445/18408 [16:37<05:39, 14.63it/s]
 73%|███████▎  | 13447/18408 [16:37<05:41, 14.54it/s]
 73%|███████▎  | 13449/18408 [16:37<06:00, 13.76it/s]
                                                     
{'loss': '0.5472', 'grad_norm': '4.396', 'learning_rate': '5.417e-06', 'epoch': '2.192'}

 73%|███████▎  | 13450/18408 [16:37<06:00, 13.76it/s]
 73%|███████▎  | 13451/18408 [16:37<05:56, 13.90it/s]
 73%|███████▎  | 13453/18408 [16:38<05:59, 13.79it/s]
 73%|███████▎  | 13455/18408 [16:38<06:38, 12.42it/s]
 73%|███████▎  | 13457/18408 [16:38<06:20, 13.00it/s]
 73%|███████▎  | 13459/18408 [16:38<06:13, 13.25it/s]
 73%|███████▎  | 13461/18408 [16:38<06:04, 13.58it/s]
 73%|███████▎  | 13463/18408 [16:38<05:59, 13.74it/s]
 73%|███████▎  | 13465/18408 [16:38<05:46, 14.28it/s]
 73%|███████▎  | 13467/18408 [16:39<05:50, 14.11it/s]
 73%|███████▎  | 13469/18408 [16:39<05:49, 14.15it/s]
 73%|███████▎  | 13471/18408 [16:39<05:39, 14.54it/s]
 73%|███████▎  | 13473/18408 [16:39<05:31, 14.89it/s]
 73%|███████▎  | 13475/18408 [16:39<05:36, 14.68it/s]
 73%|███████▎  | 13477/18408 [16:39<05:33, 14.78it/s]
 73%|███████▎  | 13479/18408 [16:39<05:37, 14.58it/s]
 73%|███████▎  | 13481/18408 [16:40<06:05, 13.50it/s]
 73%|███████▎  | 13483/18408 [16:40<06:19, 12.96it/s]
 73%|███████▎  | 13485/18408 [16:40<06:09, 13.31it/s]
 73%|███████▎  | 13487/18408 [16:40<05:53, 13.91it/s]
 73%|███████▎  | 13489/18408 [16:40<05:44, 14.28it/s]
 73%|███████▎  | 13491/18408 [16:40<05:50, 14.05it/s]
 73%|███████▎  | 13493/18408 [16:40<05:50, 14.03it/s]
 73%|███████▎  | 13495/18408 [16:41<05:48, 14.08it/s]
 73%|███████▎  | 13497/18408 [16:41<05:57, 13.75it/s]
 73%|███████▎  | 13499/18408 [16:41<05:42, 14.33it/s]
                                                     
{'loss': '0.5297', 'grad_norm': '4.207', 'learning_rate': '5.363e-06', 'epoch': '2.2'}

 73%|███████▎  | 13500/18408 [16:41<05:42, 14.33it/s]

  0%|          | 0/39 [00:00<?, ?it/s][A

 31%|███       | 12/39 [00:00<00:00, 116.50it/s][A

 62%|██████▏   | 24/39 [00:00<00:00, 110.84it/s][A

 92%|█████████▏| 36/39 [00:00<00:00, 112.96it/s][A
                                                     

                                                
[A{'eval_loss': '0.5919', 'eval_accuracy': '0.7622', 'eval_precision': '0.7668', 'eval_recall': '0.7622', 'eval_f1_weighted': '0.7623', 'eval_f1_macro': '0.7623', 'eval_runtime': '0.8286', 'eval_samples_per_second': '3005', 'eval_steps_per_second': '47.07', 'epoch': '2.2'}

 73%|███████▎  | 13500/18408 [16:42<05:42, 14.33it/s]

100%|██████████| 39/39 [00:00<00:00, 112.96it/s][A

                                                [A

Writing model shards:   0%|          | 0/1 [00:00<?, ?it/s][A

Writing model shards: 100%|██████████| 1/1 [00:01<00:00,  1.38s/it][A
Writing model shards: 100%|██████████| 1/1 [00:01<00:00,  1.38s/it]

 73%|███████▎  | 13501/18408 [16:44<36:36,  2.23it/s]
 73%|███████▎  | 13503/18408 [16:44<27:22,  2.99it/s]
 73%|███████▎  | 13505/18408 [16:44<20:44,  3.94it/s]
 73%|███████▎  | 13507/18408 [16:44<16:52,  4.84it/s]
 73%|███████▎  | 13509/18408 [16:44<13:27,  6.07it/s]
 73%|███████▎  | 13511/18408 [16:44<11:33,  7.06it/s]
 73%|███████▎  | 13513/18408 [16:44<09:43,  8.39it/s]
 73%|███████▎  | 13515/18408 [16:45<08:28,  9.62it/s]
 73%|███████▎  | 13517/18408 [16:45<07:33, 10.78it/s]
 73%|███████▎  | 13519/18408 [16:45<06:59, 11.67it/s]
 73%|███████▎  | 13521/18408 [16:45<06:35, 12.36it/s]
 73%|███████▎  | 13523/18408 [16:45<06:15, 13.02it/s]
 73%|███████▎  | 13525/18408 [16:45<06:00, 13.56it/s]
 73%|███████▎  | 13527/18408 [16:45<05:49, 13.95it/s]
 73%|███████▎  | 13529/18408 [16:46<05:46, 14.06it/s]
 74%|███████▎  | 13531/18408 [16:46<05:45, 14.13it/s]
 74%|███████▎  | 13533/18408 [16:46<06:28, 12.55it/s]
 74%|███████▎  | 13535/18408 [16:46<06:09, 13.18it/s]
 74%|███████▎  | 13537/18408 [16:46<06:00, 13.51it/s]
 74%|███████▎  | 13539/18408 [16:46<05:47, 13.99it/s]
 74%|███████▎  | 13541/18408 [16:46<05:36, 14.48it/s]
 74%|███████▎  | 13543/18408 [16:47<05:32, 14.61it/s]
 74%|███████▎  | 13545/18408 [16:47<05:26, 14.90it/s]
 74%|███████▎  | 13547/18408 [16:47<05:32, 14.61it/s]
 74%|███████▎  | 13549/18408 [16:47<05:42, 14.19it/s]
                                                     
{'loss': '0.5381', 'grad_norm': '6.243', 'learning_rate': '5.308e-06', 'epoch': '2.208'}

 74%|███████▎  | 13550/18408 [16:47<05:42, 14.19it/s]
 74%|███████▎  | 13551/18408 [16:47<05:41, 14.21it/s]
 74%|███████▎  | 13553/18408 [16:47<05:39, 14.29it/s]
 74%|███████▎  | 13555/18408 [16:47<05:30, 14.69it/s]
 74%|███████▎  | 13557/18408 [16:48<05:29, 14.74it/s]
 74%|███████▎  | 13559/18408 [16:48<05:51, 13.80it/s]
 74%|███████▎  | 13561/18408 [16:48<05:43, 14.11it/s]
 74%|███████▎  | 13563/18408 [16:48<05:32, 14.59it/s]
 74%|███████▎  | 13565/18408 [16:48<05:23, 14.95it/s]
 74%|███████▎  | 13567/18408 [16:48<05:33, 14.50it/s]
 74%|███████▎  | 13569/18408 [16:48<05:26, 14.82it/s]
 74%|███████▎  | 13571/18408 [16:48<05:29, 14.68it/s]
 74%|███████▎  | 13573/18408 [16:49<05:35, 14.42it/s]
 74%|███████▎  | 13575/18408 [16:49<05:31, 14.60it/s]
 74%|███████▍  | 13577/18408 [16:49<05:42, 14.09it/s]
 74%|███████▍  | 13579/18408 [16:49<05:45, 13.97it/s]
 74%|███████▍  | 13581/18408 [16:49<05:44, 14.01it/s]
 74%|███████▍  | 13583/18408 [16:49<05:34, 14.43it/s]
 74%|███████▍  | 13585/18408 [16:49<05:30, 14.60it/s]
 74%|███████▍  | 13587/18408 [16:50<05:22, 14.94it/s]
 74%|███████▍  | 13589/18408 [16:50<05:17, 15.17it/s]
 74%|███████▍  | 13591/18408 [16:50<05:31, 14.51it/s]
 74%|███████▍  | 13593/18408 [16:50<05:28, 14.67it/s]
 74%|███████▍  | 13595/18408 [16:50<05:28, 14.66it/s]
 74%|███████▍  | 13597/18408 [16:50<05:31, 14.53it/s]
 74%|███████▍  | 13599/18408 [16:50<05:35, 14.35it/s]
                                                     
{'loss': '0.5245', 'grad_norm': '3.753', 'learning_rate': '5.253e-06', 'epoch': '2.216'}

 74%|███████▍  | 13600/18408 [16:51<05:35, 14.35it/s]
 74%|███████▍  | 13601/18408 [16:51<05:32, 14.45it/s]
 74%|███████▍  | 13603/18408 [16:51<05:32, 14.46it/s]
 74%|███████▍  | 13605/18408 [16:51<05:35, 14.33it/s]
 74%|███████▍  | 13607/18408 [16:51<05:30, 14.52it/s]
 74%|███████▍  | 13609/18408 [16:51<05:28, 14.62it/s]
 74%|███████▍  | 13611/18408 [16:51<05:24, 14.77it/s]
 74%|███████▍  | 13613/18408 [16:51<05:42, 14.00it/s]
 74%|███████▍  | 13615/18408 [16:52<05:48, 13.77it/s]
 74%|███████▍  | 13617/18408 [16:52<05:34, 14.30it/s]
 74%|███████▍  | 13619/18408 [16:52<05:28, 14.56it/s]
 74%|███████▍  | 13621/18408 [16:52<05:26, 14.68it/s]
 74%|███████▍  | 13623/18408 [16:52<05:20, 14.93it/s]
 74%|███████▍  | 13625/18408 [16:52<05:22, 14.81it/s]
 74%|███████▍  | 13627/18408 [16:52<05:18, 15.02it/s]
 74%|███████▍  | 13629/18408 [16:52<05:13, 15.23it/s]
 74%|███████▍  | 13631/18408 [16:53<05:16, 15.09it/s]
 74%|███████▍  | 13633/18408 [16:53<05:35, 14.24it/s]
 74%|███████▍  | 13635/18408 [16:53<05:26, 14.61it/s]
 74%|███████▍  | 13637/18408 [16:53<05:36, 14.17it/s]
 74%|███████▍  | 13639/18408 [16:53<05:27, 14.57it/s]
 74%|███████▍  | 13641/18408 [16:53<05:31, 14.37it/s]
 74%|███████▍  | 13643/18408 [16:53<05:26, 14.58it/s]
 74%|███████▍  | 13645/18408 [16:54<06:06, 13.01it/s]
 74%|███████▍  | 13647/18408 [16:54<06:18, 12.57it/s]
 74%|███████▍  | 13649/18408 [16:54<06:11, 12.80it/s]
                                                     
{'loss': '0.542', 'grad_norm': '4.385', 'learning_rate': '5.199e-06', 'epoch': '2.225'}

 74%|███████▍  | 13650/18408 [16:54<06:11, 12.80it/s]
 74%|███████▍  | 13651/18408 [16:54<05:55, 13.38it/s]
 74%|███████▍  | 13653/18408 [16:54<05:44, 13.81it/s]
 74%|███████▍  | 13655/18408 [16:54<05:53, 13.44it/s]
 74%|███████▍  | 13657/18408 [16:55<05:54, 13.40it/s]
 74%|███████▍  | 13659/18408 [16:55<05:57, 13.28it/s]
 74%|███████▍  | 13661/18408 [16:55<06:05, 12.97it/s]
 74%|███████▍  | 13663/18408 [16:55<06:07, 12.92it/s]
 74%|███████▍  | 13665/18408 [16:55<05:47, 13.66it/s]
 74%|███████▍  | 13667/18408 [16:55<05:42, 13.82it/s]
 74%|███████▍  | 13669/18408 [16:55<05:32, 14.23it/s]
 74%|███████▍  | 13671/18408 [16:56<05:36, 14.06it/s]
 74%|███████▍  | 13673/18408 [16:56<05:41, 13.86it/s]
 74%|███████▍  | 13675/18408 [16:56<05:53, 13.40it/s]
 74%|███████▍  | 13677/18408 [16:56<05:46, 13.65it/s]
 74%|███████▍  | 13679/18408 [16:56<05:41, 13.85it/s]
 74%|███████▍  | 13681/18408 [16:56<05:33, 14.17it/s]
 74%|███████▍  | 13683/18408 [16:56<05:37, 14.00it/s]
 74%|███████▍  | 13685/18408 [16:57<05:30, 14.30it/s]
 74%|███████▍  | 13687/18408 [16:57<05:26, 14.45it/s]
 74%|███████▍  | 13689/18408 [16:57<05:37, 13.98it/s]
 74%|███████▍  | 13691/18408 [16:57<05:29, 14.30it/s]
 74%|███████▍  | 13693/18408 [16:57<05:20, 14.69it/s]
 74%|███████▍  | 13695/18408 [16:57<05:20, 14.71it/s]
 74%|███████▍  | 13697/18408 [16:57<05:20, 14.68it/s]
 74%|███████▍  | 13699/18408 [16:58<05:14, 14.97it/s]
                                                     
{'loss': '0.5309', 'grad_norm': '3.878', 'learning_rate': '5.144e-06', 'epoch': '2.233'}

 74%|███████▍  | 13700/18408 [16:58<05:14, 14.97it/s]
 74%|███████▍  | 13701/18408 [16:58<05:14, 14.99it/s]
 74%|███████▍  | 13703/18408 [16:58<05:28, 14.33it/s]
 74%|███████▍  | 13705/18408 [16:58<05:25, 14.45it/s]
 74%|███████▍  | 13707/18408 [16:58<05:22, 14.59it/s]
 74%|███████▍  | 13709/18408 [16:58<05:17, 14.78it/s]
 74%|███████▍  | 13711/18408 [16:58<05:11, 15.08it/s]
 74%|███████▍  | 13713/18408 [16:58<05:14, 14.93it/s]
 75%|███████▍  | 13715/18408 [16:59<05:08, 15.19it/s]
 75%|███████▍  | 13717/18408 [16:59<05:24, 14.46it/s]
 75%|███████▍  | 13719/18408 [16:59<05:26, 14.38it/s]
 75%|███████▍  | 13721/18408 [16:59<05:20, 14.62it/s]
 75%|███████▍  | 13723/18408 [16:59<05:22, 14.53it/s]
 75%|███████▍  | 13725/18408 [16:59<05:55, 13.17it/s]
 75%|███████▍  | 13727/18408 [16:59<05:58, 13.06it/s]
 75%|███████▍  | 13729/18408 [17:00<05:56, 13.11it/s]
 75%|███████▍  | 13731/18408 [17:00<05:43, 13.61it/s]
 75%|███████▍  | 13733/18408 [17:00<05:36, 13.88it/s]
 75%|███████▍  | 13735/18408 [17:00<05:46, 13.49it/s]
 75%|███████▍  | 13737/18408 [17:00<05:46, 13.47it/s]
 75%|███████▍  | 13739/18408 [17:00<05:41, 13.68it/s]
 75%|███████▍  | 13741/18408 [17:00<05:31, 14.06it/s]
 75%|███████▍  | 13743/18408 [17:01<05:38, 13.77it/s]
 75%|███████▍  | 13745/18408 [17:01<05:29, 14.16it/s]
 75%|███████▍  | 13747/18408 [17:01<05:19, 14.59it/s]
 75%|███████▍  | 13749/18408 [17:01<05:11, 14.96it/s]
                                                     
{'loss': '0.5663', 'grad_norm': '5.491', 'learning_rate': '5.09e-06', 'epoch': '2.241'}

 75%|███████▍  | 13750/18408 [17:01<05:11, 14.96it/s]
 75%|███████▍  | 13751/18408 [17:01<05:11, 14.95it/s]
 75%|███████▍  | 13753/18408 [17:01<05:18, 14.59it/s]
 75%|███████▍  | 13755/18408 [17:01<05:15, 14.73it/s]
 75%|███████▍  | 13757/18408 [17:02<05:09, 15.01it/s]
 75%|███████▍  | 13759/18408 [17:02<05:07, 15.10it/s]
 75%|███████▍  | 13761/18408 [17:02<05:09, 15.02it/s]
 75%|███████▍  | 13763/18408 [17:02<05:05, 15.22it/s]
 75%|███████▍  | 13765/18408 [17:02<05:16, 14.66it/s]
 75%|███████▍  | 13767/18408 [17:02<05:14, 14.76it/s]
 75%|███████▍  | 13769/18408 [17:02<05:12, 14.86it/s]
 75%|███████▍  | 13771/18408 [17:03<05:16, 14.67it/s]
 75%|███████▍  | 13773/18408 [17:03<05:10, 14.95it/s]
 75%|███████▍  | 13775/18408 [17:03<05:24, 14.26it/s]
 75%|███████▍  | 13777/18408 [17:03<05:33, 13.89it/s]
 75%|███████▍  | 13779/18408 [17:03<05:34, 13.85it/s]
 75%|███████▍  | 13781/18408 [17:03<05:29, 14.02it/s]
 75%|███████▍  | 13783/18408 [17:03<05:28, 14.10it/s]
 75%|███████▍  | 13785/18408 [17:04<05:31, 13.95it/s]
 75%|███████▍  | 13787/18408 [17:04<05:31, 13.93it/s]
 75%|███████▍  | 13789/18408 [17:04<05:20, 14.42it/s]
 75%|███████▍  | 13791/18408 [17:04<05:11, 14.82it/s]
 75%|███████▍  | 13793/18408 [17:04<05:27, 14.11it/s]
 75%|███████▍  | 13795/18408 [17:04<05:24, 14.20it/s]
 75%|███████▍  | 13797/18408 [17:04<05:19, 14.42it/s]
 75%|███████▍  | 13799/18408 [17:04<05:11, 14.80it/s]
                                                     
{'loss': '0.551', 'grad_norm': '4.27', 'learning_rate': '5.035e-06', 'epoch': '2.249'}

 75%|███████▍  | 13800/18408 [17:05<05:11, 14.80it/s]
 75%|███████▍  | 13801/18408 [17:05<05:06, 15.05it/s]
 75%|███████▍  | 13803/18408 [17:05<05:09, 14.89it/s]
 75%|███████▍  | 13805/18408 [17:05<05:13, 14.67it/s]
 75%|███████▌  | 13807/18408 [17:05<05:06, 15.00it/s]
 75%|███████▌  | 13809/18408 [17:05<05:18, 14.45it/s]
 75%|███████▌  | 13811/18408 [17:05<05:13, 14.68it/s]
 75%|███████▌  | 13813/18408 [17:05<05:18, 14.43it/s]
 75%|███████▌  | 13815/18408 [17:06<05:23, 14.21it/s]
 75%|███████▌  | 13817/18408 [17:06<05:51, 13.05it/s]
 75%|███████▌  | 13819/18408 [17:06<05:33, 13.74it/s]
 75%|███████▌  | 13821/18408 [17:06<05:24, 14.15it/s]
 75%|███████▌  | 13823/18408 [17:06<05:26, 14.05it/s]
 75%|███████▌  | 13825/18408 [17:06<05:17, 14.43it/s]
 75%|███████▌  | 13827/18408 [17:06<05:36, 13.61it/s]
 75%|███████▌  | 13829/18408 [17:07<05:44, 13.31it/s]
 75%|███████▌  | 13831/18408 [17:07<05:28, 13.92it/s]
 75%|███████▌  | 13833/18408 [17:07<05:22, 14.17it/s]
 75%|███████▌  | 13835/18408 [17:07<05:19, 14.32it/s]
 75%|███████▌  | 13837/18408 [17:07<05:10, 14.72it/s]
 75%|███████▌  | 13839/18408 [17:07<05:05, 14.97it/s]
 75%|███████▌  | 13841/18408 [17:07<05:12, 14.60it/s]
 75%|███████▌  | 13843/18408 [17:08<05:12, 14.59it/s]
 75%|███████▌  | 13845/18408 [17:08<05:05, 14.92it/s]
 75%|███████▌  | 13847/18408 [17:08<05:02, 15.06it/s]
 75%|███████▌  | 13849/18408 [17:08<05:06, 14.86it/s]
                                                     
{'loss': '0.5446', 'grad_norm': '5.208', 'learning_rate': '4.98e-06', 'epoch': '2.257'}

 75%|███████▌  | 13850/18408 [17:08<05:06, 14.86it/s]
 75%|███████▌  | 13851/18408 [17:08<05:17, 14.36it/s]
 75%|███████▌  | 13853/18408 [17:08<05:08, 14.78it/s]
 75%|███████▌  | 13855/18408 [17:08<05:04, 14.95it/s]
 75%|███████▌  | 13857/18408 [17:08<05:04, 14.93it/s]
 75%|███████▌  | 13859/18408 [17:09<05:11, 14.61it/s]
 75%|███████▌  | 13861/18408 [17:09<05:09, 14.67it/s]
 75%|███████▌  | 13863/18408 [17:09<05:03, 14.98it/s]
 75%|███████▌  | 13865/18408 [17:09<05:05, 14.89it/s]
 75%|███████▌  | 13867/18408 [17:09<05:04, 14.91it/s]
 75%|███████▌  | 13869/18408 [17:09<04:59, 15.17it/s]
 75%|███████▌  | 13871/18408 [17:09<04:54, 15.38it/s]
 75%|███████▌  | 13873/18408 [17:10<05:02, 15.00it/s]
 75%|███████▌  | 13875/18408 [17:10<05:00, 15.08it/s]
 75%|███████▌  | 13877/18408 [17:10<04:58, 15.19it/s]
 75%|███████▌  | 13879/18408 [17:10<04:54, 15.37it/s]
 75%|███████▌  | 13881/18408 [17:10<04:51, 15.51it/s]
 75%|███████▌  | 13883/18408 [17:10<04:58, 15.15it/s]
 75%|███████▌  | 13885/18408 [17:10<05:02, 14.96it/s]
 75%|███████▌  | 13887/18408 [17:10<04:58, 15.16it/s]
 75%|███████▌  | 13889/18408 [17:11<05:01, 14.97it/s]
 75%|███████▌  | 13891/18408 [17:11<04:56, 15.22it/s]
 75%|███████▌  | 13893/18408 [17:11<04:53, 15.36it/s]
 75%|███████▌  | 13895/18408 [17:11<04:58, 15.10it/s]
 75%|███████▌  | 13897/18408 [17:11<05:15, 14.29it/s]
 76%|███████▌  | 13899/18408 [17:11<05:13, 14.36it/s]
                                                     
{'loss': '0.5504', 'grad_norm': '3.626', 'learning_rate': '4.926e-06', 'epoch': '2.265'}

 76%|███████▌  | 13900/18408 [17:11<05:13, 14.36it/s]
 76%|███████▌  | 13901/18408 [17:11<05:12, 14.43it/s]
 76%|███████▌  | 13903/18408 [17:12<05:03, 14.83it/s]
 76%|███████▌  | 13905/18408 [17:12<04:58, 15.09it/s]
 76%|███████▌  | 13907/18408 [17:12<04:54, 15.30it/s]
 76%|███████▌  | 13909/18408 [17:12<04:52, 15.40it/s]
 76%|███████▌  | 13911/18408 [17:12<04:58, 15.07it/s]
 76%|███████▌  | 13913/18408 [17:12<04:57, 15.09it/s]
 76%|███████▌  | 13915/18408 [17:12<05:16, 14.20it/s]
 76%|███████▌  | 13917/18408 [17:13<05:19, 14.07it/s]
 76%|███████▌  | 13919/18408 [17:13<05:12, 14.38it/s]
 76%|███████▌  | 13921/18408 [17:13<05:30, 13.57it/s]
 76%|███████▌  | 13923/18408 [17:13<05:20, 14.00it/s]
 76%|███████▌  | 13925/18408 [17:13<05:42, 13.10it/s]
 76%|███████▌  | 13927/18408 [17:13<05:35, 13.34it/s]
 76%|███████▌  | 13929/18408 [17:13<05:28, 13.63it/s]
 76%|███████▌  | 13931/18408 [17:14<05:46, 12.90it/s]
 76%|███████▌  | 13933/18408 [17:14<05:27, 13.67it/s]
 76%|███████▌  | 13935/18408 [17:14<05:36, 13.29it/s]
 76%|███████▌  | 13937/18408 [17:14<06:05, 12.25it/s]
 76%|███████▌  | 13939/18408 [17:14<05:45, 12.95it/s]
 76%|███████▌  | 13941/18408 [17:14<05:27, 13.65it/s]
 76%|███████▌  | 13943/18408 [17:14<05:14, 14.18it/s]
 76%|███████▌  | 13945/18408 [17:15<05:11, 14.31it/s]
 76%|███████▌  | 13947/18408 [17:15<05:02, 14.73it/s]
 76%|███████▌  | 13949/18408 [17:15<05:05, 14.61it/s]
                                                     
{'loss': '0.5711', 'grad_norm': '5.748', 'learning_rate': '4.871e-06', 'epoch': '2.273'}

 76%|███████▌  | 13950/18408 [17:15<05:05, 14.61it/s]
 76%|███████▌  | 13951/18408 [17:15<04:59, 14.87it/s]
 76%|███████▌  | 13953/18408 [17:15<04:57, 14.98it/s]
 76%|███████▌  | 13955/18408 [17:15<04:52, 15.22it/s]
 76%|███████▌  | 13957/18408 [17:15<04:57, 14.98it/s]
 76%|███████▌  | 13959/18408 [17:16<05:36, 13.21it/s]
 76%|███████▌  | 13961/18408 [17:16<05:23, 13.76it/s]
 76%|███████▌  | 13963/18408 [17:16<05:38, 13.13it/s]
 76%|███████▌  | 13965/18408 [17:16<05:27, 13.56it/s]
 76%|███████▌  | 13967/18408 [17:16<05:18, 13.96it/s]
 76%|███████▌  | 13969/18408 [17:16<05:45, 12.84it/s]
 76%|███████▌  | 13971/18408 [17:16<05:26, 13.59it/s]
 76%|███████▌  | 13973/18408 [17:17<05:23, 13.72it/s]
 76%|███████▌  | 13975/18408 [17:17<05:15, 14.07it/s]
 76%|███████▌  | 13977/18408 [17:17<05:27, 13.53it/s]
 76%|███████▌  | 13979/18408 [17:17<05:21, 13.80it/s]
 76%|███████▌  | 13981/18408 [17:17<05:27, 13.53it/s]
 76%|███████▌  | 13983/18408 [17:17<05:21, 13.78it/s]
 76%|███████▌  | 13985/18408 [17:17<05:13, 14.09it/s]
 76%|███████▌  | 13987/18408 [17:18<05:14, 14.05it/s]
 76%|███████▌  | 13989/18408 [17:18<05:27, 13.50it/s]
 76%|███████▌  | 13991/18408 [17:18<05:28, 13.43it/s]
 76%|███████▌  | 13993/18408 [17:18<05:21, 13.75it/s]
 76%|███████▌  | 13995/18408 [17:18<05:12, 14.13it/s]
 76%|███████▌  | 13997/18408 [17:18<05:06, 14.37it/s]
 76%|███████▌  | 13999/18408 [17:18<05:22, 13.69it/s]
                                                     
{'loss': '0.5421', 'grad_norm': '3.717', 'learning_rate': '4.816e-06', 'epoch': '2.282'}

 76%|███████▌  | 14000/18408 [17:19<05:22, 13.69it/s]

  0%|          | 0/39 [00:00<?, ?it/s][A

 28%|██▊       | 11/39 [00:00<00:00, 108.27it/s][A

 56%|█████▋    | 22/39 [00:00<00:00, 105.53it/s][A

 87%|████████▋ | 34/39 [00:00<00:00, 110.69it/s][A
                                                     

                                                
[A{'eval_loss': '0.5926', 'eval_accuracy': '0.7586', 'eval_precision': '0.7628', 'eval_recall': '0.7586', 'eval_f1_weighted': '0.7586', 'eval_f1_macro': '0.7586', 'eval_runtime': '0.8061', 'eval_samples_per_second': '3089', 'eval_steps_per_second': '48.38', 'epoch': '2.282'}

 76%|███████▌  | 14000/18408 [17:19<05:22, 13.69it/s]

100%|██████████| 39/39 [00:00<00:00, 110.69it/s][A

                                                [A

Writing model shards:   0%|          | 0/1 [00:00<?, ?it/s][A

Writing model shards: 100%|██████████| 1/1 [00:01<00:00,  1.50s/it][A
Writing model shards: 100%|██████████| 1/1 [00:01<00:00,  1.50s/it]

 76%|███████▌  | 14001/18408 [17:21<33:55,  2.16it/s]
 76%|███████▌  | 14003/18408 [17:21<25:11,  2.91it/s]
 76%|███████▌  | 14005/18408 [17:21<19:03,  3.85it/s]
 76%|███████▌  | 14007/18408 [17:22<14:44,  4.98it/s]
 76%|███████▌  | 14009/18408 [17:22<11:45,  6.23it/s]
 76%|███████▌  | 14011/18408 [17:22<09:54,  7.40it/s]
 76%|███████▌  | 14013/18408 [17:22<08:19,  8.80it/s]
 76%|███████▌  | 14015/18408 [17:22<07:41,  9.53it/s]
 76%|███████▌  | 14017/18408 [17:22<07:03, 10.36it/s]
 76%|███████▌  | 14019/18408 [17:23<06:50, 10.68it/s]
 76%|███████▌  | 14021/18408 [17:23<06:14, 11.72it/s]
 76%|███████▌  | 14023/18408 [17:23<05:48, 12.60it/s]
 76%|███████▌  | 14025/18408 [17:23<05:40, 12.87it/s]
 76%|███████▌  | 14027/18408 [17:23<05:24, 13.51it/s]
 76%|███████▌  | 14029/18408 [17:23<05:13, 13.96it/s]
 76%|███████▌  | 14031/18408 [17:23<05:05, 14.31it/s]
 76%|███████▌  | 14033/18408 [17:23<05:04, 14.35it/s]
 76%|███████▌  | 14035/18408 [17:24<04:59, 14.59it/s]
 76%|███████▋  | 14037/18408 [17:24<04:52, 14.95it/s]
 76%|███████▋  | 14039/18408 [17:24<04:54, 14.82it/s]
 76%|███████▋  | 14041/18408 [17:24<04:55, 14.78it/s]
 76%|███████▋  | 14043/18408 [17:24<04:59, 14.56it/s]
 76%|███████▋  | 14045/18408 [17:24<04:53, 14.89it/s]
 76%|███████▋  | 14047/18408 [17:24<05:04, 14.34it/s]
 76%|███████▋  | 14049/18408 [17:25<05:01, 14.43it/s]
                                                     
{'loss': '0.5342', 'grad_norm': '5.024', 'learning_rate': '4.762e-06', 'epoch': '2.29'}

 76%|███████▋  | 14050/18408 [17:25<05:01, 14.43it/s]
 76%|███████▋  | 14051/18408 [17:25<04:58, 14.61it/s]
 76%|███████▋  | 14053/18408 [17:25<04:55, 14.72it/s]
 76%|███████▋  | 14055/18408 [17:25<04:54, 14.78it/s]
 76%|███████▋  | 14057/18408 [17:25<04:52, 14.86it/s]
 76%|███████▋  | 14059/18408 [17:25<04:48, 15.08it/s]
 76%|███████▋  | 14061/18408 [17:25<04:55, 14.73it/s]
 76%|███████▋  | 14063/18408 [17:25<04:54, 14.77it/s]
 76%|███████▋  | 14065/18408 [17:26<04:58, 14.55it/s]
 76%|███████▋  | 14067/18408 [17:26<05:17, 13.66it/s]
 76%|███████▋  | 14069/18408 [17:26<05:26, 13.28it/s]
 76%|███████▋  | 14071/18408 [17:26<05:17, 13.65it/s]
 76%|███████▋  | 14073/18408 [17:26<05:14, 13.78it/s]
 76%|███████▋  | 14075/18408 [17:26<05:07, 14.10it/s]
 76%|███████▋  | 14077/18408 [17:27<04:59, 14.44it/s]
 76%|███████▋  | 14079/18408 [17:27<05:09, 14.00it/s]
 76%|███████▋  | 14081/18408 [17:27<04:58, 14.50it/s]
 77%|███████▋  | 14083/18408 [17:27<04:54, 14.66it/s]
 77%|███████▋  | 14085/18408 [17:27<04:50, 14.86it/s]
 77%|███████▋  | 14087/18408 [17:27<04:46, 15.08it/s]
 77%|███████▋  | 14089/18408 [17:27<04:50, 14.85it/s]
 77%|███████▋  | 14091/18408 [17:27<04:46, 15.08it/s]
 77%|███████▋  | 14093/18408 [17:28<04:43, 15.22it/s]
 77%|███████▋  | 14095/18408 [17:28<04:42, 15.25it/s]
 77%|███████▋  | 14097/18408 [17:28<05:04, 14.17it/s]
 77%|███████▋  | 14099/18408 [17:28<05:04, 14.15it/s]
                                                     
{'loss': '0.5581', 'grad_norm': '4.497', 'learning_rate': '4.707e-06', 'epoch': '2.298'}

 77%|███████▋  | 14100/18408 [17:28<05:04, 14.15it/s]
 77%|███████▋  | 14101/18408 [17:28<04:56, 14.52it/s]
 77%|███████▋  | 14103/18408 [17:28<05:06, 14.03it/s]
 77%|███████▋  | 14105/18408 [17:28<05:01, 14.26it/s]
 77%|███████▋  | 14107/18408 [17:29<04:53, 14.68it/s]
 77%|███████▋  | 14109/18408 [17:29<04:50, 14.82it/s]
 77%|███████▋  | 14111/18408 [17:29<04:48, 14.88it/s]
 77%|███████▋  | 14113/18408 [17:29<05:04, 14.12it/s]
 77%|███████▋  | 14115/18408 [17:29<04:57, 14.41it/s]
 77%|███████▋  | 14117/18408 [17:29<04:56, 14.46it/s]
 77%|███████▋  | 14119/18408 [17:29<04:56, 14.47it/s]
 77%|███████▋  | 14121/18408 [17:30<04:55, 14.49it/s]
 77%|███████▋  | 14123/18408 [17:30<04:48, 14.88it/s]
 77%|███████▋  | 14125/18408 [17:30<04:43, 15.13it/s]
 77%|███████▋  | 14127/18408 [17:30<04:42, 15.16it/s]
 77%|███████▋  | 14129/18408 [17:30<04:43, 15.09it/s]
 77%|███████▋  | 14131/18408 [17:30<04:47, 14.86it/s]
 77%|███████▋  | 14133/18408 [17:30<04:47, 14.86it/s]
 77%|███████▋  | 14135/18408 [17:30<04:50, 14.71it/s]
 77%|███████▋  | 14137/18408 [17:31<04:45, 14.97it/s]
 77%|███████▋  | 14139/18408 [17:31<04:51, 14.64it/s]
 77%|███████▋  | 14141/18408 [17:31<04:57, 14.32it/s]
 77%|███████▋  | 14143/18408 [17:31<04:53, 14.54it/s]
 77%|███████▋  | 14145/18408 [17:31<04:45, 14.91it/s]
 77%|███████▋  | 14147/18408 [17:31<04:48, 14.78it/s]
 77%|███████▋  | 14149/18408 [17:31<04:45, 14.91it/s]
                                                     
{'loss': '0.5548', 'grad_norm': '5.087', 'learning_rate': '4.653e-06', 'epoch': '2.306'}

 77%|███████▋  | 14150/18408 [17:32<04:45, 14.91it/s]
 77%|███████▋  | 14151/18408 [17:32<05:00, 14.17it/s]
 77%|███████▋  | 14153/18408 [17:32<04:51, 14.62it/s]
 77%|███████▋  | 14155/18408 [17:32<05:00, 14.15it/s]
 77%|███████▋  | 14157/18408 [17:32<04:50, 14.62it/s]
 77%|███████▋  | 14159/18408 [17:32<05:00, 14.14it/s]
 77%|███████▋  | 14161/18408 [17:32<05:08, 13.78it/s]
 77%|███████▋  | 14163/18408 [17:32<04:59, 14.19it/s]
 77%|███████▋  | 14165/18408 [17:33<05:01, 14.06it/s]
 77%|███████▋  | 14167/18408 [17:33<04:56, 14.32it/s]
 77%|███████▋  | 14169/18408 [17:33<04:47, 14.73it/s]
 77%|███████▋  | 14171/18408 [17:33<05:04, 13.91it/s]
 77%|███████▋  | 14173/18408 [17:33<05:00, 14.12it/s]
 77%|███████▋  | 14175/18408 [17:33<05:03, 13.93it/s]
 77%|███████▋  | 14177/18408 [17:33<05:11, 13.56it/s]
 77%|███████▋  | 14179/18408 [17:34<05:17, 13.33it/s]
 77%|███████▋  | 14181/18408 [17:34<05:11, 13.59it/s]
 77%|███████▋  | 14183/18408 [17:34<05:01, 13.99it/s]
 77%|███████▋  | 14185/18408 [17:34<04:56, 14.26it/s]
 77%|███████▋  | 14187/18408 [17:34<04:51, 14.50it/s]
 77%|███████▋  | 14189/18408 [17:34<04:45, 14.80it/s]
 77%|███████▋  | 14191/18408 [17:34<04:47, 14.67it/s]
 77%|███████▋  | 14193/18408 [17:35<04:45, 14.79it/s]
 77%|███████▋  | 14195/18408 [17:35<04:47, 14.67it/s]
 77%|███████▋  | 14197/18408 [17:35<04:48, 14.59it/s]
 77%|███████▋  | 14199/18408 [17:35<04:49, 14.52it/s]
                                                     
{'loss': '0.5468', 'grad_norm': '6.282', 'learning_rate': '4.598e-06', 'epoch': '2.314'}

 77%|███████▋  | 14200/18408 [17:35<04:49, 14.52it/s]
 77%|███████▋  | 14201/18408 [17:35<04:46, 14.68it/s]
 77%|███████▋  | 14203/18408 [17:35<04:47, 14.60it/s]
 77%|███████▋  | 14205/18408 [17:35<05:01, 13.92it/s]
 77%|███████▋  | 14207/18408 [17:35<04:58, 14.08it/s]
 77%|███████▋  | 14209/18408 [17:36<04:48, 14.56it/s]
 77%|███████▋  | 14211/18408 [17:36<04:46, 14.66it/s]
 77%|███████▋  | 14213/18408 [17:36<04:40, 14.96it/s]
 77%|███████▋  | 14215/18408 [17:36<04:36, 15.18it/s]
 77%|███████▋  | 14217/18408 [17:36<04:40, 14.95it/s]
 77%|███████▋  | 14219/18408 [17:36<04:35, 15.20it/s]
 77%|███████▋  | 14221/18408 [17:36<04:38, 15.03it/s]
 77%|███████▋  | 14223/18408 [17:37<04:34, 15.26it/s]
 77%|███████▋  | 14225/18408 [17:37<04:31, 15.40it/s]
 77%|███████▋  | 14227/18408 [17:37<04:36, 15.14it/s]
 77%|███████▋  | 14229/18408 [17:37<04:40, 14.89it/s]
 77%|███████▋  | 14231/18408 [17:37<05:05, 13.68it/s]
 77%|███████▋  | 14233/18408 [17:37<04:58, 14.00it/s]
 77%|███████▋  | 14235/18408 [17:37<04:52, 14.29it/s]
 77%|███████▋  | 14237/18408 [17:38<04:51, 14.31it/s]
 77%|███████▋  | 14239/18408 [17:38<04:46, 14.57it/s]
 77%|███████▋  | 14241/18408 [17:38<04:52, 14.26it/s]
 77%|███████▋  | 14243/18408 [17:38<05:27, 12.74it/s]
 77%|███████▋  | 14245/18408 [17:38<05:21, 12.97it/s]
 77%|███████▋  | 14247/18408 [17:38<05:10, 13.40it/s]
 77%|███████▋  | 14249/18408 [17:38<05:05, 13.63it/s]
                                                     
{'loss': '0.5562', 'grad_norm': '4.371', 'learning_rate': '4.543e-06', 'epoch': '2.322'}

 77%|███████▋  | 14250/18408 [17:39<05:05, 13.63it/s]
 77%|███████▋  | 14251/18408 [17:39<04:55, 14.05it/s]
 77%|███████▋  | 14253/18408 [17:39<05:21, 12.92it/s]
 77%|███████▋  | 14255/18408 [17:39<05:10, 13.38it/s]
 77%|███████▋  | 14257/18408 [17:39<04:59, 13.86it/s]
 77%|███████▋  | 14259/18408 [17:39<04:53, 14.12it/s]
 77%|███████▋  | 14261/18408 [17:39<04:50, 14.27it/s]
 77%|███████▋  | 14263/18408 [17:39<04:50, 14.26it/s]
 77%|███████▋  | 14265/18408 [17:40<04:43, 14.62it/s]
 78%|███████▊  | 14267/18408 [17:40<04:36, 14.96it/s]
 78%|███████▊  | 14269/18408 [17:40<04:51, 14.21it/s]
 78%|███████▊  | 14271/18408 [17:40<04:41, 14.67it/s]
 78%|███████▊  | 14273/18408 [17:40<04:38, 14.83it/s]
 78%|███████▊  | 14275/18408 [17:40<04:33, 15.11it/s]
 78%|███████▊  | 14277/18408 [17:40<04:34, 15.04it/s]
 78%|███████▊  | 14279/18408 [17:40<04:35, 14.96it/s]
 78%|███████▊  | 14281/18408 [17:41<04:37, 14.87it/s]
 78%|███████▊  | 14283/18408 [17:41<04:36, 14.93it/s]
 78%|███████▊  | 14285/18408 [17:41<05:05, 13.48it/s]
 78%|███████▊  | 14287/18408 [17:41<04:59, 13.76it/s]
 78%|███████▊  | 14289/18408 [17:41<04:47, 14.32it/s]
 78%|███████▊  | 14291/18408 [17:41<05:00, 13.71it/s]
 78%|███████▊  | 14293/18408 [17:42<04:58, 13.79it/s]
 78%|███████▊  | 14295/18408 [17:42<04:47, 14.32it/s]
 78%|███████▊  | 14297/18408 [17:42<04:39, 14.72it/s]
 78%|███████▊  | 14299/18408 [17:42<04:42, 14.54it/s]
                                                     
{'loss': '0.5527', 'grad_norm': '4.862', 'learning_rate': '4.489e-06', 'epoch': '2.331'}

 78%|███████▊  | 14300/18408 [17:42<04:42, 14.54it/s]
 78%|███████▊  | 14301/18408 [17:42<04:41, 14.61it/s]
 78%|███████▊  | 14303/18408 [17:42<04:42, 14.52it/s]
 78%|███████▊  | 14305/18408 [17:42<04:44, 14.42it/s]
 78%|███████▊  | 14307/18408 [17:42<04:43, 14.45it/s]
 78%|███████▊  | 14309/18408 [17:43<04:40, 14.62it/s]
 78%|███████▊  | 14311/18408 [17:43<04:40, 14.61it/s]
 78%|███████▊  | 14313/18408 [17:43<04:48, 14.17it/s]
 78%|███████▊  | 14315/18408 [17:43<05:14, 13.01it/s]
 78%|███████▊  | 14317/18408 [17:43<05:01, 13.59it/s]
 78%|███████▊  | 14319/18408 [17:43<04:53, 13.93it/s]
 78%|███████▊  | 14321/18408 [17:43<04:51, 14.02it/s]
 78%|███████▊  | 14323/18408 [17:44<04:44, 14.37it/s]
 78%|███████▊  | 14325/18408 [17:44<04:38, 14.67it/s]
 78%|███████▊  | 14327/18408 [17:44<04:34, 14.86it/s]
 78%|███████▊  | 14329/18408 [17:44<04:36, 14.77it/s]
 78%|███████▊  | 14331/18408 [17:44<04:44, 14.32it/s]
 78%|███████▊  | 14333/18408 [17:44<04:48, 14.14it/s]
 78%|███████▊  | 14335/18408 [17:44<05:07, 13.24it/s]
 78%|███████▊  | 14337/18408 [17:45<04:52, 13.90it/s]
 78%|███████▊  | 14339/18408 [17:45<04:44, 14.31it/s]
 78%|███████▊  | 14341/18408 [17:45<04:54, 13.83it/s]
 78%|███████▊  | 14343/18408 [17:45<04:48, 14.08it/s]
 78%|███████▊  | 14345/18408 [17:45<04:43, 14.35it/s]
 78%|███████▊  | 14347/18408 [17:45<04:35, 14.75it/s]
 78%|███████▊  | 14349/18408 [17:45<04:48, 14.09it/s]
                                                     
{'loss': '0.537', 'grad_norm': '4.673', 'learning_rate': '4.434e-06', 'epoch': '2.339'}

 78%|███████▊  | 14350/18408 [17:46<04:48, 14.09it/s]
 78%|███████▊  | 14351/18408 [17:46<05:22, 12.57it/s]
 78%|███████▊  | 14353/18408 [17:46<05:06, 13.22it/s]
 78%|███████▊  | 14355/18408 [17:46<05:03, 13.34it/s]
 78%|███████▊  | 14357/18408 [17:46<04:49, 13.99it/s]
 78%|███████▊  | 14359/18408 [17:46<04:42, 14.31it/s]
 78%|███████▊  | 14361/18408 [17:46<04:38, 14.51it/s]
 78%|███████▊  | 14363/18408 [17:46<04:36, 14.63it/s]
 78%|███████▊  | 14365/18408 [17:47<04:35, 14.70it/s]
 78%|███████▊  | 14367/18408 [17:47<04:29, 14.99it/s]
 78%|███████▊  | 14369/18408 [17:47<04:30, 14.94it/s]
 78%|███████▊  | 14371/18408 [17:47<04:33, 14.75it/s]
 78%|███████▊  | 14373/18408 [17:47<04:44, 14.16it/s]
 78%|███████▊  | 14375/18408 [17:47<04:49, 13.95it/s]
 78%|███████▊  | 14377/18408 [17:47<04:42, 14.24it/s]
 78%|███████▊  | 14379/18408 [17:48<04:39, 14.42it/s]
 78%|███████▊  | 14381/18408 [17:48<04:38, 14.47it/s]
 78%|███████▊  | 14383/18408 [17:48<04:34, 14.68it/s]
 78%|███████▊  | 14385/18408 [17:48<04:36, 14.55it/s]
 78%|███████▊  | 14387/18408 [17:48<04:39, 14.40it/s]
 78%|███████▊  | 14389/18408 [17:48<04:35, 14.57it/s]
 78%|███████▊  | 14391/18408 [17:48<04:35, 14.56it/s]
 78%|███████▊  | 14393/18408 [17:48<04:29, 14.90it/s]
 78%|███████▊  | 14395/18408 [17:49<04:42, 14.22it/s]
 78%|███████▊  | 14397/18408 [17:49<04:51, 13.78it/s]
 78%|███████▊  | 14399/18408 [17:49<04:40, 14.29it/s]
                                                     
{'loss': '0.5279', 'grad_norm': '5.566', 'learning_rate': '4.38e-06', 'epoch': '2.347'}

 78%|███████▊  | 14400/18408 [17:49<04:40, 14.29it/s]
 78%|███████▊  | 14401/18408 [17:49<04:37, 14.46it/s]
 78%|███████▊  | 14403/18408 [17:49<04:32, 14.68it/s]
 78%|███████▊  | 14405/18408 [17:49<04:30, 14.79it/s]
 78%|███████▊  | 14407/18408 [17:49<04:25, 15.05it/s]
 78%|███████▊  | 14409/18408 [17:50<04:22, 15.25it/s]
 78%|███████▊  | 14411/18408 [17:50<04:32, 14.66it/s]
 78%|███████▊  | 14413/18408 [17:50<04:30, 14.74it/s]
 78%|███████▊  | 14415/18408 [17:50<04:40, 14.22it/s]
 78%|███████▊  | 14417/18408 [17:50<04:35, 14.50it/s]
 78%|███████▊  | 14419/18408 [17:50<04:42, 14.12it/s]
 78%|███████▊  | 14421/18408 [17:50<04:36, 14.43it/s]
 78%|███████▊  | 14423/18408 [17:51<04:34, 14.54it/s]
 78%|███████▊  | 14425/18408 [17:51<04:43, 14.07it/s]
 78%|███████▊  | 14427/18408 [17:51<04:41, 14.15it/s]
 78%|███████▊  | 14429/18408 [17:51<04:37, 14.33it/s]
 78%|███████▊  | 14431/18408 [17:51<04:34, 14.47it/s]
 78%|███████▊  | 14433/18408 [17:51<04:35, 14.41it/s]
 78%|███████▊  | 14435/18408 [17:51<04:28, 14.82it/s]
 78%|███████▊  | 14437/18408 [17:52<04:43, 14.00it/s]
 78%|███████▊  | 14439/18408 [17:52<04:37, 14.28it/s]
 78%|███████▊  | 14441/18408 [17:52<04:38, 14.25it/s]
 78%|███████▊  | 14443/18408 [17:52<04:45, 13.90it/s]
 78%|███████▊  | 14445/18408 [17:52<04:49, 13.71it/s]
 78%|███████▊  | 14447/18408 [17:52<04:41, 14.06it/s]
 78%|███████▊  | 14449/18408 [17:52<04:37, 14.27it/s]
                                                     
{'loss': '0.5319', 'grad_norm': '4.021', 'learning_rate': '4.325e-06', 'epoch': '2.355'}

 78%|███████▊  | 14450/18408 [17:53<04:37, 14.27it/s]
 79%|███████▊  | 14451/18408 [17:53<04:43, 13.97it/s]
 79%|███████▊  | 14453/18408 [17:53<04:33, 14.48it/s]
 79%|███████▊  | 14455/18408 [17:53<04:30, 14.63it/s]
 79%|███████▊  | 14457/18408 [17:53<04:28, 14.74it/s]
 79%|███████▊  | 14459/18408 [17:53<04:25, 14.85it/s]
 79%|███████▊  | 14461/18408 [17:53<04:26, 14.80it/s]
 79%|███████▊  | 14463/18408 [17:53<04:43, 13.91it/s]
 79%|███████▊  | 14465/18408 [17:54<04:37, 14.19it/s]
 79%|███████▊  | 14467/18408 [17:54<04:28, 14.68it/s]
 79%|███████▊  | 14469/18408 [17:54<04:22, 15.02it/s]
 79%|███████▊  | 14471/18408 [17:54<04:24, 14.90it/s]
 79%|███████▊  | 14473/18408 [17:54<04:23, 14.94it/s]
 79%|███████▊  | 14475/18408 [17:54<04:18, 15.19it/s]
 79%|███████▊  | 14477/18408 [17:54<04:30, 14.55it/s]
 79%|███████▊  | 14479/18408 [17:54<04:23, 14.91it/s]
 79%|███████▊  | 14481/18408 [17:55<04:24, 14.84it/s]
 79%|███████▊  | 14483/18408 [17:55<04:25, 14.80it/s]
 79%|███████▊  | 14485/18408 [17:55<04:19, 15.09it/s]
 79%|███████▊  | 14487/18408 [17:55<04:23, 14.86it/s]
 79%|███████▊  | 14489/18408 [17:55<04:41, 13.90it/s]
 79%|███████▊  | 14491/18408 [17:55<04:31, 14.44it/s]
 79%|███████▊  | 14493/18408 [17:55<04:24, 14.82it/s]
 79%|███████▊  | 14495/18408 [17:56<04:22, 14.90it/s]
 79%|███████▉  | 14497/18408 [17:56<04:18, 15.16it/s]
 79%|███████▉  | 14499/18408 [17:56<04:37, 14.07it/s]
                                                     
{'loss': '0.5278', 'grad_norm': '5.156', 'learning_rate': '4.27e-06', 'epoch': '2.363'}

 79%|███████▉  | 14500/18408 [17:56<04:37, 14.07it/s]

  0%|          | 0/39 [00:00<?, ?it/s][A

 26%|██▌       | 10/39 [00:00<00:00, 95.37it/s][A

 54%|█████▍    | 21/39 [00:00<00:00, 100.27it/s][A

 85%|████████▍ | 33/39 [00:00<00:00, 107.77it/s][A
                                                     

                                                
[A{'eval_loss': '0.591', 'eval_accuracy': '0.7635', 'eval_precision': '0.765', 'eval_recall': '0.7635', 'eval_f1_weighted': '0.7633', 'eval_f1_macro': '0.7633', 'eval_runtime': '0.8452', 'eval_samples_per_second': '2946', 'eval_steps_per_second': '46.15', 'epoch': '2.363'}

 79%|███████▉  | 14500/18408 [17:57<04:37, 14.07it/s]

100%|██████████| 39/39 [00:00<00:00, 107.77it/s][A

                                                [A

Writing model shards:   0%|          | 0/1 [00:00<?, ?it/s][A

Writing model shards: 100%|██████████| 1/1 [00:01<00:00,  1.42s/it][A
Writing model shards: 100%|██████████| 1/1 [00:01<00:00,  1.42s/it]

 79%|███████▉  | 14501/18408 [17:59<29:33,  2.20it/s]
 79%|███████▉  | 14503/18408 [17:59<21:57,  2.96it/s]
 79%|███████▉  | 14505/18408 [17:59<16:40,  3.90it/s]
 79%|███████▉  | 14507/18408 [17:59<12:54,  5.04it/s]
 79%|███████▉  | 14509/18408 [17:59<10:16,  6.32it/s]
 79%|███████▉  | 14511/18408 [17:59<08:25,  7.71it/s]
 79%|███████▉  | 14513/18408 [17:59<07:24,  8.76it/s]
 79%|███████▉  | 14515/18408 [17:59<06:41,  9.70it/s]
 79%|███████▉  | 14517/18408 [18:00<06:02, 10.74it/s]
 79%|███████▉  | 14519/18408 [18:00<05:31, 11.74it/s]
 79%|███████▉  | 14521/18408 [18:00<05:42, 11.36it/s]
 79%|███████▉  | 14523/18408 [18:00<05:13, 12.39it/s]
 79%|███████▉  | 14525/18408 [18:00<05:06, 12.66it/s]
 79%|███████▉  | 14527/18408 [18:00<04:49, 13.43it/s]
 79%|███████▉  | 14529/18408 [18:00<04:46, 13.54it/s]
 79%|███████▉  | 14531/18408 [18:01<04:37, 13.95it/s]
 79%|███████▉  | 14533/18408 [18:01<04:30, 14.34it/s]
 79%|███████▉  | 14535/18408 [18:01<04:54, 13.15it/s]
 79%|███████▉  | 14537/18408 [18:01<04:48, 13.42it/s]
 79%|███████▉  | 14539/18408 [18:01<04:40, 13.78it/s]
 79%|███████▉  | 14541/18408 [18:01<04:29, 14.33it/s]
 79%|███████▉  | 14543/18408 [18:01<04:29, 14.33it/s]
 79%|███████▉  | 14545/18408 [18:02<04:22, 14.74it/s]
 79%|███████▉  | 14547/18408 [18:02<04:20, 14.83it/s]
 79%|███████▉  | 14549/18408 [18:02<04:33, 14.12it/s]
                                                     
{'loss': '0.5422', 'grad_norm': '4.43', 'learning_rate': '4.216e-06', 'epoch': '2.371'}

 79%|███████▉  | 14550/18408 [18:02<04:33, 14.12it/s]
 79%|███████▉  | 14551/18408 [18:02<04:37, 13.91it/s]
 79%|███████▉  | 14553/18408 [18:02<04:29, 14.31it/s]
 79%|███████▉  | 14555/18408 [18:02<04:30, 14.24it/s]
 79%|███████▉  | 14557/18408 [18:02<04:25, 14.51it/s]
 79%|███████▉  | 14559/18408 [18:03<04:22, 14.66it/s]
 79%|███████▉  | 14561/18408 [18:03<04:20, 14.75it/s]
 79%|███████▉  | 14563/18408 [18:03<04:25, 14.49it/s]
 79%|███████▉  | 14565/18408 [18:03<04:22, 14.63it/s]
 79%|███████▉  | 14567/18408 [18:03<04:29, 14.26it/s]
 79%|███████▉  | 14569/18408 [18:03<04:22, 14.65it/s]
 79%|███████▉  | 14571/18408 [18:03<04:20, 14.75it/s]
 79%|███████▉  | 14573/18408 [18:04<04:17, 14.89it/s]
 79%|███████▉  | 14575/18408 [18:04<04:18, 14.82it/s]
 79%|███████▉  | 14577/18408 [18:04<04:14, 15.04it/s]
 79%|███████▉  | 14579/18408 [18:04<04:13, 15.11it/s]
 79%|███████▉  | 14581/18408 [18:04<04:13, 15.09it/s]
 79%|███████▉  | 14583/18408 [18:04<04:09, 15.32it/s]
 79%|███████▉  | 14585/18408 [18:04<04:06, 15.49it/s]
 79%|███████▉  | 14587/18408 [18:04<04:11, 15.18it/s]
 79%|███████▉  | 14589/18408 [18:05<04:09, 15.33it/s]
 79%|███████▉  | 14591/18408 [18:05<04:06, 15.49it/s]
 79%|███████▉  | 14593/18408 [18:05<04:17, 14.83it/s]
 79%|███████▉  | 14595/18408 [18:05<04:12, 15.11it/s]
 79%|███████▉  | 14597/18408 [18:05<04:13, 15.04it/s]
 79%|███████▉  | 14599/18408 [18:05<04:10, 15.22it/s]
                                                     
{'loss': '0.5489', 'grad_norm': '5.262', 'learning_rate': '4.161e-06', 'epoch': '2.379'}

 79%|███████▉  | 14600/18408 [18:05<04:10, 15.22it/s]
 79%|███████▉  | 14601/18408 [18:05<04:07, 15.39it/s]
 79%|███████▉  | 14603/18408 [18:06<04:28, 14.19it/s]
 79%|███████▉  | 14605/18408 [18:06<04:30, 14.04it/s]
 79%|███████▉  | 14607/18408 [18:06<04:51, 13.05it/s]
 79%|███████▉  | 14609/18408 [18:06<04:41, 13.52it/s]
 79%|███████▉  | 14611/18408 [18:06<04:29, 14.11it/s]
 79%|███████▉  | 14613/18408 [18:06<04:20, 14.55it/s]
 79%|███████▉  | 14615/18408 [18:06<04:21, 14.51it/s]
 79%|███████▉  | 14617/18408 [18:07<04:14, 14.88it/s]
 79%|███████▉  | 14619/18408 [18:07<04:16, 14.80it/s]
 79%|███████▉  | 14621/18408 [18:07<04:15, 14.80it/s]
 79%|███████▉  | 14623/18408 [18:07<04:15, 14.84it/s]
 79%|███████▉  | 14625/18408 [18:07<04:13, 14.94it/s]
 79%|███████▉  | 14627/18408 [18:07<04:16, 14.77it/s]
 79%|███████▉  | 14629/18408 [18:07<04:19, 14.56it/s]
 79%|███████▉  | 14631/18408 [18:07<04:12, 14.93it/s]
 79%|███████▉  | 14633/18408 [18:08<04:08, 15.18it/s]
 80%|███████▉  | 14635/18408 [18:08<04:05, 15.35it/s]
 80%|███████▉  | 14637/18408 [18:08<04:04, 15.42it/s]
 80%|███████▉  | 14639/18408 [18:08<04:04, 15.42it/s]
 80%|███████▉  | 14641/18408 [18:08<04:12, 14.90it/s]
 80%|███████▉  | 14643/18408 [18:08<04:16, 14.67it/s]
 80%|███████▉  | 14645/18408 [18:08<04:12, 14.88it/s]
 80%|███████▉  | 14647/18408 [18:09<04:10, 15.03it/s]
 80%|███████▉  | 14649/18408 [18:09<04:17, 14.60it/s]
                                                     
{'loss': '0.5592', 'grad_norm': '4.461', 'learning_rate': '4.106e-06', 'epoch': '2.388'}

 80%|███████▉  | 14650/18408 [18:09<04:17, 14.60it/s]
 80%|███████▉  | 14651/18408 [18:09<04:51, 12.90it/s]
 80%|███████▉  | 14653/18408 [18:09<04:39, 13.44it/s]
 80%|███████▉  | 14655/18408 [18:09<04:23, 14.23it/s]
 80%|███████▉  | 14657/18408 [18:09<04:18, 14.50it/s]
 80%|███████▉  | 14659/18408 [18:09<04:12, 14.86it/s]
 80%|███████▉  | 14661/18408 [18:10<04:05, 15.24it/s]
 80%|███████▉  | 14663/18408 [18:10<04:09, 15.01it/s]
 80%|███████▉  | 14665/18408 [18:10<04:13, 14.76it/s]
 80%|███████▉  | 14667/18408 [18:10<04:12, 14.81it/s]
 80%|███████▉  | 14669/18408 [18:10<04:08, 15.05it/s]
 80%|███████▉  | 14671/18408 [18:10<04:05, 15.25it/s]
 80%|███████▉  | 14673/18408 [18:10<04:09, 14.95it/s]
 80%|███████▉  | 14675/18408 [18:10<04:09, 14.96it/s]
 80%|███████▉  | 14677/18408 [18:11<04:08, 15.03it/s]
 80%|███████▉  | 14679/18408 [18:11<04:07, 15.04it/s]
 80%|███████▉  | 14681/18408 [18:11<04:30, 13.78it/s]
 80%|███████▉  | 14683/18408 [18:11<04:25, 14.02it/s]
 80%|███████▉  | 14685/18408 [18:11<04:35, 13.52it/s]
 80%|███████▉  | 14687/18408 [18:11<04:23, 14.12it/s]
 80%|███████▉  | 14689/18408 [18:11<04:15, 14.58it/s]
 80%|███████▉  | 14691/18408 [18:12<04:09, 14.90it/s]
 80%|███████▉  | 14693/18408 [18:12<04:12, 14.70it/s]
 80%|███████▉  | 14695/18408 [18:12<04:15, 14.53it/s]
 80%|███████▉  | 14697/18408 [18:12<04:11, 14.74it/s]
 80%|███████▉  | 14699/18408 [18:12<04:12, 14.68it/s]
                                                     
{'loss': '0.5483', 'grad_norm': '5.099', 'learning_rate': '4.052e-06', 'epoch': '2.396'}

 80%|███████▉  | 14700/18408 [18:12<04:12, 14.68it/s]
 80%|███████▉  | 14701/18408 [18:12<04:06, 15.01it/s]
 80%|███████▉  | 14703/18408 [18:12<04:36, 13.39it/s]
 80%|███████▉  | 14705/18408 [18:13<04:34, 13.51it/s]
 80%|███████▉  | 14707/18408 [18:13<04:22, 14.12it/s]
 80%|███████▉  | 14709/18408 [18:13<04:17, 14.36it/s]
 80%|███████▉  | 14711/18408 [18:13<04:11, 14.71it/s]
 80%|███████▉  | 14713/18408 [18:13<04:09, 14.80it/s]
 80%|███████▉  | 14715/18408 [18:13<04:07, 14.90it/s]
 80%|███████▉  | 14717/18408 [18:13<04:20, 14.20it/s]
 80%|███████▉  | 14719/18408 [18:14<04:27, 13.78it/s]
 80%|███████▉  | 14721/18408 [18:14<04:16, 14.35it/s]
 80%|███████▉  | 14723/18408 [18:14<04:19, 14.19it/s]
 80%|███████▉  | 14725/18408 [18:14<04:15, 14.39it/s]
 80%|████████  | 14727/18408 [18:14<04:15, 14.42it/s]
 80%|████████  | 14729/18408 [18:14<04:12, 14.57it/s]
 80%|████████  | 14731/18408 [18:14<04:06, 14.91it/s]
 80%|████████  | 14733/18408 [18:14<04:05, 14.95it/s]
 80%|████████  | 14735/18408 [18:15<04:01, 15.20it/s]
 80%|████████  | 14737/18408 [18:15<04:02, 15.16it/s]
 80%|████████  | 14739/18408 [18:15<04:01, 15.19it/s]
 80%|████████  | 14741/18408 [18:15<04:30, 13.57it/s]
 80%|████████  | 14743/18408 [18:15<04:26, 13.75it/s]
 80%|████████  | 14745/18408 [18:15<04:23, 13.90it/s]
 80%|████████  | 14747/18408 [18:15<04:16, 14.26it/s]
 80%|████████  | 14749/18408 [18:16<04:26, 13.72it/s]
                                                     
{'loss': '0.5414', 'grad_norm': '5.042', 'learning_rate': '3.997e-06', 'epoch': '2.404'}

 80%|████████  | 14750/18408 [18:16<04:26, 13.72it/s]
 80%|████████  | 14751/18408 [18:16<04:38, 13.15it/s]
 80%|████████  | 14753/18408 [18:16<04:24, 13.80it/s]
 80%|████████  | 14755/18408 [18:16<04:15, 14.31it/s]
 80%|████████  | 14757/18408 [18:16<04:10, 14.59it/s]
 80%|████████  | 14759/18408 [18:16<04:06, 14.78it/s]
 80%|████████  | 14761/18408 [18:16<04:02, 15.05it/s]
 80%|████████  | 14763/18408 [18:17<03:59, 15.24it/s]
 80%|████████  | 14765/18408 [18:17<03:59, 15.20it/s]
 80%|████████  | 14767/18408 [18:17<03:57, 15.33it/s]
 80%|████████  | 14769/18408 [18:17<04:12, 14.41it/s]
 80%|████████  | 14771/18408 [18:17<04:43, 12.82it/s]
 80%|████████  | 14773/18408 [18:17<04:34, 13.26it/s]
 80%|████████  | 14775/18408 [18:17<04:33, 13.26it/s]
 80%|████████  | 14777/18408 [18:18<04:21, 13.91it/s]
 80%|████████  | 14779/18408 [18:18<04:46, 12.69it/s]
 80%|████████  | 14781/18408 [18:18<04:38, 13.02it/s]
 80%|████████  | 14783/18408 [18:18<04:23, 13.75it/s]
 80%|████████  | 14785/18408 [18:18<04:17, 14.07it/s]
 80%|████████  | 14787/18408 [18:18<04:11, 14.39it/s]
 80%|████████  | 14789/18408 [18:18<04:04, 14.78it/s]
 80%|████████  | 14791/18408 [18:19<04:00, 15.01it/s]
 80%|████████  | 14793/18408 [18:19<04:00, 15.01it/s]
 80%|████████  | 14795/18408 [18:19<04:06, 14.65it/s]
 80%|████████  | 14797/18408 [18:19<04:03, 14.81it/s]
 80%|████████  | 14799/18408 [18:19<04:18, 13.98it/s]
                                                     
{'loss': '0.5368', 'grad_norm': '4.052', 'learning_rate': '3.943e-06', 'epoch': '2.412'}

 80%|████████  | 14800/18408 [18:19<04:18, 13.98it/s]
 80%|████████  | 14801/18408 [18:19<04:13, 14.21it/s]
 80%|████████  | 14803/18408 [18:19<04:08, 14.48it/s]
 80%|████████  | 14805/18408 [18:20<04:12, 14.29it/s]
 80%|████████  | 14807/18408 [18:20<04:17, 13.96it/s]
 80%|████████  | 14809/18408 [18:20<04:14, 14.12it/s]
 80%|████████  | 14811/18408 [18:20<04:10, 14.35it/s]
 80%|████████  | 14813/18408 [18:20<04:11, 14.30it/s]
 80%|████████  | 14815/18408 [18:20<04:15, 14.06it/s]
 80%|████████  | 14817/18408 [18:20<04:09, 14.38it/s]
 81%|████████  | 14819/18408 [18:21<04:08, 14.46it/s]
 81%|████████  | 14821/18408 [18:21<04:15, 14.05it/s]
 81%|████████  | 14823/18408 [18:21<04:10, 14.30it/s]
 81%|████████  | 14825/18408 [18:21<04:27, 13.41it/s]
 81%|████████  | 14827/18408 [18:21<04:20, 13.75it/s]
 81%|████████  | 14829/18408 [18:21<04:22, 13.63it/s]
 81%|████████  | 14831/18408 [18:21<04:16, 13.94it/s]
 81%|████████  | 14833/18408 [18:22<04:15, 14.01it/s]
 81%|████████  | 14835/18408 [18:22<04:06, 14.49it/s]
 81%|████████  | 14837/18408 [18:22<04:02, 14.71it/s]
 81%|████████  | 14839/18408 [18:22<04:14, 14.03it/s]
 81%|████████  | 14841/18408 [18:22<04:29, 13.25it/s]
 81%|████████  | 14843/18408 [18:22<04:18, 13.82it/s]
 81%|████████  | 14845/18408 [18:22<04:17, 13.82it/s]
 81%|████████  | 14847/18408 [18:23<04:09, 14.26it/s]
 81%|████████  | 14849/18408 [18:23<04:07, 14.36it/s]
                                                     
{'loss': '0.5374', 'grad_norm': '5.22', 'learning_rate': '3.888e-06', 'epoch': '2.42'}

 81%|████████  | 14850/18408 [18:23<04:07, 14.36it/s]
 81%|████████  | 14851/18408 [18:23<04:08, 14.29it/s]
 81%|████████  | 14853/18408 [18:23<04:03, 14.57it/s]
 81%|████████  | 14855/18408 [18:23<04:08, 14.33it/s]
 81%|████████  | 14857/18408 [18:23<04:03, 14.61it/s]
 81%|████████  | 14859/18408 [18:23<03:57, 14.95it/s]
 81%|████████  | 14861/18408 [18:23<03:55, 15.06it/s]
 81%|████████  | 14863/18408 [18:24<03:55, 15.06it/s]
 81%|████████  | 14865/18408 [18:24<04:09, 14.19it/s]
 81%|████████  | 14867/18408 [18:24<04:03, 14.53it/s]
 81%|████████  | 14869/18408 [18:24<04:04, 14.46it/s]
 81%|████████  | 14871/18408 [18:24<04:10, 14.10it/s]
 81%|████████  | 14873/18408 [18:24<04:14, 13.87it/s]
 81%|████████  | 14875/18408 [18:24<04:08, 14.20it/s]
 81%|████████  | 14877/18408 [18:25<04:08, 14.19it/s]
 81%|████████  | 14879/18408 [18:25<04:08, 14.23it/s]
 81%|████████  | 14881/18408 [18:25<04:13, 13.90it/s]
 81%|████████  | 14883/18408 [18:25<04:06, 14.33it/s]
 81%|████████  | 14885/18408 [18:25<04:02, 14.51it/s]
 81%|████████  | 14887/18408 [18:25<03:56, 14.87it/s]
 81%|████████  | 14889/18408 [18:25<04:02, 14.53it/s]
 81%|████████  | 14891/18408 [18:26<04:00, 14.63it/s]
 81%|████████  | 14893/18408 [18:26<03:59, 14.70it/s]
 81%|████████  | 14895/18408 [18:26<03:56, 14.86it/s]
 81%|████████  | 14897/18408 [18:26<03:54, 14.95it/s]
 81%|████████  | 14899/18408 [18:26<03:57, 14.77it/s]
                                                     
{'loss': '0.526', 'grad_norm': '5.239', 'learning_rate': '3.833e-06', 'epoch': '2.428'}

 81%|████████  | 14900/18408 [18:26<03:57, 14.77it/s]
 81%|████████  | 14901/18408 [18:26<03:56, 14.84it/s]
 81%|████████  | 14903/18408 [18:26<04:13, 13.80it/s]
 81%|████████  | 14905/18408 [18:27<04:04, 14.32it/s]
 81%|████████  | 14907/18408 [18:27<03:57, 14.77it/s]
 81%|████████  | 14909/18408 [18:27<04:11, 13.90it/s]
 81%|████████  | 14911/18408 [18:27<04:06, 14.22it/s]
 81%|████████  | 14913/18408 [18:27<04:14, 13.71it/s]
 81%|████████  | 14915/18408 [18:27<04:08, 14.04it/s]
 81%|████████  | 14917/18408 [18:27<04:10, 13.93it/s]
 81%|████████  | 14919/18408 [18:28<04:11, 13.90it/s]
 81%|████████  | 14921/18408 [18:28<04:02, 14.38it/s]
 81%|████████  | 14923/18408 [18:28<03:55, 14.79it/s]
 81%|████████  | 14925/18408 [18:28<03:51, 15.07it/s]
 81%|████████  | 14927/18408 [18:28<04:02, 14.38it/s]
 81%|████████  | 14929/18408 [18:28<03:58, 14.60it/s]
 81%|████████  | 14931/18408 [18:28<04:16, 13.54it/s]
 81%|████████  | 14933/18408 [18:29<04:06, 14.09it/s]
 81%|████████  | 14935/18408 [18:29<03:58, 14.59it/s]
 81%|████████  | 14937/18408 [18:29<04:03, 14.24it/s]
 81%|████████  | 14939/18408 [18:29<03:56, 14.66it/s]
 81%|████████  | 14941/18408 [18:29<03:57, 14.61it/s]
 81%|████████  | 14943/18408 [18:29<03:57, 14.61it/s]
 81%|████████  | 14945/18408 [18:29<03:59, 14.46it/s]
 81%|████████  | 14947/18408 [18:29<03:53, 14.84it/s]
 81%|████████  | 14949/18408 [18:30<03:48, 15.12it/s]
                                                     
{'loss': '0.5306', 'grad_norm': '4.976', 'learning_rate': '3.779e-06', 'epoch': '2.436'}

 81%|████████  | 14950/18408 [18:30<03:48, 15.12it/s]
 81%|████████  | 14951/18408 [18:30<03:52, 14.89it/s]
 81%|████████  | 14953/18408 [18:30<03:49, 15.04it/s]
 81%|████████  | 14955/18408 [18:30<04:10, 13.79it/s]
 81%|████████▏ | 14957/18408 [18:30<04:03, 14.16it/s]
 81%|████████▏ | 14959/18408 [18:30<04:13, 13.63it/s]
 81%|████████▏ | 14961/18408 [18:30<04:03, 14.17it/s]
 81%|████████▏ | 14963/18408 [18:31<04:00, 14.35it/s]
 81%|████████▏ | 14965/18408 [18:31<03:53, 14.76it/s]
 81%|████████▏ | 14967/18408 [18:31<04:02, 14.19it/s]
 81%|████████▏ | 14969/18408 [18:31<04:00, 14.29it/s]
 81%|████████▏ | 14971/18408 [18:31<04:06, 13.92it/s]
 81%|████████▏ | 14973/18408 [18:31<03:57, 14.43it/s]
 81%|████████▏ | 14975/18408 [18:31<04:03, 14.13it/s]
 81%|████████▏ | 14977/18408 [18:32<04:04, 14.06it/s]
 81%|████████▏ | 14979/18408 [18:32<04:01, 14.23it/s]
 81%|████████▏ | 14981/18408 [18:32<03:58, 14.39it/s]
 81%|████████▏ | 14983/18408 [18:32<04:10, 13.69it/s]
 81%|████████▏ | 14985/18408 [18:32<04:00, 14.24it/s]
 81%|████████▏ | 14987/18408 [18:32<03:56, 14.45it/s]
 81%|████████▏ | 14989/18408 [18:32<04:09, 13.72it/s]
 81%|████████▏ | 14991/18408 [18:33<04:07, 13.83it/s]
 81%|████████▏ | 14993/18408 [18:33<04:01, 14.17it/s]
 81%|████████▏ | 14995/18408 [18:33<03:53, 14.60it/s]
 81%|████████▏ | 14997/18408 [18:33<03:55, 14.50it/s]
 81%|████████▏ | 14999/18408 [18:33<03:59, 14.23it/s]
                                                     
{'loss': '0.5381', 'grad_norm': '4.738', 'learning_rate': '3.724e-06', 'epoch': '2.445'}

 81%|████████▏ | 15000/18408 [18:33<03:59, 14.23it/s]

  0%|          | 0/39 [00:00<?, ?it/s][A

 31%|███       | 12/39 [00:00<00:00, 113.06it/s][A

 62%|██████▏   | 24/39 [00:00<00:00, 112.84it/s][A

 92%|█████████▏| 36/39 [00:00<00:00, 114.16it/s][A
                                                     

                                                
[A{'eval_loss': '0.5844', 'eval_accuracy': '0.7627', 'eval_precision': '0.7637', 'eval_recall': '0.7627', 'eval_f1_weighted': '0.7626', 'eval_f1_macro': '0.7626', 'eval_runtime': '0.784', 'eval_samples_per_second': '3176', 'eval_steps_per_second': '49.75', 'epoch': '2.445'}

 81%|████████▏ | 15000/18408 [18:34<03:59, 14.23it/s]

100%|██████████| 39/39 [00:00<00:00, 114.16it/s][A

                                                [A

Writing model shards:   0%|          | 0/1 [00:00<?, ?it/s][A

Writing model shards: 100%|██████████| 1/1 [00:01<00:00,  1.40s/it][A
Writing model shards: 100%|██████████| 1/1 [00:01<00:00,  1.41s/it]

 81%|████████▏ | 15001/18408 [18:36<25:39,  2.21it/s]
 82%|████████▏ | 15003/18408 [18:36<19:01,  2.98it/s]
 82%|████████▏ | 15005/18408 [18:36<14:31,  3.91it/s]
 82%|████████▏ | 15007/18408 [18:36<11:20,  5.00it/s]
 82%|████████▏ | 15009/18408 [18:36<09:07,  6.21it/s]
 82%|████████▏ | 15011/18408 [18:36<07:31,  7.52it/s]
 82%|████████▏ | 15013/18408 [18:37<06:23,  8.85it/s]
 82%|████████▏ | 15015/18408 [18:37<05:32, 10.20it/s]
 82%|████████▏ | 15017/18408 [18:37<05:10, 10.92it/s]
 82%|████████▏ | 15019/18408 [18:37<04:46, 11.85it/s]
 82%|████████▏ | 15021/18408 [18:37<04:28, 12.61it/s]
 82%|████████▏ | 15023/18408 [18:37<04:20, 12.99it/s]
 82%|████████▏ | 15025/18408 [18:37<04:11, 13.43it/s]
 82%|████████▏ | 15027/18408 [18:38<04:03, 13.90it/s]
 82%|████████▏ | 15029/18408 [18:38<03:54, 14.38it/s]
 82%|████████▏ | 15031/18408 [18:38<03:51, 14.60it/s]
 82%|████████▏ | 15033/18408 [18:38<03:46, 14.93it/s]
 82%|████████▏ | 15035/18408 [18:38<03:50, 14.63it/s]
 82%|████████▏ | 15037/18408 [18:38<03:54, 14.40it/s]
 82%|████████▏ | 15039/18408 [18:38<03:47, 14.80it/s]
 82%|████████▏ | 15041/18408 [18:39<03:46, 14.88it/s]
 82%|████████▏ | 15043/18408 [18:39<03:42, 15.16it/s]
 82%|████████▏ | 15045/18408 [18:39<03:45, 14.89it/s]
 82%|████████▏ | 15047/18408 [18:39<04:07, 13.56it/s]
 82%|████████▏ | 15049/18408 [18:39<04:01, 13.91it/s]
                                                     
{'loss': '0.5505', 'grad_norm': '4.211', 'learning_rate': '3.669e-06', 'epoch': '2.453'}

 82%|████████▏ | 15050/18408 [18:39<04:01, 13.91it/s]
 82%|████████▏ | 15051/18408 [18:39<03:57, 14.13it/s]
 82%|████████▏ | 15053/18408 [18:39<03:49, 14.60it/s]
 82%|████████▏ | 15055/18408 [18:39<03:45, 14.90it/s]
 82%|████████▏ | 15057/18408 [18:40<03:54, 14.31it/s]
 82%|████████▏ | 15059/18408 [18:40<03:48, 14.67it/s]
 82%|████████▏ | 15061/18408 [18:40<04:00, 13.92it/s]
 82%|████████▏ | 15063/18408 [18:40<04:01, 13.86it/s]
 82%|████████▏ | 15065/18408 [18:40<03:52, 14.39it/s]
 82%|████████▏ | 15067/18408 [18:40<03:52, 14.38it/s]
 82%|████████▏ | 15069/18408 [18:40<03:45, 14.80it/s]
 82%|████████▏ | 15071/18408 [18:41<03:47, 14.68it/s]
 82%|████████▏ | 15073/18408 [18:41<03:46, 14.73it/s]
 82%|████████▏ | 15075/18408 [18:41<03:46, 14.69it/s]
 82%|████████▏ | 15077/18408 [18:41<03:44, 14.81it/s]
 82%|████████▏ | 15079/18408 [18:41<03:49, 14.51it/s]
 82%|████████▏ | 15081/18408 [18:41<03:53, 14.23it/s]
 82%|████████▏ | 15083/18408 [18:41<03:50, 14.41it/s]
 82%|████████▏ | 15085/18408 [18:42<03:44, 14.79it/s]
 82%|████████▏ | 15087/18408 [18:42<03:40, 15.05it/s]
 82%|████████▏ | 15089/18408 [18:42<03:38, 15.17it/s]
 82%|████████▏ | 15091/18408 [18:42<03:41, 15.00it/s]
 82%|████████▏ | 15093/18408 [18:42<03:50, 14.40it/s]
 82%|████████▏ | 15095/18408 [18:42<03:47, 14.57it/s]
 82%|████████▏ | 15097/18408 [18:42<03:42, 14.90it/s]
 82%|████████▏ | 15099/18408 [18:43<03:39, 15.08it/s]
                                                     
{'loss': '0.5496', 'grad_norm': '3.372', 'learning_rate': '3.615e-06', 'epoch': '2.461'}

 82%|████████▏ | 15100/18408 [18:43<03:39, 15.08it/s]
 82%|████████▏ | 15101/18408 [18:43<03:39, 15.08it/s]
 82%|████████▏ | 15103/18408 [18:43<03:36, 15.26it/s]
 82%|████████▏ | 15105/18408 [18:43<03:34, 15.40it/s]
 82%|████████▏ | 15107/18408 [18:43<03:38, 15.14it/s]
 82%|████████▏ | 15109/18408 [18:43<03:35, 15.28it/s]
 82%|████████▏ | 15111/18408 [18:43<03:34, 15.39it/s]
 82%|████████▏ | 15113/18408 [18:43<03:44, 14.67it/s]
 82%|████████▏ | 15115/18408 [18:44<03:47, 14.46it/s]
 82%|████████▏ | 15117/18408 [18:44<03:44, 14.68it/s]
 82%|████████▏ | 15119/18408 [18:44<03:46, 14.53it/s]
 82%|████████▏ | 15121/18408 [18:44<03:55, 13.95it/s]
 82%|████████▏ | 15123/18408 [18:44<03:51, 14.20it/s]
 82%|████████▏ | 15125/18408 [18:44<03:49, 14.30it/s]
 82%|████████▏ | 15127/18408 [18:44<03:43, 14.67it/s]
 82%|████████▏ | 15129/18408 [18:45<03:39, 14.96it/s]
 82%|████████▏ | 15131/18408 [18:45<03:36, 15.16it/s]
 82%|████████▏ | 15133/18408 [18:45<03:36, 15.12it/s]
 82%|████████▏ | 15135/18408 [18:45<03:47, 14.41it/s]
 82%|████████▏ | 15137/18408 [18:45<03:47, 14.39it/s]
 82%|████████▏ | 15139/18408 [18:45<04:14, 12.87it/s]
 82%|████████▏ | 15141/18408 [18:45<04:02, 13.46it/s]
 82%|████████▏ | 15143/18408 [18:46<03:51, 14.09it/s]
 82%|████████▏ | 15145/18408 [18:46<03:46, 14.43it/s]
 82%|████████▏ | 15147/18408 [18:46<03:46, 14.42it/s]
 82%|████████▏ | 15149/18408 [18:46<03:48, 14.24it/s]
                                                     
{'loss': '0.5429', 'grad_norm': '6.44', 'learning_rate': '3.56e-06', 'epoch': '2.469'}

 82%|████████▏ | 15150/18408 [18:46<03:48, 14.24it/s]
 82%|████████▏ | 15151/18408 [18:46<03:44, 14.51it/s]
 82%|████████▏ | 15153/18408 [18:46<03:40, 14.80it/s]
 82%|████████▏ | 15155/18408 [18:46<03:36, 15.06it/s]
 82%|████████▏ | 15157/18408 [18:46<03:38, 14.86it/s]
 82%|████████▏ | 15159/18408 [18:47<03:47, 14.31it/s]
 82%|████████▏ | 15161/18408 [18:47<03:49, 14.17it/s]
 82%|████████▏ | 15163/18408 [18:47<03:46, 14.30it/s]
 82%|████████▏ | 15165/18408 [18:47<04:17, 12.62it/s]
 82%|████████▏ | 15167/18408 [18:47<04:12, 12.86it/s]
 82%|████████▏ | 15169/18408 [18:47<04:02, 13.37it/s]
 82%|████████▏ | 15171/18408 [18:48<03:57, 13.60it/s]
 82%|████████▏ | 15173/18408 [18:48<03:48, 14.18it/s]
 82%|████████▏ | 15175/18408 [18:48<03:57, 13.64it/s]
 82%|████████▏ | 15177/18408 [18:48<03:47, 14.22it/s]
 82%|████████▏ | 15179/18408 [18:48<04:05, 13.13it/s]
 82%|████████▏ | 15181/18408 [18:48<03:59, 13.46it/s]
 82%|████████▏ | 15183/18408 [18:48<03:51, 13.95it/s]
 82%|████████▏ | 15185/18408 [18:49<03:49, 14.04it/s]
 83%|████████▎ | 15187/18408 [18:49<03:49, 14.01it/s]
 83%|████████▎ | 15189/18408 [18:49<03:51, 13.90it/s]
 83%|████████▎ | 15191/18408 [18:49<03:46, 14.21it/s]
 83%|████████▎ | 15193/18408 [18:49<03:43, 14.35it/s]
 83%|████████▎ | 15195/18408 [18:49<03:39, 14.66it/s]
 83%|████████▎ | 15197/18408 [18:49<03:41, 14.50it/s]
 83%|████████▎ | 15199/18408 [18:50<03:44, 14.26it/s]
                                                     
{'loss': '0.5591', 'grad_norm': '4.309', 'learning_rate': '3.506e-06', 'epoch': '2.477'}

 83%|████████▎ | 15200/18408 [18:50<03:44, 14.26it/s]
 83%|████████▎ | 15201/18408 [18:50<03:38, 14.67it/s]
 83%|████████▎ | 15203/18408 [18:50<03:44, 14.25it/s]
 83%|████████▎ | 15205/18408 [18:50<03:42, 14.37it/s]
 83%|████████▎ | 15207/18408 [18:50<03:50, 13.88it/s]
 83%|████████▎ | 15209/18408 [18:50<03:46, 14.15it/s]
 83%|████████▎ | 15211/18408 [18:50<03:38, 14.63it/s]
 83%|████████▎ | 15213/18408 [18:50<03:37, 14.68it/s]
 83%|████████▎ | 15215/18408 [18:51<03:44, 14.20it/s]
 83%|████████▎ | 15217/18408 [18:51<03:42, 14.36it/s]
 83%|████████▎ | 15219/18408 [18:51<04:04, 13.05it/s]
 83%|████████▎ | 15221/18408 [18:51<03:51, 13.76it/s]
 83%|████████▎ | 15223/18408 [18:51<03:42, 14.33it/s]
 83%|████████▎ | 15225/18408 [18:51<03:41, 14.37it/s]
 83%|████████▎ | 15227/18408 [18:52<03:47, 13.97it/s]
 83%|████████▎ | 15229/18408 [18:52<03:43, 14.22it/s]
 83%|████████▎ | 15231/18408 [18:52<03:50, 13.79it/s]
 83%|████████▎ | 15233/18408 [18:52<03:43, 14.19it/s]
 83%|████████▎ | 15235/18408 [18:52<03:40, 14.39it/s]
 83%|████████▎ | 15237/18408 [18:52<03:41, 14.34it/s]
 83%|████████▎ | 15239/18408 [18:52<03:35, 14.72it/s]
 83%|████████▎ | 15241/18408 [18:52<03:35, 14.73it/s]
 83%|████████▎ | 15243/18408 [18:53<03:37, 14.55it/s]
 83%|████████▎ | 15245/18408 [18:53<03:40, 14.36it/s]
 83%|████████▎ | 15247/18408 [18:53<03:36, 14.61it/s]
 83%|████████▎ | 15249/18408 [18:53<03:42, 14.20it/s]
                                                     
{'loss': '0.5462', 'grad_norm': '4.483', 'learning_rate': '3.451e-06', 'epoch': '2.485'}

 83%|████████▎ | 15250/18408 [18:53<03:42, 14.20it/s]
 83%|████████▎ | 15251/18408 [18:53<03:39, 14.35it/s]
 83%|████████▎ | 15253/18408 [18:53<03:37, 14.50it/s]
 83%|████████▎ | 15255/18408 [18:53<03:37, 14.48it/s]
 83%|████████▎ | 15257/18408 [18:54<03:36, 14.55it/s]
 83%|████████▎ | 15259/18408 [18:54<03:38, 14.42it/s]
 83%|████████▎ | 15261/18408 [18:54<03:35, 14.58it/s]
 83%|████████▎ | 15263/18408 [18:54<03:34, 14.65it/s]
 83%|████████▎ | 15265/18408 [18:54<03:37, 14.47it/s]
 83%|████████▎ | 15267/18408 [18:54<03:34, 14.62it/s]
 83%|████████▎ | 15269/18408 [18:54<03:35, 14.54it/s]
 83%|████████▎ | 15271/18408 [18:55<03:34, 14.60it/s]
 83%|████████▎ | 15273/18408 [18:55<03:41, 14.17it/s]
 83%|████████▎ | 15275/18408 [18:55<03:38, 14.36it/s]
 83%|████████▎ | 15277/18408 [18:55<03:38, 14.31it/s]
 83%|████████▎ | 15279/18408 [18:55<03:39, 14.26it/s]
 83%|████████▎ | 15281/18408 [18:55<03:32, 14.69it/s]
 83%|████████▎ | 15283/18408 [18:55<03:30, 14.85it/s]
 83%|████████▎ | 15285/18408 [18:55<03:28, 15.01it/s]
 83%|████████▎ | 15287/18408 [18:56<03:55, 13.23it/s]
 83%|████████▎ | 15289/18408 [18:56<03:47, 13.71it/s]
 83%|████████▎ | 15291/18408 [18:56<03:40, 14.11it/s]
 83%|████████▎ | 15293/18408 [18:56<03:34, 14.52it/s]
 83%|████████▎ | 15295/18408 [18:56<03:32, 14.66it/s]
 83%|████████▎ | 15297/18408 [18:56<03:28, 14.94it/s]
 83%|████████▎ | 15299/18408 [18:56<03:28, 14.95it/s]
                                                     
{'loss': '0.5626', 'grad_norm': '4.795', 'learning_rate': '3.396e-06', 'epoch': '2.493'}

 83%|████████▎ | 15300/18408 [18:57<03:27, 14.95it/s]
 83%|████████▎ | 15301/18408 [18:57<03:29, 14.85it/s]
 83%|████████▎ | 15303/18408 [18:57<03:27, 14.97it/s]
 83%|████████▎ | 15305/18408 [18:57<03:28, 14.86it/s]
 83%|████████▎ | 15307/18408 [18:57<03:29, 14.79it/s]
 83%|████████▎ | 15309/18408 [18:57<03:25, 15.10it/s]
 83%|████████▎ | 15311/18408 [18:57<03:35, 14.37it/s]
 83%|████████▎ | 15313/18408 [18:57<03:33, 14.47it/s]
 83%|████████▎ | 15315/18408 [18:58<03:32, 14.57it/s]
 83%|████████▎ | 15317/18408 [18:58<03:29, 14.76it/s]
 83%|████████▎ | 15319/18408 [18:58<03:31, 14.60it/s]
 83%|████████▎ | 15321/18408 [18:58<03:27, 14.90it/s]
 83%|████████▎ | 15323/18408 [18:58<03:36, 14.27it/s]
 83%|████████▎ | 15325/18408 [18:58<03:30, 14.64it/s]
 83%|████████▎ | 15327/18408 [18:58<03:25, 14.96it/s]
 83%|████████▎ | 15329/18408 [18:59<03:31, 14.56it/s]
 83%|████████▎ | 15331/18408 [18:59<03:26, 14.86it/s]
 83%|████████▎ | 15333/18408 [18:59<03:31, 14.55it/s]
 83%|████████▎ | 15335/18408 [18:59<03:28, 14.71it/s]
 83%|████████▎ | 15337/18408 [18:59<03:33, 14.39it/s]
 83%|████████▎ | 15339/18408 [18:59<03:35, 14.27it/s]
 83%|████████▎ | 15341/18408 [18:59<03:29, 14.61it/s]
 83%|████████▎ | 15343/18408 [18:59<03:24, 14.96it/s]
 83%|████████▎ | 15345/18408 [19:00<03:21, 15.21it/s]
 83%|████████▎ | 15347/18408 [19:00<03:18, 15.38it/s]
 83%|████████▎ | 15349/18408 [19:00<03:21, 15.19it/s]
                                                     
{'loss': '0.534', 'grad_norm': '4.603', 'learning_rate': '3.342e-06', 'epoch': '2.502'}

 83%|████████▎ | 15350/18408 [19:00<03:21, 15.19it/s]
 83%|████████▎ | 15351/18408 [19:00<03:32, 14.41it/s]
 83%|████████▎ | 15353/18408 [19:00<03:28, 14.67it/s]
 83%|████████▎ | 15355/18408 [19:00<03:37, 14.05it/s]
 83%|████████▎ | 15357/18408 [19:00<03:29, 14.54it/s]
 83%|████████▎ | 15359/18408 [19:01<03:24, 14.90it/s]
 83%|████████▎ | 15361/18408 [19:01<03:28, 14.63it/s]
 83%|████████▎ | 15363/18408 [19:01<03:24, 14.90it/s]
 83%|████████▎ | 15365/18408 [19:01<03:42, 13.70it/s]
 83%|████████▎ | 15367/18408 [19:01<03:32, 14.29it/s]
 83%|████████▎ | 15369/18408 [19:01<03:32, 14.33it/s]
 84%|████████▎ | 15371/18408 [19:01<03:28, 14.58it/s]
 84%|████████▎ | 15373/18408 [19:02<03:28, 14.57it/s]
 84%|████████▎ | 15375/18408 [19:02<03:25, 14.74it/s]
 84%|████████▎ | 15377/18408 [19:02<03:25, 14.78it/s]
 84%|████████▎ | 15379/18408 [19:02<03:20, 15.09it/s]
 84%|████████▎ | 15381/18408 [19:02<03:32, 14.25it/s]
 84%|████████▎ | 15383/18408 [19:02<03:39, 13.79it/s]
 84%|████████▎ | 15385/18408 [19:02<03:33, 14.17it/s]
 84%|████████▎ | 15387/18408 [19:03<03:35, 14.01it/s]
 84%|████████▎ | 15389/18408 [19:03<03:32, 14.17it/s]
 84%|████████▎ | 15391/18408 [19:03<03:45, 13.38it/s]
 84%|████████▎ | 15393/18408 [19:03<03:35, 13.98it/s]
 84%|████████▎ | 15395/18408 [19:03<03:30, 14.29it/s]
 84%|████████▎ | 15397/18408 [19:03<03:24, 14.75it/s]
 84%|████████▎ | 15399/18408 [19:03<03:23, 14.80it/s]
                                                     
{'loss': '0.5435', 'grad_norm': '4.766', 'learning_rate': '3.287e-06', 'epoch': '2.51'}

 84%|████████▎ | 15400/18408 [19:03<03:23, 14.80it/s]
 84%|████████▎ | 15401/18408 [19:03<03:22, 14.87it/s]
 84%|████████▎ | 15403/18408 [19:04<03:21, 14.88it/s]
 84%|████████▎ | 15405/18408 [19:04<03:18, 15.12it/s]
 84%|████████▎ | 15407/18408 [19:04<03:16, 15.31it/s]
 84%|████████▎ | 15409/18408 [19:04<03:16, 15.27it/s]
 84%|████████▎ | 15411/18408 [19:04<03:14, 15.37it/s]
 84%|████████▎ | 15413/18408 [19:04<03:13, 15.50it/s]
 84%|████████▎ | 15415/18408 [19:04<03:14, 15.37it/s]
 84%|████████▍ | 15417/18408 [19:05<03:16, 15.24it/s]
 84%|████████▍ | 15419/18408 [19:05<03:22, 14.74it/s]
 84%|████████▍ | 15421/18408 [19:05<03:26, 14.48it/s]
 84%|████████▍ | 15423/18408 [19:05<03:24, 14.62it/s]
 84%|████████▍ | 15425/18408 [19:05<03:22, 14.71it/s]
 84%|████████▍ | 15427/18408 [19:05<03:22, 14.70it/s]
 84%|████████▍ | 15429/18408 [19:05<03:44, 13.29it/s]
 84%|████████▍ | 15431/18408 [19:06<03:39, 13.58it/s]
 84%|████████▍ | 15433/18408 [19:06<03:33, 13.94it/s]
 84%|████████▍ | 15435/18408 [19:06<03:26, 14.40it/s]
 84%|████████▍ | 15437/18408 [19:06<03:31, 14.08it/s]
 84%|████████▍ | 15439/18408 [19:06<03:26, 14.37it/s]
 84%|████████▍ | 15441/18408 [19:06<03:34, 13.85it/s]
 84%|████████▍ | 15443/18408 [19:06<03:28, 14.24it/s]
 84%|████████▍ | 15445/18408 [19:06<03:23, 14.55it/s]
 84%|████████▍ | 15447/18408 [19:07<03:27, 14.27it/s]
 84%|████████▍ | 15449/18408 [19:07<03:32, 13.93it/s]
                                                     
{'loss': '0.5438', 'grad_norm': '4.362', 'learning_rate': '3.232e-06', 'epoch': '2.518'}

 84%|████████▍ | 15450/18408 [19:07<03:32, 13.93it/s]
 84%|████████▍ | 15451/18408 [19:07<03:31, 14.01it/s]
 84%|████████▍ | 15453/18408 [19:07<03:24, 14.46it/s]
 84%|████████▍ | 15455/18408 [19:07<03:28, 14.17it/s]
 84%|████████▍ | 15457/18408 [19:07<03:21, 14.64it/s]
 84%|████████▍ | 15459/18408 [19:07<03:30, 14.02it/s]
 84%|████████▍ | 15461/18408 [19:08<03:23, 14.51it/s]
 84%|████████▍ | 15463/18408 [19:08<03:20, 14.67it/s]
 84%|████████▍ | 15465/18408 [19:08<03:27, 14.16it/s]
 84%|████████▍ | 15467/18408 [19:08<03:21, 14.62it/s]
 84%|████████▍ | 15469/18408 [19:08<03:19, 14.77it/s]
 84%|████████▍ | 15471/18408 [19:08<03:28, 14.09it/s]
 84%|████████▍ | 15473/18408 [19:08<03:24, 14.37it/s]
 84%|████████▍ | 15475/18408 [19:09<03:19, 14.69it/s]
 84%|████████▍ | 15477/18408 [19:09<03:28, 14.05it/s]
 84%|████████▍ | 15479/18408 [19:09<03:48, 12.84it/s]
 84%|████████▍ | 15481/18408 [19:09<03:37, 13.44it/s]
 84%|████████▍ | 15483/18408 [19:09<03:33, 13.70it/s]
 84%|████████▍ | 15485/18408 [19:09<03:53, 12.53it/s]
 84%|████████▍ | 15487/18408 [19:10<03:56, 12.35it/s]
 84%|████████▍ | 15489/18408 [19:10<03:46, 12.90it/s]
 84%|████████▍ | 15491/18408 [19:10<03:34, 13.61it/s]
 84%|████████▍ | 15493/18408 [19:10<03:25, 14.21it/s]
 84%|████████▍ | 15495/18408 [19:10<03:31, 13.77it/s]
 84%|████████▍ | 15497/18408 [19:10<03:28, 13.96it/s]
 84%|████████▍ | 15499/18408 [19:10<03:53, 12.48it/s]
                                                     
{'loss': '0.5345', 'grad_norm': '4.187', 'learning_rate': '3.178e-06', 'epoch': '2.526'}

 84%|████████▍ | 15500/18408 [19:11<03:53, 12.48it/s]

  0%|          | 0/39 [00:00<?, ?it/s][A

 28%|██▊       | 11/39 [00:00<00:00, 105.55it/s][A

 56%|█████▋    | 22/39 [00:00<00:00, 104.45it/s][A

 87%|████████▋ | 34/39 [00:00<00:00, 110.42it/s][A
                                                     

                                                
[A{'eval_loss': '0.5787', 'eval_accuracy': '0.7699', 'eval_precision': '0.7719', 'eval_recall': '0.7699', 'eval_f1_weighted': '0.7704', 'eval_f1_macro': '0.7704', 'eval_runtime': '0.842', 'eval_samples_per_second': '2957', 'eval_steps_per_second': '46.32', 'epoch': '2.526'}

 84%|████████▍ | 15500/18408 [19:11<03:53, 12.48it/s]

100%|██████████| 39/39 [00:00<00:00, 110.42it/s][A

                                                [A

Writing model shards:   0%|          | 0/1 [00:00<?, ?it/s][A

Writing model shards: 100%|██████████| 1/1 [00:01<00:00,  1.38s/it][A
Writing model shards: 100%|██████████| 1/1 [00:01<00:00,  1.38s/it]

 84%|████████▍ | 15501/18408 [19:13<21:54,  2.21it/s]
 84%|████████▍ | 15503/18408 [19:13<16:26,  2.95it/s]
 84%|████████▍ | 15505/18408 [19:13<12:29,  3.87it/s]
 84%|████████▍ | 15507/18408 [19:14<09:48,  4.93it/s]
 84%|████████▍ | 15509/18408 [19:14<07:46,  6.21it/s]
 84%|████████▍ | 15511/18408 [19:14<06:21,  7.59it/s]
 84%|████████▍ | 15513/18408 [19:14<05:26,  8.87it/s]
 84%|████████▍ | 15515/18408 [19:14<04:45, 10.13it/s]
 84%|████████▍ | 15517/18408 [19:14<04:22, 11.00it/s]
 84%|████████▍ | 15519/18408 [19:14<04:02, 11.91it/s]
 84%|████████▍ | 15521/18408 [19:14<03:47, 12.67it/s]
 84%|████████▍ | 15523/18408 [19:15<03:42, 12.96it/s]
 84%|████████▍ | 15525/18408 [19:15<03:39, 13.11it/s]
 84%|████████▍ | 15527/18408 [19:15<03:28, 13.80it/s]
 84%|████████▍ | 15529/18408 [19:15<03:30, 13.68it/s]
 84%|████████▍ | 15531/18408 [19:15<03:28, 13.83it/s]
 84%|████████▍ | 15533/18408 [19:15<03:24, 14.08it/s]
 84%|████████▍ | 15535/18408 [19:15<03:26, 13.88it/s]
 84%|████████▍ | 15537/18408 [19:16<03:30, 13.64it/s]
 84%|████████▍ | 15539/18408 [19:16<03:46, 12.67it/s]
 84%|████████▍ | 15541/18408 [19:16<03:33, 13.43it/s]
 84%|████████▍ | 15543/18408 [19:16<03:25, 13.95it/s]
 84%|████████▍ | 15545/18408 [19:16<03:17, 14.46it/s]
 84%|████████▍ | 15547/18408 [19:16<03:13, 14.80it/s]
 84%|████████▍ | 15549/18408 [19:16<03:09, 15.08it/s]
                                                     
{'loss': '0.5615', 'grad_norm': '5.093', 'learning_rate': '3.123e-06', 'epoch': '2.534'}

 84%|████████▍ | 15550/18408 [19:17<03:09, 15.08it/s]
 84%|████████▍ | 15551/18408 [19:17<03:07, 15.23it/s]
 84%|████████▍ | 15553/18408 [19:17<03:15, 14.61it/s]
 85%|████████▍ | 15555/18408 [19:17<03:20, 14.24it/s]
 85%|████████▍ | 15557/18408 [19:17<03:24, 13.94it/s]
 85%|████████▍ | 15559/18408 [19:17<03:19, 14.30it/s]
 85%|████████▍ | 15561/18408 [19:17<03:16, 14.48it/s]
 85%|████████▍ | 15563/18408 [19:17<03:15, 14.54it/s]
 85%|████████▍ | 15565/18408 [19:18<03:15, 14.53it/s]
 85%|████████▍ | 15567/18408 [19:18<03:15, 14.55it/s]
 85%|████████▍ | 15569/18408 [19:18<03:13, 14.70it/s]
 85%|████████▍ | 15571/18408 [19:18<03:11, 14.81it/s]
 85%|████████▍ | 15573/18408 [19:18<03:12, 14.72it/s]
 85%|████████▍ | 15575/18408 [19:18<03:11, 14.81it/s]
 85%|████████▍ | 15577/18408 [19:18<03:12, 14.67it/s]
 85%|████████▍ | 15579/18408 [19:19<03:13, 14.64it/s]
 85%|████████▍ | 15581/18408 [19:19<03:21, 14.00it/s]
 85%|████████▍ | 15583/18408 [19:19<03:15, 14.48it/s]
 85%|████████▍ | 15585/18408 [19:19<03:09, 14.86it/s]
 85%|████████▍ | 15587/18408 [19:19<03:15, 14.43it/s]
 85%|████████▍ | 15589/18408 [19:19<03:14, 14.49it/s]
 85%|████████▍ | 15591/18408 [19:19<03:13, 14.57it/s]
 85%|████████▍ | 15593/18408 [19:19<03:23, 13.86it/s]
 85%|████████▍ | 15595/18408 [19:20<03:18, 14.19it/s]
 85%|████████▍ | 15597/18408 [19:20<03:13, 14.50it/s]
 85%|████████▍ | 15599/18408 [19:20<03:12, 14.60it/s]
                                                     
{'loss': '0.551', 'grad_norm': '5.084', 'learning_rate': '3.069e-06', 'epoch': '2.542'}

 85%|████████▍ | 15600/18408 [19:20<03:12, 14.60it/s]
 85%|████████▍ | 15601/18408 [19:20<03:08, 14.89it/s]
 85%|████████▍ | 15603/18408 [19:20<03:15, 14.33it/s]
 85%|████████▍ | 15605/18408 [19:20<03:12, 14.55it/s]
 85%|████████▍ | 15607/18408 [19:20<03:07, 14.90it/s]
 85%|████████▍ | 15609/18408 [19:21<03:06, 14.97it/s]
 85%|████████▍ | 15611/18408 [19:21<03:04, 15.18it/s]
 85%|████████▍ | 15613/18408 [19:21<03:08, 14.85it/s]
 85%|████████▍ | 15615/18408 [19:21<03:12, 14.55it/s]
 85%|████████▍ | 15617/18408 [19:21<03:28, 13.39it/s]
 85%|████████▍ | 15619/18408 [19:21<03:23, 13.74it/s]
 85%|████████▍ | 15621/18408 [19:21<03:18, 14.07it/s]
 85%|████████▍ | 15623/18408 [19:22<03:16, 14.19it/s]
 85%|████████▍ | 15625/18408 [19:22<03:14, 14.31it/s]
 85%|████████▍ | 15627/18408 [19:22<03:12, 14.44it/s]
 85%|████████▍ | 15629/18408 [19:22<03:11, 14.52it/s]
 85%|████████▍ | 15631/18408 [19:22<03:09, 14.66it/s]
 85%|████████▍ | 15633/18408 [19:22<03:18, 13.95it/s]
 85%|████████▍ | 15635/18408 [19:22<03:18, 13.95it/s]
 85%|████████▍ | 15637/18408 [19:23<03:24, 13.52it/s]
 85%|████████▍ | 15639/18408 [19:23<03:14, 14.26it/s]
 85%|████████▍ | 15641/18408 [19:23<03:49, 12.08it/s]
 85%|████████▍ | 15643/18408 [19:23<03:36, 12.79it/s]
 85%|████████▍ | 15645/18408 [19:23<03:25, 13.47it/s]
 85%|████████▌ | 15647/18408 [19:23<03:17, 13.97it/s]
 85%|████████▌ | 15649/18408 [19:23<03:21, 13.67it/s]
                                                     
{'loss': '0.5364', 'grad_norm': '4.265', 'learning_rate': '3.014e-06', 'epoch': '2.551'}

 85%|████████▌ | 15650/18408 [19:24<03:21, 13.67it/s]
 85%|████████▌ | 15651/18408 [19:24<03:17, 13.94it/s]
 85%|████████▌ | 15653/18408 [19:24<03:13, 14.27it/s]
 85%|████████▌ | 15655/18408 [19:24<03:20, 13.72it/s]
 85%|████████▌ | 15657/18408 [19:24<03:20, 13.73it/s]
 85%|████████▌ | 15659/18408 [19:24<03:12, 14.28it/s]
 85%|████████▌ | 15661/18408 [19:24<03:05, 14.79it/s]
 85%|████████▌ | 15663/18408 [19:24<03:00, 15.22it/s]
 85%|████████▌ | 15665/18408 [19:25<03:03, 14.95it/s]
 85%|████████▌ | 15667/18408 [19:25<03:02, 15.05it/s]
 85%|████████▌ | 15669/18408 [19:25<03:02, 15.02it/s]
 85%|████████▌ | 15671/18408 [19:25<03:02, 15.00it/s]
 85%|████████▌ | 15673/18408 [19:25<03:08, 14.47it/s]
 85%|████████▌ | 15675/18408 [19:25<03:19, 13.67it/s]
 85%|████████▌ | 15677/18408 [19:25<03:17, 13.85it/s]
 85%|████████▌ | 15679/18408 [19:26<03:12, 14.21it/s]
 85%|████████▌ | 15681/18408 [19:26<03:24, 13.33it/s]
 85%|████████▌ | 15683/18408 [19:26<03:19, 13.64it/s]
 85%|████████▌ | 15685/18408 [19:26<03:13, 14.10it/s]
 85%|████████▌ | 15687/18408 [19:26<03:08, 14.47it/s]
 85%|████████▌ | 15689/18408 [19:26<03:03, 14.83it/s]
 85%|████████▌ | 15691/18408 [19:26<02:58, 15.20it/s]
 85%|████████▌ | 15693/18408 [19:26<02:55, 15.46it/s]
 85%|████████▌ | 15695/18408 [19:27<03:04, 14.72it/s]
 85%|████████▌ | 15697/18408 [19:27<03:08, 14.42it/s]
 85%|████████▌ | 15699/18408 [19:27<03:02, 14.81it/s]
                                                     
{'loss': '0.5194', 'grad_norm': '5.304', 'learning_rate': '2.959e-06', 'epoch': '2.559'}

 85%|████████▌ | 15700/18408 [19:27<03:02, 14.81it/s]
 85%|████████▌ | 15701/18408 [19:27<03:02, 14.79it/s]
 85%|████████▌ | 15703/18408 [19:27<03:01, 14.92it/s]
 85%|████████▌ | 15705/18408 [19:27<02:56, 15.31it/s]
 85%|████████▌ | 15707/18408 [19:27<02:53, 15.55it/s]
 85%|████████▌ | 15709/18408 [19:28<02:55, 15.38it/s]
 85%|████████▌ | 15711/18408 [19:28<03:10, 14.15it/s]
 85%|████████▌ | 15713/18408 [19:28<03:07, 14.34it/s]
 85%|████████▌ | 15715/18408 [19:28<03:03, 14.70it/s]
 85%|████████▌ | 15717/18408 [19:28<02:57, 15.14it/s]
 85%|████████▌ | 15719/18408 [19:28<02:54, 15.42it/s]
 85%|████████▌ | 15721/18408 [19:28<02:54, 15.41it/s]
 85%|████████▌ | 15723/18408 [19:28<02:55, 15.30it/s]
 85%|████████▌ | 15725/18408 [19:29<02:56, 15.19it/s]
 85%|████████▌ | 15727/18408 [19:29<02:56, 15.21it/s]
 85%|████████▌ | 15729/18408 [19:29<02:53, 15.44it/s]
 85%|████████▌ | 15731/18408 [19:29<02:54, 15.38it/s]
 85%|████████▌ | 15733/18408 [19:29<02:55, 15.28it/s]
 85%|████████▌ | 15735/18408 [19:29<02:53, 15.44it/s]
 85%|████████▌ | 15737/18408 [19:29<02:50, 15.63it/s]
 86%|████████▌ | 15739/18408 [19:30<02:49, 15.72it/s]
 86%|████████▌ | 15741/18408 [19:30<02:53, 15.36it/s]
 86%|████████▌ | 15743/18408 [19:30<03:00, 14.76it/s]
 86%|████████▌ | 15745/18408 [19:30<03:01, 14.66it/s]
 86%|████████▌ | 15747/18408 [19:30<03:05, 14.33it/s]
 86%|████████▌ | 15749/18408 [19:30<03:04, 14.43it/s]
                                                     
{'loss': '0.5673', 'grad_norm': '5.299', 'learning_rate': '2.905e-06', 'epoch': '2.567'}

 86%|████████▌ | 15750/18408 [19:30<03:04, 14.43it/s]
 86%|████████▌ | 15751/18408 [19:30<02:59, 14.83it/s]
 86%|████████▌ | 15753/18408 [19:30<03:00, 14.70it/s]
 86%|████████▌ | 15755/18408 [19:31<02:58, 14.89it/s]
 86%|████████▌ | 15757/18408 [19:31<02:54, 15.16it/s]
 86%|████████▌ | 15759/18408 [19:31<02:58, 14.87it/s]
 86%|████████▌ | 15761/18408 [19:31<03:00, 14.63it/s]
 86%|████████▌ | 15763/18408 [19:31<03:16, 13.45it/s]
 86%|████████▌ | 15765/18408 [19:31<03:08, 13.99it/s]
 86%|████████▌ | 15767/18408 [19:31<03:01, 14.54it/s]
 86%|████████▌ | 15769/18408 [19:32<02:56, 14.94it/s]
 86%|████████▌ | 15771/18408 [19:32<03:12, 13.68it/s]
 86%|████████▌ | 15773/18408 [19:32<03:24, 12.86it/s]
 86%|████████▌ | 15775/18408 [19:32<03:18, 13.24it/s]
 86%|████████▌ | 15777/18408 [19:32<03:10, 13.80it/s]
 86%|████████▌ | 15779/18408 [19:32<03:04, 14.23it/s]
 86%|████████▌ | 15781/18408 [19:32<03:04, 14.25it/s]
 86%|████████▌ | 15783/18408 [19:33<03:02, 14.36it/s]
 86%|████████▌ | 15785/18408 [19:33<03:03, 14.32it/s]
 86%|████████▌ | 15787/18408 [19:33<03:09, 13.83it/s]
 86%|████████▌ | 15789/18408 [19:33<03:02, 14.38it/s]
 86%|████████▌ | 15791/18408 [19:33<03:12, 13.61it/s]
 86%|████████▌ | 15793/18408 [19:33<03:08, 13.90it/s]
 86%|████████▌ | 15795/18408 [19:34<03:13, 13.54it/s]
 86%|████████▌ | 15797/18408 [19:34<03:07, 13.89it/s]
 86%|████████▌ | 15799/18408 [19:34<03:00, 14.45it/s]
                                                     
{'loss': '0.5262', 'grad_norm': '4.845', 'learning_rate': '2.85e-06', 'epoch': '2.575'}

 86%|████████▌ | 15800/18408 [19:34<03:00, 14.45it/s]
 86%|████████▌ | 15801/18408 [19:34<02:58, 14.63it/s]
 86%|████████▌ | 15803/18408 [19:34<03:01, 14.32it/s]
 86%|████████▌ | 15805/18408 [19:34<03:02, 14.24it/s]
 86%|████████▌ | 15807/18408 [19:34<02:57, 14.68it/s]
 86%|████████▌ | 15809/18408 [19:34<02:53, 14.98it/s]
 86%|████████▌ | 15811/18408 [19:35<02:55, 14.77it/s]
 86%|████████▌ | 15813/18408 [19:35<02:59, 14.42it/s]
 86%|████████▌ | 15815/18408 [19:35<02:56, 14.71it/s]
 86%|████████▌ | 15817/18408 [19:35<02:54, 14.83it/s]
 86%|████████▌ | 15819/18408 [19:35<02:50, 15.17it/s]
 86%|████████▌ | 15821/18408 [19:35<02:54, 14.84it/s]
 86%|████████▌ | 15823/18408 [19:35<02:55, 14.73it/s]
 86%|████████▌ | 15825/18408 [19:36<02:51, 15.06it/s]
 86%|████████▌ | 15827/18408 [19:36<02:51, 15.09it/s]
 86%|████████▌ | 15829/18408 [19:36<03:01, 14.21it/s]
 86%|████████▌ | 15831/18408 [19:36<02:59, 14.33it/s]
 86%|████████▌ | 15833/18408 [19:36<03:05, 13.88it/s]
 86%|████████▌ | 15835/18408 [19:36<03:02, 14.09it/s]
 86%|████████▌ | 15837/18408 [19:36<02:58, 14.40it/s]
 86%|████████▌ | 15839/18408 [19:36<02:52, 14.90it/s]
 86%|████████▌ | 15841/18408 [19:37<02:52, 14.89it/s]
 86%|████████▌ | 15843/18408 [19:37<03:03, 14.00it/s]
 86%|████████▌ | 15845/18408 [19:37<03:00, 14.16it/s]
 86%|████████▌ | 15847/18408 [19:37<02:56, 14.52it/s]
 86%|████████▌ | 15849/18408 [19:37<02:51, 14.90it/s]
                                                     
{'loss': '0.5613', 'grad_norm': '3.639', 'learning_rate': '2.795e-06', 'epoch': '2.583'}

 86%|████████▌ | 15850/18408 [19:37<02:51, 14.90it/s]
 86%|████████▌ | 15851/18408 [19:37<02:55, 14.61it/s]
 86%|████████▌ | 15853/18408 [19:37<02:54, 14.66it/s]
 86%|████████▌ | 15855/18408 [19:38<02:53, 14.75it/s]
 86%|████████▌ | 15857/18408 [19:38<02:52, 14.77it/s]
 86%|████████▌ | 15859/18408 [19:38<02:48, 15.11it/s]
 86%|████████▌ | 15861/18408 [19:38<02:46, 15.28it/s]
 86%|████████▌ | 15863/18408 [19:38<02:44, 15.52it/s]
 86%|████████▌ | 15865/18408 [19:38<02:47, 15.20it/s]
 86%|████████▌ | 15867/18408 [19:38<02:48, 15.05it/s]
 86%|████████▌ | 15869/18408 [19:39<02:52, 14.74it/s]
 86%|████████▌ | 15871/18408 [19:39<02:49, 14.94it/s]
 86%|████████▌ | 15873/18408 [19:39<02:46, 15.20it/s]
 86%|████████▌ | 15875/18408 [19:39<02:49, 14.91it/s]
 86%|████████▋ | 15877/18408 [19:39<02:50, 14.81it/s]
 86%|████████▋ | 15879/18408 [19:39<02:56, 14.36it/s]
 86%|████████▋ | 15881/18408 [19:39<02:50, 14.79it/s]
 86%|████████▋ | 15883/18408 [19:39<02:47, 15.09it/s]
 86%|████████▋ | 15885/18408 [19:40<02:46, 15.15it/s]
 86%|████████▋ | 15887/18408 [19:40<02:48, 14.97it/s]
 86%|████████▋ | 15889/18408 [19:40<02:46, 15.13it/s]
 86%|████████▋ | 15891/18408 [19:40<02:49, 14.82it/s]
 86%|████████▋ | 15893/18408 [19:40<02:51, 14.69it/s]
 86%|████████▋ | 15895/18408 [19:40<02:54, 14.43it/s]
 86%|████████▋ | 15897/18408 [19:40<02:52, 14.52it/s]
 86%|████████▋ | 15899/18408 [19:41<02:56, 14.20it/s]
                                                     
{'loss': '0.5217', 'grad_norm': '4.729', 'learning_rate': '2.741e-06', 'epoch': '2.591'}

 86%|████████▋ | 15900/18408 [19:41<02:56, 14.20it/s]
 86%|████████▋ | 15901/18408 [19:41<03:12, 13.00it/s]
 86%|████████▋ | 15903/18408 [19:41<03:05, 13.47it/s]
 86%|████████▋ | 15905/18408 [19:41<03:02, 13.75it/s]
 86%|████████▋ | 15907/18408 [19:41<02:56, 14.20it/s]
 86%|████████▋ | 15909/18408 [19:41<03:00, 13.84it/s]
 86%|████████▋ | 15911/18408 [19:41<02:55, 14.24it/s]
 86%|████████▋ | 15913/18408 [19:42<02:49, 14.72it/s]
 86%|████████▋ | 15915/18408 [19:42<02:44, 15.16it/s]
 86%|████████▋ | 15917/18408 [19:42<02:51, 14.54it/s]
 86%|████████▋ | 15919/18408 [19:42<02:54, 14.29it/s]
 86%|████████▋ | 15921/18408 [19:42<02:48, 14.74it/s]
 87%|████████▋ | 15923/18408 [19:42<02:45, 15.03it/s]
 87%|████████▋ | 15925/18408 [19:42<02:42, 15.27it/s]
 87%|████████▋ | 15927/18408 [19:42<02:45, 14.95it/s]
 87%|████████▋ | 15929/18408 [19:43<02:52, 14.40it/s]
 87%|████████▋ | 15931/18408 [19:43<02:53, 14.28it/s]
 87%|████████▋ | 15933/18408 [19:43<02:53, 14.28it/s]
 87%|████████▋ | 15935/18408 [19:43<02:46, 14.81it/s]
 87%|████████▋ | 15937/18408 [19:43<03:03, 13.45it/s]
 87%|████████▋ | 15939/18408 [19:43<03:04, 13.38it/s]
 87%|████████▋ | 15941/18408 [19:44<03:02, 13.50it/s]
 87%|████████▋ | 15943/18408 [19:44<03:10, 12.96it/s]
 87%|████████▋ | 15945/18408 [19:44<02:58, 13.80it/s]
 87%|████████▋ | 15947/18408 [19:44<02:53, 14.15it/s]
 87%|████████▋ | 15949/18408 [19:44<02:48, 14.59it/s]
                                                     
{'loss': '0.5409', 'grad_norm': '4.27', 'learning_rate': '2.686e-06', 'epoch': '2.599'}

 87%|████████▋ | 15950/18408 [19:44<02:48, 14.59it/s]
 87%|████████▋ | 15951/18408 [19:44<02:44, 14.93it/s]
 87%|████████▋ | 15953/18408 [19:44<02:44, 14.92it/s]
 87%|████████▋ | 15955/18408 [19:44<02:47, 14.60it/s]
 87%|████████▋ | 15957/18408 [19:45<02:45, 14.80it/s]
 87%|████████▋ | 15959/18408 [19:45<02:45, 14.82it/s]
 87%|████████▋ | 15961/18408 [19:45<02:47, 14.61it/s]
 87%|████████▋ | 15963/18408 [19:45<02:43, 14.96it/s]
 87%|████████▋ | 15965/18408 [19:45<02:43, 14.90it/s]
 87%|████████▋ | 15967/18408 [19:45<02:42, 15.00it/s]
 87%|████████▋ | 15969/18408 [19:45<02:39, 15.30it/s]
 87%|████████▋ | 15971/18408 [19:46<02:36, 15.61it/s]
 87%|████████▋ | 15973/18408 [19:46<02:46, 14.59it/s]
 87%|████████▋ | 15975/18408 [19:46<02:44, 14.81it/s]
 87%|████████▋ | 15977/18408 [19:46<02:44, 14.80it/s]
 87%|████████▋ | 15979/18408 [19:46<02:41, 15.04it/s]
 87%|████████▋ | 15981/18408 [19:46<02:44, 14.74it/s]
 87%|████████▋ | 15983/18408 [19:46<02:51, 14.13it/s]
 87%|████████▋ | 15985/18408 [19:47<02:45, 14.65it/s]
 87%|████████▋ | 15987/18408 [19:47<02:41, 15.03it/s]
 87%|████████▋ | 15989/18408 [19:47<02:47, 14.45it/s]
 87%|████████▋ | 15991/18408 [19:47<02:47, 14.45it/s]
 87%|████████▋ | 15993/18408 [19:47<02:53, 13.91it/s]
 87%|████████▋ | 15995/18408 [19:47<02:51, 14.08it/s]
 87%|████████▋ | 15997/18408 [19:47<02:45, 14.53it/s]
 87%|████████▋ | 15999/18408 [19:47<02:44, 14.63it/s]
                                                     
{'loss': '0.525', 'grad_norm': '5.086', 'learning_rate': '2.632e-06', 'epoch': '2.608'}

 87%|████████▋ | 16000/18408 [19:48<02:44, 14.63it/s]

  0%|          | 0/39 [00:00<?, ?it/s][A

 26%|██▌       | 10/39 [00:00<00:00, 97.80it/s][A

 54%|█████▍    | 21/39 [00:00<00:00, 102.13it/s][A

 85%|████████▍ | 33/39 [00:00<00:00, 108.73it/s][A
                                                     

                                                
[A{'eval_loss': '0.5805', 'eval_accuracy': '0.7651', 'eval_precision': '0.7672', 'eval_recall': '0.7651', 'eval_f1_weighted': '0.7654', 'eval_f1_macro': '0.7654', 'eval_runtime': '0.8176', 'eval_samples_per_second': '3045', 'eval_steps_per_second': '47.7', 'epoch': '2.608'}

 87%|████████▋ | 16000/18408 [19:48<02:44, 14.63it/s]

100%|██████████| 39/39 [00:00<00:00, 108.73it/s][A

                                                [A

Writing model shards:   0%|          | 0/1 [00:00<?, ?it/s][A

Writing model shards: 100%|██████████| 1/1 [00:01<00:00,  1.35s/it][A
Writing model shards: 100%|██████████| 1/1 [00:01<00:00,  1.35s/it]

 87%|████████▋ | 16001/18408 [19:50<17:26,  2.30it/s]
 87%|████████▋ | 16003/18408 [19:50<12:56,  3.10it/s]
 87%|████████▋ | 16005/18408 [19:50<09:53,  4.05it/s]
 87%|████████▋ | 16007/18408 [19:50<07:42,  5.19it/s]
 87%|████████▋ | 16009/18408 [19:51<06:15,  6.40it/s]
 87%|████████▋ | 16011/18408 [19:51<05:07,  7.79it/s]
 87%|████████▋ | 16013/18408 [19:51<04:23,  9.10it/s]
 87%|████████▋ | 16015/18408 [19:51<03:51, 10.35it/s]
 87%|████████▋ | 16017/18408 [19:51<03:31, 11.30it/s]
 87%|████████▋ | 16019/18408 [19:51<03:21, 11.84it/s]
 87%|████████▋ | 16021/18408 [19:51<03:13, 12.34it/s]
 87%|████████▋ | 16023/18408 [19:52<03:05, 12.87it/s]
 87%|████████▋ | 16025/18408 [19:52<02:58, 13.36it/s]
 87%|████████▋ | 16027/18408 [19:52<02:57, 13.43it/s]
 87%|████████▋ | 16029/18408 [19:52<02:50, 13.91it/s]
 87%|████████▋ | 16031/18408 [19:52<02:50, 13.97it/s]
 87%|████████▋ | 16033/18408 [19:52<02:47, 14.19it/s]
 87%|████████▋ | 16035/18408 [19:52<02:55, 13.54it/s]
 87%|████████▋ | 16037/18408 [19:53<02:59, 13.20it/s]
 87%|████████▋ | 16039/18408 [19:53<02:58, 13.29it/s]
 87%|████████▋ | 16041/18408 [19:53<02:52, 13.69it/s]
 87%|████████▋ | 16043/18408 [19:53<02:53, 13.66it/s]
 87%|████████▋ | 16045/18408 [19:53<02:50, 13.83it/s]
 87%|████████▋ | 16047/18408 [19:53<02:47, 14.10it/s]
 87%|████████▋ | 16049/18408 [19:53<02:53, 13.62it/s]
                                                     
{'loss': '0.5329', 'grad_norm': '4.243', 'learning_rate': '2.577e-06', 'epoch': '2.616'}

 87%|████████▋ | 16050/18408 [19:54<02:53, 13.62it/s]
 87%|████████▋ | 16051/18408 [19:54<02:47, 14.06it/s]
 87%|████████▋ | 16053/18408 [19:54<02:50, 13.84it/s]
 87%|████████▋ | 16055/18408 [19:54<02:57, 13.26it/s]
 87%|████████▋ | 16057/18408 [19:54<02:51, 13.69it/s]
 87%|████████▋ | 16059/18408 [19:54<02:49, 13.82it/s]
 87%|████████▋ | 16061/18408 [19:54<02:49, 13.87it/s]
 87%|████████▋ | 16063/18408 [19:54<02:57, 13.22it/s]
 87%|████████▋ | 16065/18408 [19:55<02:50, 13.72it/s]
 87%|████████▋ | 16067/18408 [19:55<02:47, 13.95it/s]
 87%|████████▋ | 16069/18408 [19:55<02:43, 14.30it/s]
 87%|████████▋ | 16071/18408 [19:55<02:48, 13.89it/s]
 87%|████████▋ | 16073/18408 [19:55<02:52, 13.50it/s]
 87%|████████▋ | 16075/18408 [19:55<02:55, 13.27it/s]
 87%|████████▋ | 16077/18408 [19:55<02:49, 13.72it/s]
 87%|████████▋ | 16079/18408 [19:56<02:56, 13.19it/s]
 87%|████████▋ | 16081/18408 [19:56<02:51, 13.53it/s]
 87%|████████▋ | 16083/18408 [19:56<02:47, 13.91it/s]
 87%|████████▋ | 16085/18408 [19:56<02:41, 14.36it/s]
 87%|████████▋ | 16087/18408 [19:56<02:45, 13.99it/s]
 87%|████████▋ | 16089/18408 [19:56<02:41, 14.34it/s]
 87%|████████▋ | 16091/18408 [19:56<02:40, 14.43it/s]
 87%|████████▋ | 16093/18408 [19:57<02:37, 14.67it/s]
 87%|████████▋ | 16095/18408 [19:57<02:35, 14.85it/s]
 87%|████████▋ | 16097/18408 [19:57<02:36, 14.80it/s]
 87%|████████▋ | 16099/18408 [19:57<02:43, 14.08it/s]
                                                     
{'loss': '0.5523', 'grad_norm': '4.66', 'learning_rate': '2.522e-06', 'epoch': '2.624'}

 87%|████████▋ | 16100/18408 [19:57<02:43, 14.08it/s]
 87%|████████▋ | 16101/18408 [19:57<02:55, 13.13it/s]
 87%|████████▋ | 16103/18408 [19:57<02:48, 13.68it/s]
 87%|████████▋ | 16105/18408 [19:57<02:45, 13.89it/s]
 88%|████████▊ | 16107/18408 [19:58<02:41, 14.27it/s]
 88%|████████▊ | 16109/18408 [19:58<02:39, 14.39it/s]
 88%|████████▊ | 16111/18408 [19:58<02:44, 13.97it/s]
 88%|████████▊ | 16113/18408 [19:58<02:40, 14.34it/s]
 88%|████████▊ | 16115/18408 [19:58<02:38, 14.49it/s]
 88%|████████▊ | 16117/18408 [19:58<02:40, 14.29it/s]
 88%|████████▊ | 16119/18408 [19:58<02:47, 13.63it/s]
 88%|████████▊ | 16121/18408 [19:59<02:45, 13.83it/s]
 88%|████████▊ | 16123/18408 [19:59<02:42, 14.08it/s]
 88%|████████▊ | 16125/18408 [19:59<02:38, 14.40it/s]
 88%|████████▊ | 16127/18408 [19:59<02:38, 14.41it/s]
 88%|████████▊ | 16129/18408 [19:59<02:35, 14.65it/s]
 88%|████████▊ | 16131/18408 [19:59<02:36, 14.53it/s]
 88%|████████▊ | 16133/18408 [19:59<02:37, 14.48it/s]
 88%|████████▊ | 16135/18408 [20:00<02:43, 13.88it/s]
 88%|████████▊ | 16137/18408 [20:00<02:48, 13.52it/s]
 88%|████████▊ | 16139/18408 [20:00<02:44, 13.75it/s]
 88%|████████▊ | 16141/18408 [20:00<02:41, 14.05it/s]
 88%|████████▊ | 16143/18408 [20:00<02:37, 14.37it/s]
 88%|████████▊ | 16145/18408 [20:00<02:36, 14.49it/s]
 88%|████████▊ | 16147/18408 [20:00<02:34, 14.61it/s]
 88%|████████▊ | 16149/18408 [20:01<02:39, 14.12it/s]
                                                     
{'loss': '0.5333', 'grad_norm': '3.789', 'learning_rate': '2.468e-06', 'epoch': '2.632'}

 88%|████████▊ | 16150/18408 [20:01<02:39, 14.12it/s]
 88%|████████▊ | 16151/18408 [20:01<02:37, 14.32it/s]
 88%|████████▊ | 16153/18408 [20:01<02:35, 14.49it/s]
 88%|████████▊ | 16155/18408 [20:01<02:36, 14.43it/s]
 88%|████████▊ | 16157/18408 [20:01<02:40, 14.00it/s]
 88%|████████▊ | 16159/18408 [20:01<02:42, 13.86it/s]
 88%|████████▊ | 16161/18408 [20:01<02:42, 13.83it/s]
 88%|████████▊ | 16163/18408 [20:02<02:39, 14.11it/s]
 88%|████████▊ | 16165/18408 [20:02<02:36, 14.36it/s]
 88%|████████▊ | 16167/18408 [20:02<02:34, 14.49it/s]
 88%|████████▊ | 16169/18408 [20:02<02:32, 14.67it/s]
 88%|████████▊ | 16171/18408 [20:02<02:52, 12.98it/s]
 88%|████████▊ | 16173/18408 [20:02<02:52, 12.93it/s]
 88%|████████▊ | 16175/18408 [20:02<02:48, 13.27it/s]
 88%|████████▊ | 16177/18408 [20:03<02:46, 13.37it/s]
 88%|████████▊ | 16179/18408 [20:03<02:48, 13.22it/s]
 88%|████████▊ | 16181/18408 [20:03<02:46, 13.40it/s]
 88%|████████▊ | 16183/18408 [20:03<02:41, 13.78it/s]
 88%|████████▊ | 16185/18408 [20:03<02:38, 14.04it/s]
 88%|████████▊ | 16187/18408 [20:03<02:34, 14.36it/s]
 88%|████████▊ | 16189/18408 [20:03<02:33, 14.45it/s]
 88%|████████▊ | 16191/18408 [20:04<02:34, 14.34it/s]
 88%|████████▊ | 16193/18408 [20:04<02:34, 14.30it/s]
 88%|████████▊ | 16195/18408 [20:04<02:32, 14.51it/s]
 88%|████████▊ | 16197/18408 [20:04<02:31, 14.56it/s]
 88%|████████▊ | 16199/18408 [20:04<02:31, 14.62it/s]
                                                     
{'loss': '0.5416', 'grad_norm': '4.685', 'learning_rate': '2.413e-06', 'epoch': '2.64'}

 88%|████████▊ | 16200/18408 [20:04<02:31, 14.62it/s]
 88%|████████▊ | 16201/18408 [20:04<02:30, 14.70it/s]
 88%|████████▊ | 16203/18408 [20:04<02:31, 14.53it/s]
 88%|████████▊ | 16205/18408 [20:05<02:31, 14.56it/s]
 88%|████████▊ | 16207/18408 [20:05<02:33, 14.32it/s]
 88%|████████▊ | 16209/18408 [20:05<02:31, 14.48it/s]
 88%|████████▊ | 16211/18408 [20:05<02:29, 14.70it/s]
 88%|████████▊ | 16213/18408 [20:05<02:27, 14.86it/s]
 88%|████████▊ | 16215/18408 [20:05<02:26, 14.95it/s]
 88%|████████▊ | 16217/18408 [20:05<02:38, 13.79it/s]
 88%|████████▊ | 16219/18408 [20:06<02:34, 14.19it/s]
 88%|████████▊ | 16221/18408 [20:06<02:38, 13.82it/s]
 88%|████████▊ | 16223/18408 [20:06<02:36, 14.00it/s]
 88%|████████▊ | 16225/18408 [20:06<02:32, 14.34it/s]
 88%|████████▊ | 16227/18408 [20:06<02:31, 14.35it/s]
 88%|████████▊ | 16229/18408 [20:06<02:44, 13.26it/s]
 88%|████████▊ | 16231/18408 [20:06<02:37, 13.79it/s]
 88%|████████▊ | 16233/18408 [20:07<02:38, 13.75it/s]
 88%|████████▊ | 16235/18408 [20:07<02:34, 14.06it/s]
 88%|████████▊ | 16237/18408 [20:07<02:33, 14.15it/s]
 88%|████████▊ | 16239/18408 [20:07<02:39, 13.58it/s]
 88%|████████▊ | 16241/18408 [20:07<02:35, 13.94it/s]
 88%|████████▊ | 16243/18408 [20:07<02:37, 13.73it/s]
 88%|████████▊ | 16245/18408 [20:07<02:35, 13.88it/s]
 88%|████████▊ | 16247/18408 [20:08<02:31, 14.25it/s]
 88%|████████▊ | 16249/18408 [20:08<02:29, 14.45it/s]
                                                     
{'loss': '0.55', 'grad_norm': '4.725', 'learning_rate': '2.359e-06', 'epoch': '2.648'}

 88%|████████▊ | 16250/18408 [20:08<02:29, 14.45it/s]
 88%|████████▊ | 16251/18408 [20:08<02:28, 14.56it/s]
 88%|████████▊ | 16253/18408 [20:08<02:26, 14.75it/s]
 88%|████████▊ | 16255/18408 [20:08<02:31, 14.25it/s]
 88%|████████▊ | 16257/18408 [20:08<02:29, 14.35it/s]
 88%|████████▊ | 16259/18408 [20:08<02:27, 14.61it/s]
 88%|████████▊ | 16261/18408 [20:08<02:25, 14.80it/s]
 88%|████████▊ | 16263/18408 [20:09<02:24, 14.85it/s]
 88%|████████▊ | 16265/18408 [20:09<02:25, 14.72it/s]
 88%|████████▊ | 16267/18408 [20:09<02:25, 14.69it/s]
 88%|████████▊ | 16269/18408 [20:09<02:23, 14.85it/s]
 88%|████████▊ | 16271/18408 [20:09<02:50, 12.57it/s]
 88%|████████▊ | 16273/18408 [20:09<02:42, 13.11it/s]
 88%|████████▊ | 16275/18408 [20:10<02:38, 13.42it/s]
 88%|████████▊ | 16277/18408 [20:10<02:39, 13.40it/s]
 88%|████████▊ | 16279/18408 [20:10<02:33, 13.90it/s]
 88%|████████▊ | 16281/18408 [20:10<02:30, 14.18it/s]
 88%|████████▊ | 16283/18408 [20:10<02:27, 14.36it/s]
 88%|████████▊ | 16285/18408 [20:10<02:25, 14.61it/s]
 88%|████████▊ | 16287/18408 [20:10<02:29, 14.15it/s]
 88%|████████▊ | 16289/18408 [20:10<02:27, 14.33it/s]
 88%|████████▊ | 16291/18408 [20:11<02:26, 14.45it/s]
 89%|████████▊ | 16293/18408 [20:11<02:30, 14.04it/s]
 89%|████████▊ | 16295/18408 [20:11<02:28, 14.26it/s]
 89%|████████▊ | 16297/18408 [20:11<02:31, 13.94it/s]
 89%|████████▊ | 16299/18408 [20:11<02:27, 14.28it/s]
                                                     
{'loss': '0.5493', 'grad_norm': '4.379', 'learning_rate': '2.304e-06', 'epoch': '2.656'}

 89%|████████▊ | 16300/18408 [20:11<02:27, 14.28it/s]
 89%|████████▊ | 16301/18408 [20:11<02:31, 13.90it/s]
 89%|████████▊ | 16303/18408 [20:11<02:27, 14.24it/s]
 89%|████████▊ | 16305/18408 [20:12<02:29, 14.09it/s]
 89%|████████▊ | 16307/18408 [20:12<02:28, 14.15it/s]
 89%|████████▊ | 16309/18408 [20:12<02:28, 14.09it/s]
 89%|████████▊ | 16311/18408 [20:12<02:23, 14.57it/s]
 89%|████████▊ | 16313/18408 [20:12<02:23, 14.64it/s]
 89%|████████▊ | 16315/18408 [20:12<02:21, 14.77it/s]
 89%|████████▊ | 16317/18408 [20:12<02:18, 15.08it/s]
 89%|████████▊ | 16319/18408 [20:13<02:18, 15.03it/s]
 89%|████████▊ | 16321/18408 [20:13<02:27, 14.17it/s]
 89%|████████▊ | 16323/18408 [20:13<02:24, 14.40it/s]
 89%|████████▊ | 16325/18408 [20:13<02:20, 14.78it/s]
 89%|████████▊ | 16327/18408 [20:13<02:19, 14.92it/s]
 89%|████████▊ | 16329/18408 [20:13<02:19, 14.95it/s]
 89%|████████▊ | 16331/18408 [20:13<02:17, 15.10it/s]
 89%|████████▊ | 16333/18408 [20:13<02:17, 15.10it/s]
 89%|████████▊ | 16335/18408 [20:14<02:15, 15.28it/s]
 89%|████████▊ | 16337/18408 [20:14<02:15, 15.30it/s]
 89%|████████▉ | 16339/18408 [20:14<02:17, 15.04it/s]
 89%|████████▉ | 16341/18408 [20:14<02:20, 14.72it/s]
 89%|████████▉ | 16343/18408 [20:14<02:20, 14.68it/s]
 89%|████████▉ | 16345/18408 [20:14<02:24, 14.24it/s]
 89%|████████▉ | 16347/18408 [20:14<02:22, 14.42it/s]
 89%|████████▉ | 16349/18408 [20:15<02:20, 14.67it/s]
                                                     
{'loss': '0.5261', 'grad_norm': '4.051', 'learning_rate': '2.249e-06', 'epoch': '2.665'}

 89%|████████▉ | 16350/18408 [20:15<02:20, 14.67it/s]
 89%|████████▉ | 16351/18408 [20:15<02:17, 14.96it/s]
 89%|████████▉ | 16353/18408 [20:15<02:15, 15.18it/s]
 89%|████████▉ | 16355/18408 [20:15<02:16, 15.09it/s]
 89%|████████▉ | 16357/18408 [20:15<02:15, 15.08it/s]
 89%|████████▉ | 16359/18408 [20:15<02:13, 15.30it/s]
 89%|████████▉ | 16361/18408 [20:15<02:19, 14.64it/s]
 89%|████████▉ | 16363/18408 [20:16<02:17, 14.84it/s]
 89%|████████▉ | 16365/18408 [20:16<02:18, 14.73it/s]
 89%|████████▉ | 16367/18408 [20:16<02:17, 14.83it/s]
 89%|████████▉ | 16369/18408 [20:16<02:18, 14.74it/s]
 89%|████████▉ | 16371/18408 [20:16<02:15, 15.04it/s]
 89%|████████▉ | 16373/18408 [20:16<02:13, 15.25it/s]
 89%|████████▉ | 16375/18408 [20:16<02:14, 15.17it/s]
 89%|████████▉ | 16377/18408 [20:16<02:16, 14.86it/s]
 89%|████████▉ | 16379/18408 [20:17<02:15, 14.93it/s]
 89%|████████▉ | 16381/18408 [20:17<02:13, 15.15it/s]
 89%|████████▉ | 16383/18408 [20:17<02:13, 15.15it/s]
 89%|████████▉ | 16385/18408 [20:17<02:11, 15.34it/s]
 89%|████████▉ | 16387/18408 [20:17<02:10, 15.48it/s]
 89%|████████▉ | 16389/18408 [20:17<02:17, 14.68it/s]
 89%|████████▉ | 16391/18408 [20:17<02:15, 14.83it/s]
 89%|████████▉ | 16393/18408 [20:18<02:15, 14.91it/s]
 89%|████████▉ | 16395/18408 [20:18<02:12, 15.18it/s]
 89%|████████▉ | 16397/18408 [20:18<02:13, 15.06it/s]
 89%|████████▉ | 16399/18408 [20:18<02:15, 14.85it/s]
                                                     
{'loss': '0.5495', 'grad_norm': '5.91', 'learning_rate': '2.195e-06', 'epoch': '2.673'}

 89%|████████▉ | 16400/18408 [20:18<02:15, 14.85it/s]
 89%|████████▉ | 16401/18408 [20:18<02:15, 14.80it/s]
 89%|████████▉ | 16403/18408 [20:18<02:22, 14.11it/s]
 89%|████████▉ | 16405/18408 [20:18<02:17, 14.55it/s]
 89%|████████▉ | 16407/18408 [20:19<02:26, 13.69it/s]
 89%|████████▉ | 16409/18408 [20:19<02:20, 14.28it/s]
 89%|████████▉ | 16411/18408 [20:19<02:22, 13.99it/s]
 89%|████████▉ | 16413/18408 [20:19<02:17, 14.50it/s]
 89%|████████▉ | 16415/18408 [20:19<02:14, 14.82it/s]
 89%|████████▉ | 16417/18408 [20:19<02:15, 14.72it/s]
 89%|████████▉ | 16419/18408 [20:19<02:14, 14.82it/s]
 89%|████████▉ | 16421/18408 [20:19<02:24, 13.76it/s]
 89%|████████▉ | 16423/18408 [20:20<02:21, 14.01it/s]
 89%|████████▉ | 16425/18408 [20:20<02:19, 14.17it/s]
 89%|████████▉ | 16427/18408 [20:20<02:15, 14.64it/s]
 89%|████████▉ | 16429/18408 [20:20<02:15, 14.61it/s]
 89%|████████▉ | 16431/18408 [20:20<02:14, 14.75it/s]
 89%|████████▉ | 16433/18408 [20:20<02:22, 13.84it/s]
 89%|████████▉ | 16435/18408 [20:20<02:27, 13.38it/s]
 89%|████████▉ | 16437/18408 [20:21<02:23, 13.76it/s]
 89%|████████▉ | 16439/18408 [20:21<02:17, 14.30it/s]
 89%|████████▉ | 16441/18408 [20:21<02:16, 14.39it/s]
 89%|████████▉ | 16443/18408 [20:21<02:18, 14.18it/s]
 89%|████████▉ | 16445/18408 [20:21<02:19, 14.07it/s]
 89%|████████▉ | 16447/18408 [20:21<02:14, 14.57it/s]
 89%|████████▉ | 16449/18408 [20:21<02:12, 14.74it/s]
                                                     
{'loss': '0.5438', 'grad_norm': '4.256', 'learning_rate': '2.14e-06', 'epoch': '2.681'}

 89%|████████▉ | 16450/18408 [20:22<02:12, 14.74it/s]
 89%|████████▉ | 16451/18408 [20:22<02:13, 14.71it/s]
 89%|████████▉ | 16453/18408 [20:22<02:11, 14.81it/s]
 89%|████████▉ | 16455/18408 [20:22<02:09, 15.06it/s]
 89%|████████▉ | 16457/18408 [20:22<02:12, 14.70it/s]
 89%|████████▉ | 16459/18408 [20:22<02:09, 15.00it/s]
 89%|████████▉ | 16461/18408 [20:22<02:08, 15.16it/s]
 89%|████████▉ | 16463/18408 [20:22<02:10, 14.92it/s]
 89%|████████▉ | 16465/18408 [20:22<02:07, 15.19it/s]
 89%|████████▉ | 16467/18408 [20:23<02:06, 15.37it/s]
 89%|████████▉ | 16469/18408 [20:23<02:08, 15.11it/s]
 89%|████████▉ | 16471/18408 [20:23<02:12, 14.65it/s]
 89%|████████▉ | 16473/18408 [20:23<02:11, 14.73it/s]
 89%|████████▉ | 16475/18408 [20:23<02:11, 14.70it/s]
 90%|████████▉ | 16477/18408 [20:23<02:21, 13.66it/s]
 90%|████████▉ | 16479/18408 [20:23<02:17, 14.01it/s]
 90%|████████▉ | 16481/18408 [20:24<02:28, 12.97it/s]
 90%|████████▉ | 16483/18408 [20:24<02:25, 13.22it/s]
 90%|████████▉ | 16485/18408 [20:24<02:22, 13.46it/s]
 90%|████████▉ | 16487/18408 [20:24<02:19, 13.73it/s]
 90%|████████▉ | 16489/18408 [20:24<02:23, 13.41it/s]
 90%|████████▉ | 16491/18408 [20:24<02:18, 13.85it/s]
 90%|████████▉ | 16493/18408 [20:25<02:30, 12.73it/s]
 90%|████████▉ | 16495/18408 [20:25<02:24, 13.21it/s]
 90%|████████▉ | 16497/18408 [20:25<02:19, 13.73it/s]
 90%|████████▉ | 16499/18408 [20:25<02:17, 13.90it/s]
                                                     
{'loss': '0.5195', 'grad_norm': '4.885', 'learning_rate': '2.085e-06', 'epoch': '2.689'}

 90%|████████▉ | 16500/18408 [20:25<02:17, 13.90it/s]

  0%|          | 0/39 [00:00<?, ?it/s][A

 31%|███       | 12/39 [00:00<00:00, 114.76it/s][A

 62%|██████▏   | 24/39 [00:00<00:00, 110.27it/s][A

 92%|█████████▏| 36/39 [00:00<00:00, 112.78it/s][A
                                                     

                                                
[A{'eval_loss': '0.581', 'eval_accuracy': '0.7655', 'eval_precision': '0.7675', 'eval_recall': '0.7655', 'eval_f1_weighted': '0.7658', 'eval_f1_macro': '0.7658', 'eval_runtime': '0.7973', 'eval_samples_per_second': '3123', 'eval_steps_per_second': '48.92', 'epoch': '2.689'}

 90%|████████▉ | 16500/18408 [20:26<02:17, 13.90it/s]

100%|██████████| 39/39 [00:00<00:00, 112.78it/s][A

                                                [A

Writing model shards:   0%|          | 0/1 [00:00<?, ?it/s][A

Writing model shards: 100%|██████████| 1/1 [00:01<00:00,  1.37s/it][A
Writing model shards: 100%|██████████| 1/1 [00:01<00:00,  1.37s/it]

 90%|████████▉ | 16501/18408 [20:28<14:03,  2.26it/s]
 90%|████████▉ | 16503/18408 [20:28<10:25,  3.04it/s]
 90%|████████▉ | 16505/18408 [20:28<07:59,  3.97it/s]
 90%|████████▉ | 16507/18408 [20:28<06:17,  5.04it/s]
 90%|████████▉ | 16509/18408 [20:28<05:02,  6.28it/s]
 90%|████████▉ | 16511/18408 [20:28<04:12,  7.52it/s]
 90%|████████▉ | 16513/18408 [20:28<03:39,  8.62it/s]
 90%|████████▉ | 16515/18408 [20:29<03:11,  9.87it/s]
 90%|████████▉ | 16517/18408 [20:29<02:52, 10.98it/s]
 90%|████████▉ | 16519/18408 [20:29<02:41, 11.73it/s]
 90%|████████▉ | 16521/18408 [20:29<02:32, 12.38it/s]
 90%|████████▉ | 16523/18408 [20:29<02:24, 13.04it/s]
 90%|████████▉ | 16525/18408 [20:29<02:19, 13.53it/s]
 90%|████████▉ | 16527/18408 [20:29<02:17, 13.65it/s]
 90%|████████▉ | 16529/18408 [20:30<02:14, 13.92it/s]
 90%|████████▉ | 16531/18408 [20:30<02:09, 14.46it/s]
 90%|████████▉ | 16533/18408 [20:30<02:11, 14.21it/s]
 90%|████████▉ | 16535/18408 [20:30<02:07, 14.68it/s]
 90%|████████▉ | 16537/18408 [20:30<02:06, 14.74it/s]
 90%|████████▉ | 16539/18408 [20:30<02:06, 14.77it/s]
 90%|████████▉ | 16541/18408 [20:30<02:04, 15.05it/s]
 90%|████████▉ | 16543/18408 [20:30<02:02, 15.24it/s]
 90%|████████▉ | 16545/18408 [20:31<02:00, 15.40it/s]
 90%|████████▉ | 16547/18408 [20:31<01:59, 15.53it/s]
 90%|████████▉ | 16549/18408 [20:31<02:03, 15.11it/s]
                                                     
{'loss': '0.5272', 'grad_norm': '4.941', 'learning_rate': '2.031e-06', 'epoch': '2.697'}

 90%|████████▉ | 16550/18408 [20:31<02:02, 15.11it/s]
 90%|████████▉ | 16551/18408 [20:31<02:01, 15.25it/s]
 90%|████████▉ | 16553/18408 [20:31<02:01, 15.21it/s]
 90%|████████▉ | 16555/18408 [20:31<02:00, 15.34it/s]
 90%|████████▉ | 16557/18408 [20:31<02:02, 15.13it/s]
 90%|████████▉ | 16559/18408 [20:32<02:03, 15.00it/s]
 90%|████████▉ | 16561/18408 [20:32<02:04, 14.82it/s]
 90%|████████▉ | 16563/18408 [20:32<02:02, 15.07it/s]
 90%|████████▉ | 16565/18408 [20:32<02:03, 14.89it/s]
 90%|████████▉ | 16567/18408 [20:32<02:01, 15.14it/s]
 90%|█████████ | 16569/18408 [20:32<02:01, 15.11it/s]
 90%|█████████ | 16571/18408 [20:32<02:03, 14.86it/s]
 90%|█████████ | 16573/18408 [20:32<02:03, 14.88it/s]
 90%|█████████ | 16575/18408 [20:33<02:01, 15.09it/s]
 90%|█████████ | 16577/18408 [20:33<02:01, 15.07it/s]
 90%|█████████ | 16579/18408 [20:33<02:02, 14.98it/s]
 90%|█████████ | 16581/18408 [20:33<02:02, 14.97it/s]
 90%|█████████ | 16583/18408 [20:33<02:02, 14.92it/s]
 90%|█████████ | 16585/18408 [20:33<02:07, 14.26it/s]
 90%|█████████ | 16587/18408 [20:33<02:05, 14.49it/s]
 90%|█████████ | 16589/18408 [20:34<02:06, 14.43it/s]
 90%|█████████ | 16591/18408 [20:34<02:02, 14.79it/s]
 90%|█████████ | 16593/18408 [20:34<02:00, 15.11it/s]
 90%|█████████ | 16595/18408 [20:34<01:58, 15.32it/s]
 90%|█████████ | 16597/18408 [20:34<01:58, 15.28it/s]
 90%|█████████ | 16599/18408 [20:34<01:57, 15.43it/s]
                                                     
{'loss': '0.5174', 'grad_norm': '4.471', 'learning_rate': '1.976e-06', 'epoch': '2.705'}

 90%|█████████ | 16600/18408 [20:34<01:57, 15.43it/s]
 90%|█████████ | 16601/18408 [20:34<01:56, 15.51it/s]
 90%|█████████ | 16603/18408 [20:34<01:55, 15.60it/s]
 90%|█████████ | 16605/18408 [20:35<02:05, 14.38it/s]
 90%|█████████ | 16607/18408 [20:35<02:05, 14.36it/s]
 90%|█████████ | 16609/18408 [20:35<02:03, 14.62it/s]
 90%|█████████ | 16611/18408 [20:35<02:04, 14.38it/s]
 90%|█████████ | 16613/18408 [20:35<02:04, 14.45it/s]
 90%|█████████ | 16615/18408 [20:35<02:08, 13.92it/s]
 90%|█████████ | 16617/18408 [20:35<02:04, 14.42it/s]
 90%|█████████ | 16619/18408 [20:36<02:00, 14.80it/s]
 90%|█████████ | 16621/18408 [20:36<02:05, 14.24it/s]
 90%|█████████ | 16623/18408 [20:36<02:01, 14.67it/s]
 90%|█████████ | 16625/18408 [20:36<02:00, 14.85it/s]
 90%|█████████ | 16627/18408 [20:36<02:00, 14.74it/s]
 90%|█████████ | 16629/18408 [20:36<01:58, 15.00it/s]
 90%|█████████ | 16631/18408 [20:36<01:59, 14.87it/s]
 90%|█████████ | 16633/18408 [20:36<01:57, 15.15it/s]
 90%|█████████ | 16635/18408 [20:37<01:55, 15.35it/s]
 90%|█████████ | 16637/18408 [20:37<01:57, 15.04it/s]
 90%|█████████ | 16639/18408 [20:37<01:57, 15.09it/s]
 90%|█████████ | 16641/18408 [20:37<01:59, 14.73it/s]
 90%|█████████ | 16643/18408 [20:37<02:21, 12.51it/s]
 90%|█████████ | 16645/18408 [20:37<02:16, 12.93it/s]
 90%|█████████ | 16647/18408 [20:38<02:12, 13.34it/s]
 90%|█████████ | 16649/18408 [20:38<02:06, 13.95it/s]
                                                     
{'loss': '0.5341', 'grad_norm': '4.06', 'learning_rate': '1.922e-06', 'epoch': '2.713'}

 90%|█████████ | 16650/18408 [20:38<02:06, 13.95it/s]
 90%|█████████ | 16651/18408 [20:38<02:02, 14.30it/s]
 90%|█████████ | 16653/18408 [20:38<02:02, 14.30it/s]
 90%|█████████ | 16655/18408 [20:38<01:59, 14.63it/s]
 90%|█████████ | 16657/18408 [20:38<01:57, 14.96it/s]
 90%|█████████ | 16659/18408 [20:38<02:00, 14.56it/s]
 91%|█████████ | 16661/18408 [20:38<01:57, 14.85it/s]
 91%|█████████ | 16663/18408 [20:39<01:57, 14.81it/s]
 91%|█████████ | 16665/18408 [20:39<01:57, 14.78it/s]
 91%|█████████ | 16667/18408 [20:39<01:58, 14.68it/s]
 91%|█████████ | 16669/18408 [20:39<01:58, 14.66it/s]
 91%|█████████ | 16671/18408 [20:39<02:01, 14.30it/s]
 91%|█████████ | 16673/18408 [20:39<02:17, 12.62it/s]
 91%|█████████ | 16675/18408 [20:39<02:08, 13.43it/s]
 91%|█████████ | 16677/18408 [20:40<02:05, 13.75it/s]
 91%|█████████ | 16679/18408 [20:40<02:15, 12.79it/s]
 91%|█████████ | 16681/18408 [20:40<02:12, 13.00it/s]
 91%|█████████ | 16683/18408 [20:40<02:12, 12.97it/s]
 91%|█████████ | 16685/18408 [20:40<02:07, 13.51it/s]
 91%|█████████ | 16687/18408 [20:40<02:03, 13.91it/s]
 91%|█████████ | 16689/18408 [20:41<02:10, 13.13it/s]
 91%|█████████ | 16691/18408 [20:41<02:05, 13.63it/s]
 91%|█████████ | 16693/18408 [20:41<02:07, 13.42it/s]
 91%|█████████ | 16695/18408 [20:41<02:03, 13.88it/s]
 91%|█████████ | 16697/18408 [20:41<02:03, 13.91it/s]
 91%|█████████ | 16699/18408 [20:41<02:00, 14.14it/s]
                                                     
{'loss': '0.5465', 'grad_norm': '4.454', 'learning_rate': '1.867e-06', 'epoch': '2.722'}

 91%|█████████ | 16700/18408 [20:41<02:00, 14.14it/s]
 91%|█████████ | 16701/18408 [20:41<02:04, 13.67it/s]
 91%|█████████ | 16703/18408 [20:42<02:01, 14.03it/s]
 91%|█████████ | 16705/18408 [20:42<01:57, 14.43it/s]
 91%|█████████ | 16707/18408 [20:42<01:58, 14.38it/s]
 91%|█████████ | 16709/18408 [20:42<01:57, 14.49it/s]
 91%|█████████ | 16711/18408 [20:42<02:03, 13.77it/s]
 91%|█████████ | 16713/18408 [20:42<01:58, 14.30it/s]
 91%|█████████ | 16715/18408 [20:42<01:57, 14.41it/s]
 91%|█████████ | 16717/18408 [20:42<01:54, 14.80it/s]
 91%|█████████ | 16719/18408 [20:43<01:55, 14.62it/s]
 91%|█████████ | 16721/18408 [20:43<01:53, 14.90it/s]
 91%|█████████ | 16723/18408 [20:43<01:58, 14.24it/s]
 91%|█████████ | 16725/18408 [20:43<01:58, 14.17it/s]
 91%|█████████ | 16727/18408 [20:43<01:57, 14.32it/s]
 91%|█████████ | 16729/18408 [20:43<01:54, 14.72it/s]
 91%|█████████ | 16731/18408 [20:43<01:53, 14.78it/s]
 91%|█████████ | 16733/18408 [20:44<01:52, 14.87it/s]
 91%|█████████ | 16735/18408 [20:44<01:52, 14.89it/s]
 91%|█████████ | 16737/18408 [20:44<01:51, 14.96it/s]
 91%|█████████ | 16739/18408 [20:44<01:57, 14.22it/s]
 91%|█████████ | 16741/18408 [20:44<01:53, 14.66it/s]
 91%|█████████ | 16743/18408 [20:44<01:53, 14.69it/s]
 91%|█████████ | 16745/18408 [20:44<01:51, 14.98it/s]
 91%|█████████ | 16747/18408 [20:45<01:54, 14.55it/s]
 91%|█████████ | 16749/18408 [20:45<01:51, 14.88it/s]
                                                     
{'loss': '0.5519', 'grad_norm': '4.855', 'learning_rate': '1.812e-06', 'epoch': '2.73'}

 91%|█████████ | 16750/18408 [20:45<01:51, 14.88it/s]
 91%|█████████ | 16751/18408 [20:45<01:49, 15.10it/s]
 91%|█████████ | 16753/18408 [20:45<01:49, 15.13it/s]
 91%|█████████ | 16755/18408 [20:45<01:54, 14.38it/s]
 91%|█████████ | 16757/18408 [20:45<01:53, 14.61it/s]
 91%|█████████ | 16759/18408 [20:45<01:54, 14.46it/s]
 91%|█████████ | 16761/18408 [20:45<01:50, 14.85it/s]
 91%|█████████ | 16763/18408 [20:46<01:50, 14.95it/s]
 91%|█████████ | 16765/18408 [20:46<01:51, 14.70it/s]
 91%|█████████ | 16767/18408 [20:46<01:49, 15.03it/s]
 91%|█████████ | 16769/18408 [20:46<01:49, 14.97it/s]
 91%|█████████ | 16771/18408 [20:46<01:47, 15.23it/s]
 91%|█████████ | 16773/18408 [20:46<02:01, 13.47it/s]
 91%|█████████ | 16775/18408 [20:46<01:57, 13.85it/s]
 91%|█████████ | 16777/18408 [20:47<01:56, 14.04it/s]
 91%|█████████ | 16779/18408 [20:47<01:56, 13.95it/s]
 91%|█████████ | 16781/18408 [20:47<01:55, 14.11it/s]
 91%|█████████ | 16783/18408 [20:47<01:56, 13.97it/s]
 91%|█████████ | 16785/18408 [20:47<01:53, 14.26it/s]
 91%|█████████ | 16787/18408 [20:47<01:51, 14.47it/s]
 91%|█████████ | 16789/18408 [20:47<01:54, 14.12it/s]
 91%|█████████ | 16791/18408 [20:48<01:55, 14.03it/s]
 91%|█████████ | 16793/18408 [20:48<01:54, 14.11it/s]
 91%|█████████ | 16795/18408 [20:48<01:53, 14.16it/s]
 91%|█████████ | 16797/18408 [20:48<01:55, 13.94it/s]
 91%|█████████▏| 16799/18408 [20:48<01:51, 14.43it/s]
                                                     
{'loss': '0.5399', 'grad_norm': '4.531', 'learning_rate': '1.758e-06', 'epoch': '2.738'}

 91%|█████████▏| 16800/18408 [20:48<01:51, 14.43it/s]
 91%|█████████▏| 16801/18408 [20:48<01:52, 14.29it/s]
 91%|█████████▏| 16803/18408 [20:48<01:51, 14.46it/s]
 91%|█████████▏| 16805/18408 [20:49<01:48, 14.77it/s]
 91%|█████████▏| 16807/18408 [20:49<01:48, 14.75it/s]
 91%|█████████▏| 16809/18408 [20:49<01:46, 15.03it/s]
 91%|█████████▏| 16811/18408 [20:49<01:46, 14.99it/s]
 91%|█████████▏| 16813/18408 [20:49<01:46, 14.96it/s]
 91%|█████████▏| 16815/18408 [20:49<01:46, 14.98it/s]
 91%|█████████▏| 16817/18408 [20:49<01:48, 14.72it/s]
 91%|█████████▏| 16819/18408 [20:50<01:48, 14.58it/s]
 91%|█████████▏| 16821/18408 [20:50<01:48, 14.57it/s]
 91%|█████████▏| 16823/18408 [20:50<01:47, 14.77it/s]
 91%|█████████▏| 16825/18408 [20:50<01:47, 14.67it/s]
 91%|█████████▏| 16827/18408 [20:50<01:45, 15.00it/s]
 91%|█████████▏| 16829/18408 [20:50<01:43, 15.19it/s]
 91%|█████████▏| 16831/18408 [20:50<01:42, 15.34it/s]
 91%|█████████▏| 16833/18408 [20:50<01:46, 14.79it/s]
 91%|█████████▏| 16835/18408 [20:51<01:45, 14.92it/s]
 91%|█████████▏| 16837/18408 [20:51<01:45, 14.83it/s]
 91%|█████████▏| 16839/18408 [20:51<01:44, 15.07it/s]
 91%|█████████▏| 16841/18408 [20:51<01:45, 14.84it/s]
 91%|█████████▏| 16843/18408 [20:51<01:45, 14.78it/s]
 92%|█████████▏| 16845/18408 [20:51<01:43, 15.05it/s]
 92%|█████████▏| 16847/18408 [20:51<01:44, 14.99it/s]
 92%|█████████▏| 16849/18408 [20:52<01:44, 14.94it/s]
                                                     
{'loss': '0.5284', 'grad_norm': '4.738', 'learning_rate': '1.703e-06', 'epoch': '2.746'}

 92%|█████████▏| 16850/18408 [20:52<01:44, 14.94it/s]
 92%|█████████▏| 16851/18408 [20:52<01:46, 14.56it/s]
 92%|█████████▏| 16853/18408 [20:52<01:46, 14.64it/s]
 92%|█████████▏| 16855/18408 [20:52<01:43, 14.94it/s]
 92%|█████████▏| 16857/18408 [20:52<01:42, 15.13it/s]
 92%|█████████▏| 16859/18408 [20:52<01:43, 14.91it/s]
 92%|█████████▏| 16861/18408 [20:52<01:44, 14.78it/s]
 92%|█████████▏| 16863/18408 [20:52<01:42, 15.08it/s]
 92%|█████████▏| 16865/18408 [20:53<01:43, 14.84it/s]
 92%|█████████▏| 16867/18408 [20:53<01:43, 14.93it/s]
 92%|█████████▏| 16869/18408 [20:53<01:41, 15.15it/s]
 92%|█████████▏| 16871/18408 [20:53<01:40, 15.35it/s]
 92%|█████████▏| 16873/18408 [20:53<01:40, 15.21it/s]
 92%|█████████▏| 16875/18408 [20:53<01:40, 15.22it/s]
 92%|█████████▏| 16877/18408 [20:53<01:46, 14.44it/s]
 92%|█████████▏| 16879/18408 [20:54<01:49, 14.00it/s]
 92%|█████████▏| 16881/18408 [20:54<01:46, 14.28it/s]
 92%|█████████▏| 16883/18408 [20:54<01:44, 14.66it/s]
 92%|█████████▏| 16885/18408 [20:54<01:41, 14.99it/s]
 92%|█████████▏| 16887/18408 [20:54<01:41, 15.02it/s]
 92%|█████████▏| 16889/18408 [20:54<01:43, 14.71it/s]
 92%|█████████▏| 16891/18408 [20:54<01:41, 15.01it/s]
 92%|█████████▏| 16893/18408 [20:54<01:41, 14.92it/s]
 92%|█████████▏| 16895/18408 [20:55<01:41, 14.97it/s]
 92%|█████████▏| 16897/18408 [20:55<01:41, 14.81it/s]
 92%|█████████▏| 16899/18408 [20:55<01:45, 14.32it/s]
                                                     
{'loss': '0.521', 'grad_norm': '4.084', 'learning_rate': '1.648e-06', 'epoch': '2.754'}

 92%|█████████▏| 16900/18408 [20:55<01:45, 14.32it/s]
 92%|█████████▏| 16901/18408 [20:55<01:43, 14.50it/s]
 92%|█████████▏| 16903/18408 [20:55<01:44, 14.43it/s]
 92%|█████████▏| 16905/18408 [20:55<01:47, 13.96it/s]
 92%|█████████▏| 16907/18408 [20:55<01:44, 14.39it/s]
 92%|█████████▏| 16909/18408 [20:56<01:41, 14.77it/s]
 92%|█████████▏| 16911/18408 [20:56<01:45, 14.19it/s]
 92%|█████████▏| 16913/18408 [20:56<01:44, 14.36it/s]
 92%|█████████▏| 16915/18408 [20:56<01:41, 14.74it/s]
 92%|█████████▏| 16917/18408 [20:56<01:43, 14.34it/s]
 92%|█████████▏| 16919/18408 [20:56<01:55, 12.90it/s]
 92%|█████████▏| 16921/18408 [20:56<01:49, 13.63it/s]
 92%|█████████▏| 16923/18408 [20:57<01:44, 14.17it/s]
 92%|█████████▏| 16925/18408 [20:57<01:45, 14.09it/s]
 92%|█████████▏| 16927/18408 [20:57<01:43, 14.35it/s]
 92%|█████████▏| 16929/18408 [20:57<01:45, 14.00it/s]
 92%|█████████▏| 16931/18408 [20:57<01:41, 14.55it/s]
 92%|█████████▏| 16933/18408 [20:57<01:41, 14.53it/s]
 92%|█████████▏| 16935/18408 [20:57<01:38, 14.90it/s]
 92%|█████████▏| 16937/18408 [20:58<01:42, 14.39it/s]
 92%|█████████▏| 16939/18408 [20:58<01:39, 14.83it/s]
 92%|█████████▏| 16941/18408 [20:58<01:40, 14.54it/s]
 92%|█████████▏| 16943/18408 [20:58<01:39, 14.74it/s]
 92%|█████████▏| 16945/18408 [20:58<01:39, 14.71it/s]
 92%|█████████▏| 16947/18408 [20:58<01:37, 15.01it/s]
 92%|█████████▏| 16949/18408 [20:58<01:34, 15.36it/s]
                                                     
{'loss': '0.5627', 'grad_norm': '3.787', 'learning_rate': '1.594e-06', 'epoch': '2.762'}

 92%|█████████▏| 16950/18408 [20:58<01:34, 15.36it/s]
 92%|█████████▏| 16951/18408 [20:58<01:37, 14.96it/s]
 92%|█████████▏| 16953/18408 [20:59<01:36, 15.05it/s]
 92%|█████████▏| 16955/18408 [20:59<01:39, 14.59it/s]
 92%|█████████▏| 16957/18408 [20:59<01:41, 14.34it/s]
 92%|█████████▏| 16959/18408 [20:59<01:39, 14.61it/s]
 92%|█████████▏| 16961/18408 [20:59<01:45, 13.76it/s]
 92%|█████████▏| 16963/18408 [20:59<01:40, 14.35it/s]
 92%|█████████▏| 16965/18408 [20:59<01:38, 14.60it/s]
 92%|█████████▏| 16967/18408 [21:00<01:38, 14.63it/s]
 92%|█████████▏| 16969/18408 [21:00<01:40, 14.31it/s]
 92%|█████████▏| 16971/18408 [21:00<01:40, 14.30it/s]
 92%|█████████▏| 16973/18408 [21:00<01:36, 14.80it/s]
 92%|█████████▏| 16975/18408 [21:00<01:37, 14.62it/s]
 92%|█████████▏| 16977/18408 [21:00<01:49, 13.05it/s]
 92%|█████████▏| 16979/18408 [21:00<01:44, 13.68it/s]
 92%|█████████▏| 16981/18408 [21:01<01:42, 13.86it/s]
 92%|█████████▏| 16983/18408 [21:01<01:40, 14.22it/s]
 92%|█████████▏| 16985/18408 [21:01<01:40, 14.19it/s]
 92%|█████████▏| 16987/18408 [21:01<01:38, 14.41it/s]
 92%|█████████▏| 16989/18408 [21:01<01:36, 14.68it/s]
 92%|█████████▏| 16991/18408 [21:01<01:35, 14.85it/s]
 92%|█████████▏| 16993/18408 [21:01<01:35, 14.84it/s]
 92%|█████████▏| 16995/18408 [21:02<01:43, 13.66it/s]
 92%|█████████▏| 16997/18408 [21:02<01:39, 14.23it/s]
 92%|█████████▏| 16999/18408 [21:02<01:36, 14.59it/s]
                                                     
{'loss': '0.5498', 'grad_norm': '4.329', 'learning_rate': '1.539e-06', 'epoch': '2.771'}

 92%|█████████▏| 17000/18408 [21:02<01:36, 14.59it/s]

  0%|          | 0/39 [00:00<?, ?it/s][A

 31%|███       | 12/39 [00:00<00:00, 115.93it/s][A

 62%|██████▏   | 24/39 [00:00<00:00, 111.33it/s][A

 92%|█████████▏| 36/39 [00:00<00:00, 113.74it/s][A
                                                     

                                                
[A{'eval_loss': '0.5796', 'eval_accuracy': '0.7651', 'eval_precision': '0.7666', 'eval_recall': '0.7651', 'eval_f1_weighted': '0.7653', 'eval_f1_macro': '0.7653', 'eval_runtime': '0.81', 'eval_samples_per_second': '3074', 'eval_steps_per_second': '48.15', 'epoch': '2.771'}

 92%|█████████▏| 17000/18408 [21:03<01:36, 14.59it/s]

100%|██████████| 39/39 [00:00<00:00, 113.74it/s][A

                                                [A

Writing model shards:   0%|          | 0/1 [00:00<?, ?it/s][A

Writing model shards: 100%|██████████| 1/1 [00:01<00:00,  1.36s/it][A
Writing model shards: 100%|██████████| 1/1 [00:01<00:00,  1.36s/it]

 92%|█████████▏| 17001/18408 [21:04<10:22,  2.26it/s]
 92%|█████████▏| 17003/18408 [21:05<07:45,  3.02it/s]
 92%|█████████▏| 17005/18408 [21:05<05:55,  3.94it/s]
 92%|█████████▏| 17007/18408 [21:05<04:35,  5.09it/s]
 92%|█████████▏| 17009/18408 [21:05<03:41,  6.32it/s]
 92%|█████████▏| 17011/18408 [21:05<03:02,  7.66it/s]
 92%|█████████▏| 17013/18408 [21:05<02:39,  8.77it/s]
 92%|█████████▏| 17015/18408 [21:05<02:17, 10.10it/s]
 92%|█████████▏| 17017/18408 [21:06<02:03, 11.23it/s]
 92%|█████████▏| 17019/18408 [21:06<01:56, 11.94it/s]
 92%|█████████▏| 17021/18408 [21:06<01:48, 12.73it/s]
 92%|█████████▏| 17023/18408 [21:06<01:42, 13.54it/s]
 92%|█████████▏| 17025/18408 [21:06<01:37, 14.11it/s]
 92%|█████████▏| 17027/18408 [21:06<01:36, 14.26it/s]
 93%|█████████▎| 17029/18408 [21:06<01:40, 13.72it/s]
 93%|█████████▎| 17031/18408 [21:07<01:38, 14.03it/s]
 93%|█████████▎| 17033/18408 [21:07<01:35, 14.47it/s]
 93%|█████████▎| 17035/18408 [21:07<01:32, 14.82it/s]
 93%|█████████▎| 17037/18408 [21:07<01:34, 14.47it/s]
 93%|█████████▎| 17039/18408 [21:07<01:32, 14.76it/s]
 93%|█████████▎| 17041/18408 [21:07<01:31, 15.01it/s]
 93%|█████████▎| 17043/18408 [21:07<01:29, 15.23it/s]
 93%|█████████▎| 17045/18408 [21:07<01:31, 14.92it/s]
 93%|█████████▎| 17047/18408 [21:08<01:29, 15.14it/s]
 93%|█████████▎| 17049/18408 [21:08<01:29, 15.15it/s]
                                                     
{'loss': '0.5569', 'grad_norm': '5.581', 'learning_rate': '1.485e-06', 'epoch': '2.779'}

 93%|█████████▎| 17050/18408 [21:08<01:29, 15.15it/s]
 93%|█████████▎| 17051/18408 [21:08<01:29, 15.18it/s]
 93%|█████████▎| 17053/18408 [21:08<01:28, 15.29it/s]
 93%|█████████▎| 17055/18408 [21:08<01:30, 15.01it/s]
 93%|█████████▎| 17057/18408 [21:08<01:30, 14.99it/s]
 93%|█████████▎| 17059/18408 [21:08<01:33, 14.42it/s]
 93%|█████████▎| 17061/18408 [21:09<01:30, 14.80it/s]
 93%|█████████▎| 17063/18408 [21:09<01:31, 14.68it/s]
 93%|█████████▎| 17065/18408 [21:09<01:31, 14.74it/s]
 93%|█████████▎| 17067/18408 [21:09<01:32, 14.42it/s]
 93%|█████████▎| 17069/18408 [21:09<01:31, 14.65it/s]
 93%|█████████▎| 17071/18408 [21:09<01:29, 15.00it/s]
 93%|█████████▎| 17073/18408 [21:09<01:28, 15.04it/s]
 93%|█████████▎| 17075/18408 [21:09<01:28, 15.05it/s]
 93%|█████████▎| 17077/18408 [21:10<01:27, 15.27it/s]
 93%|█████████▎| 17079/18408 [21:10<01:28, 14.97it/s]
 93%|█████████▎| 17081/18408 [21:10<01:27, 15.17it/s]
 93%|█████████▎| 17083/18408 [21:10<01:28, 15.03it/s]
 93%|█████████▎| 17085/18408 [21:10<01:27, 15.07it/s]
 93%|█████████▎| 17087/18408 [21:10<01:30, 14.54it/s]
 93%|█████████▎| 17089/18408 [21:10<01:29, 14.79it/s]
 93%|█████████▎| 17091/18408 [21:11<01:33, 14.15it/s]
 93%|█████████▎| 17093/18408 [21:11<01:32, 14.27it/s]
 93%|█████████▎| 17095/18408 [21:11<01:30, 14.54it/s]
 93%|█████████▎| 17097/18408 [21:11<01:31, 14.38it/s]
 93%|█████████▎| 17099/18408 [21:11<01:29, 14.56it/s]
                                                     
{'loss': '0.5316', 'grad_norm': '4.511', 'learning_rate': '1.43e-06', 'epoch': '2.787'}

 93%|█████████▎| 17100/18408 [21:11<01:29, 14.56it/s]
 93%|█████████▎| 17101/18408 [21:11<01:31, 14.22it/s]
 93%|█████████▎| 17103/18408 [21:11<01:30, 14.44it/s]
 93%|█████████▎| 17105/18408 [21:12<01:28, 14.79it/s]
 93%|█████████▎| 17107/18408 [21:12<01:28, 14.75it/s]
 93%|█████████▎| 17109/18408 [21:12<01:27, 14.78it/s]
 93%|█████████▎| 17111/18408 [21:12<01:26, 14.96it/s]
 93%|█████████▎| 17113/18408 [21:12<01:25, 15.19it/s]
 93%|█████████▎| 17115/18408 [21:12<01:25, 15.14it/s]
 93%|█████████▎| 17117/18408 [21:12<01:24, 15.32it/s]
 93%|█████████▎| 17119/18408 [21:12<01:23, 15.49it/s]
 93%|█████████▎| 17121/18408 [21:13<01:22, 15.56it/s]
 93%|█████████▎| 17123/18408 [21:13<01:34, 13.58it/s]
 93%|█████████▎| 17125/18408 [21:13<01:30, 14.17it/s]
 93%|█████████▎| 17127/18408 [21:13<01:31, 14.06it/s]
 93%|█████████▎| 17129/18408 [21:13<01:29, 14.23it/s]
 93%|█████████▎| 17131/18408 [21:13<01:29, 14.26it/s]
 93%|█████████▎| 17133/18408 [21:13<01:26, 14.67it/s]
 93%|█████████▎| 17135/18408 [21:14<01:28, 14.42it/s]
 93%|█████████▎| 17137/18408 [21:14<01:26, 14.75it/s]
 93%|█████████▎| 17139/18408 [21:14<01:24, 15.02it/s]
 93%|█████████▎| 17141/18408 [21:14<01:32, 13.68it/s]
 93%|█████████▎| 17143/18408 [21:14<01:28, 14.25it/s]
 93%|█████████▎| 17145/18408 [21:14<01:26, 14.55it/s]
 93%|█████████▎| 17147/18408 [21:14<01:26, 14.54it/s]
 93%|█████████▎| 17149/18408 [21:15<01:25, 14.72it/s]
                                                     
{'loss': '0.5384', 'grad_norm': '4.545', 'learning_rate': '1.375e-06', 'epoch': '2.795'}

 93%|█████████▎| 17150/18408 [21:15<01:25, 14.72it/s]
 93%|█████████▎| 17151/18408 [21:15<01:26, 14.57it/s]
 93%|█████████▎| 17153/18408 [21:15<01:25, 14.74it/s]
 93%|█████████▎| 17155/18408 [21:15<01:25, 14.64it/s]
 93%|█████████▎| 17157/18408 [21:15<01:24, 14.75it/s]
 93%|█████████▎| 17159/18408 [21:15<01:24, 14.79it/s]
 93%|█████████▎| 17161/18408 [21:15<01:23, 14.89it/s]
 93%|█████████▎| 17163/18408 [21:15<01:24, 14.78it/s]
 93%|█████████▎| 17165/18408 [21:16<01:26, 14.44it/s]
 93%|█████████▎| 17167/18408 [21:16<01:29, 13.88it/s]
 93%|█████████▎| 17169/18408 [21:16<01:26, 14.39it/s]
 93%|█████████▎| 17171/18408 [21:16<01:26, 14.33it/s]
 93%|█████████▎| 17173/18408 [21:16<01:26, 14.30it/s]
 93%|█████████▎| 17175/18408 [21:16<01:25, 14.38it/s]
 93%|█████████▎| 17177/18408 [21:16<01:23, 14.80it/s]
 93%|█████████▎| 17179/18408 [21:17<01:21, 15.06it/s]
 93%|█████████▎| 17181/18408 [21:17<01:21, 15.05it/s]
 93%|█████████▎| 17183/18408 [21:17<01:21, 15.10it/s]
 93%|█████████▎| 17185/18408 [21:17<01:24, 14.55it/s]
 93%|█████████▎| 17187/18408 [21:17<01:24, 14.50it/s]
 93%|█████████▎| 17189/18408 [21:17<01:22, 14.82it/s]
 93%|█████████▎| 17191/18408 [21:17<01:21, 14.92it/s]
 93%|█████████▎| 17193/18408 [21:18<01:21, 14.96it/s]
 93%|█████████▎| 17195/18408 [21:18<01:20, 15.11it/s]
 93%|█████████▎| 17197/18408 [21:18<01:20, 15.08it/s]
 93%|█████████▎| 17199/18408 [21:18<01:20, 15.08it/s]
                                                     
{'loss': '0.5405', 'grad_norm': '4.599', 'learning_rate': '1.321e-06', 'epoch': '2.803'}

 93%|█████████▎| 17200/18408 [21:18<01:20, 15.08it/s]
 93%|█████████▎| 17201/18408 [21:18<01:22, 14.66it/s]
 93%|█████████▎| 17203/18408 [21:18<01:24, 14.22it/s]
 93%|█████████▎| 17205/18408 [21:18<01:25, 14.11it/s]
 93%|█████████▎| 17207/18408 [21:18<01:23, 14.38it/s]
 93%|█████████▎| 17209/18408 [21:19<01:26, 13.82it/s]
 93%|█████████▎| 17211/18408 [21:19<01:25, 14.08it/s]
 94%|█████████▎| 17213/18408 [21:19<01:24, 14.10it/s]
 94%|█████████▎| 17215/18408 [21:19<01:21, 14.58it/s]
 94%|█████████▎| 17217/18408 [21:19<01:21, 14.53it/s]
 94%|█████████▎| 17219/18408 [21:19<01:23, 14.31it/s]
 94%|█████████▎| 17221/18408 [21:19<01:20, 14.67it/s]
 94%|█████████▎| 17223/18408 [21:20<01:23, 14.23it/s]
 94%|█████████▎| 17225/18408 [21:20<01:20, 14.68it/s]
 94%|█████████▎| 17227/18408 [21:20<01:18, 14.96it/s]
 94%|█████████▎| 17229/18408 [21:20<01:19, 14.85it/s]
 94%|█████████▎| 17231/18408 [21:20<01:24, 13.98it/s]
 94%|█████████▎| 17233/18408 [21:20<01:22, 14.19it/s]
 94%|█████████▎| 17235/18408 [21:20<01:21, 14.42it/s]
 94%|█████████▎| 17237/18408 [21:21<01:28, 13.20it/s]
 94%|█████████▎| 17239/18408 [21:21<01:26, 13.52it/s]
 94%|█████████▎| 17241/18408 [21:21<01:25, 13.60it/s]
 94%|█████████▎| 17243/18408 [21:21<01:27, 13.31it/s]
 94%|█████████▎| 17245/18408 [21:21<01:23, 13.93it/s]
 94%|█████████▎| 17247/18408 [21:21<01:20, 14.44it/s]
 94%|█████████▎| 17249/18408 [21:21<01:21, 14.30it/s]
                                                     
{'loss': '0.5248', 'grad_norm': '4.486', 'learning_rate': '1.266e-06', 'epoch': '2.811'}

 94%|█████████▎| 17250/18408 [21:22<01:20, 14.30it/s]
 94%|█████████▎| 17251/18408 [21:22<01:19, 14.55it/s]
 94%|█████████▎| 17253/18408 [21:22<01:21, 14.15it/s]
 94%|█████████▎| 17255/18408 [21:22<01:20, 14.39it/s]
 94%|█████████▎| 17257/18408 [21:22<01:23, 13.81it/s]
 94%|█████████▍| 17259/18408 [21:22<01:23, 13.77it/s]
 94%|█████████▍| 17261/18408 [21:22<01:22, 13.91it/s]
 94%|█████████▍| 17263/18408 [21:22<01:19, 14.45it/s]
 94%|█████████▍| 17265/18408 [21:23<01:17, 14.81it/s]
 94%|█████████▍| 17267/18408 [21:23<01:16, 14.86it/s]
 94%|█████████▍| 17269/18408 [21:23<01:17, 14.66it/s]
 94%|█████████▍| 17271/18408 [21:23<01:15, 15.00it/s]
 94%|█████████▍| 17273/18408 [21:23<01:15, 15.00it/s]
 94%|█████████▍| 17275/18408 [21:23<01:20, 14.13it/s]
 94%|█████████▍| 17277/18408 [21:23<01:19, 14.23it/s]
 94%|█████████▍| 17279/18408 [21:24<01:25, 13.24it/s]
 94%|█████████▍| 17281/18408 [21:24<01:24, 13.35it/s]
 94%|█████████▍| 17283/18408 [21:24<01:24, 13.36it/s]
 94%|█████████▍| 17285/18408 [21:24<01:19, 14.04it/s]
 94%|█████████▍| 17287/18408 [21:24<01:21, 13.76it/s]
 94%|█████████▍| 17289/18408 [21:24<01:19, 13.99it/s]
 94%|█████████▍| 17291/18408 [21:24<01:21, 13.69it/s]
 94%|█████████▍| 17293/18408 [21:25<01:19, 14.05it/s]
 94%|█████████▍| 17295/18408 [21:25<01:17, 14.35it/s]
 94%|█████████▍| 17297/18408 [21:25<01:16, 14.49it/s]
 94%|█████████▍| 17299/18408 [21:25<01:15, 14.66it/s]
                                                     
{'loss': '0.5555', 'grad_norm': '5.339', 'learning_rate': '1.211e-06', 'epoch': '2.819'}

 94%|█████████▍| 17300/18408 [21:25<01:15, 14.66it/s]
 94%|█████████▍| 17301/18408 [21:25<01:14, 14.91it/s]
 94%|█████████▍| 17303/18408 [21:25<01:14, 14.80it/s]
 94%|█████████▍| 17305/18408 [21:25<01:15, 14.69it/s]
 94%|█████████▍| 17307/18408 [21:26<01:16, 14.38it/s]
 94%|█████████▍| 17309/18408 [21:26<01:17, 14.11it/s]
 94%|█████████▍| 17311/18408 [21:26<01:15, 14.46it/s]
 94%|█████████▍| 17313/18408 [21:26<01:15, 14.54it/s]
 94%|█████████▍| 17315/18408 [21:26<01:15, 14.50it/s]
 94%|█████████▍| 17317/18408 [21:26<01:22, 13.28it/s]
 94%|█████████▍| 17319/18408 [21:26<01:21, 13.36it/s]
 94%|█████████▍| 17321/18408 [21:27<01:17, 14.02it/s]
 94%|█████████▍| 17323/18408 [21:27<01:16, 14.20it/s]
 94%|█████████▍| 17325/18408 [21:27<01:15, 14.37it/s]
 94%|█████████▍| 17327/18408 [21:27<01:13, 14.67it/s]
 94%|█████████▍| 17329/18408 [21:27<01:11, 14.99it/s]
 94%|█████████▍| 17331/18408 [21:27<01:13, 14.63it/s]
 94%|█████████▍| 17333/18408 [21:27<01:14, 14.48it/s]
 94%|█████████▍| 17335/18408 [21:27<01:12, 14.88it/s]
 94%|█████████▍| 17337/18408 [21:28<01:13, 14.60it/s]
 94%|█████████▍| 17339/18408 [21:28<01:15, 14.19it/s]
 94%|█████████▍| 17341/18408 [21:28<01:24, 12.70it/s]
 94%|█████████▍| 17343/18408 [21:28<01:20, 13.28it/s]
 94%|█████████▍| 17345/18408 [21:28<01:16, 13.97it/s]
 94%|█████████▍| 17347/18408 [21:28<01:17, 13.71it/s]
 94%|█████████▍| 17349/18408 [21:29<01:15, 14.01it/s]
                                                     
{'loss': '0.5421', 'grad_norm': '5.412', 'learning_rate': '1.157e-06', 'epoch': '2.828'}

 94%|█████████▍| 17350/18408 [21:29<01:15, 14.01it/s]
 94%|█████████▍| 17351/18408 [21:29<01:14, 14.16it/s]
 94%|█████████▍| 17353/18408 [21:29<01:20, 13.11it/s]
 94%|█████████▍| 17355/18408 [21:29<01:16, 13.78it/s]
 94%|█████████▍| 17357/18408 [21:29<01:16, 13.67it/s]
 94%|█████████▍| 17359/18408 [21:29<01:14, 14.05it/s]
 94%|█████████▍| 17361/18408 [21:29<01:12, 14.35it/s]
 94%|█████████▍| 17363/18408 [21:30<01:10, 14.72it/s]
 94%|█████████▍| 17365/18408 [21:30<01:10, 14.81it/s]
 94%|█████████▍| 17367/18408 [21:30<01:12, 14.29it/s]
 94%|█████████▍| 17369/18408 [21:30<01:10, 14.68it/s]
 94%|█████████▍| 17371/18408 [21:30<01:09, 15.01it/s]
 94%|█████████▍| 17373/18408 [21:30<01:16, 13.47it/s]
 94%|█████████▍| 17375/18408 [21:30<01:14, 13.79it/s]
 94%|█████████▍| 17377/18408 [21:30<01:12, 14.21it/s]
 94%|█████████▍| 17379/18408 [21:31<01:11, 14.45it/s]
 94%|█████████▍| 17381/18408 [21:31<01:10, 14.65it/s]
 94%|█████████▍| 17383/18408 [21:31<01:13, 13.92it/s]
 94%|█████████▍| 17385/18408 [21:31<01:10, 14.46it/s]
 94%|█████████▍| 17387/18408 [21:31<01:08, 14.82it/s]
 94%|█████████▍| 17389/18408 [21:31<01:07, 15.11it/s]
 94%|█████████▍| 17391/18408 [21:31<01:10, 14.40it/s]
 94%|█████████▍| 17393/18408 [21:32<01:11, 14.21it/s]
 94%|█████████▍| 17395/18408 [21:32<01:10, 14.28it/s]
 95%|█████████▍| 17397/18408 [21:32<01:09, 14.48it/s]
 95%|█████████▍| 17399/18408 [21:32<01:07, 14.84it/s]
                                                     
{'loss': '0.5264', 'grad_norm': '4.446', 'learning_rate': '1.102e-06', 'epoch': '2.836'}

 95%|█████████▍| 17400/18408 [21:32<01:07, 14.84it/s]
 95%|█████████▍| 17401/18408 [21:32<01:08, 14.79it/s]
 95%|█████████▍| 17403/18408 [21:32<01:08, 14.69it/s]
 95%|█████████▍| 17405/18408 [21:32<01:07, 14.95it/s]
 95%|█████████▍| 17407/18408 [21:33<01:10, 14.12it/s]
 95%|█████████▍| 17409/18408 [21:33<01:09, 14.42it/s]
 95%|█████████▍| 17411/18408 [21:33<01:07, 14.84it/s]
 95%|█████████▍| 17413/18408 [21:33<01:06, 14.92it/s]
 95%|█████████▍| 17415/18408 [21:33<01:05, 15.17it/s]
 95%|█████████▍| 17417/18408 [21:33<01:06, 14.98it/s]
 95%|█████████▍| 17419/18408 [21:33<01:07, 14.69it/s]
 95%|█████████▍| 17421/18408 [21:34<01:09, 14.22it/s]
 95%|█████████▍| 17423/18408 [21:34<01:07, 14.49it/s]
 95%|█████████▍| 17425/18408 [21:34<01:16, 12.86it/s]
 95%|█████████▍| 17427/18408 [21:34<01:12, 13.58it/s]
 95%|█████████▍| 17429/18408 [21:34<01:09, 14.13it/s]
 95%|█████████▍| 17431/18408 [21:34<01:06, 14.61it/s]
 95%|█████████▍| 17433/18408 [21:34<01:05, 14.95it/s]
 95%|█████████▍| 17435/18408 [21:34<01:05, 14.96it/s]
 95%|█████████▍| 17437/18408 [21:35<01:04, 15.06it/s]
 95%|█████████▍| 17439/18408 [21:35<01:14, 12.99it/s]
 95%|█████████▍| 17441/18408 [21:35<01:11, 13.58it/s]
 95%|█████████▍| 17443/18408 [21:35<01:10, 13.72it/s]
 95%|█████████▍| 17445/18408 [21:35<01:07, 14.29it/s]
 95%|█████████▍| 17447/18408 [21:35<01:05, 14.74it/s]
 95%|█████████▍| 17449/18408 [21:36<01:09, 13.80it/s]
                                                     
{'loss': '0.5275', 'grad_norm': '4.955', 'learning_rate': '1.048e-06', 'epoch': '2.844'}

 95%|█████████▍| 17450/18408 [21:36<01:09, 13.80it/s]
 95%|█████████▍| 17451/18408 [21:36<01:07, 14.16it/s]
 95%|█████████▍| 17453/18408 [21:36<01:08, 13.96it/s]
 95%|█████████▍| 17455/18408 [21:36<01:06, 14.31it/s]
 95%|█████████▍| 17457/18408 [21:36<01:07, 14.15it/s]
 95%|█████████▍| 17459/18408 [21:36<01:08, 13.85it/s]
 95%|█████████▍| 17461/18408 [21:36<01:06, 14.21it/s]
 95%|█████████▍| 17463/18408 [21:36<01:04, 14.65it/s]
 95%|█████████▍| 17465/18408 [21:37<01:04, 14.62it/s]
 95%|█████████▍| 17467/18408 [21:37<01:02, 14.94it/s]
 95%|█████████▍| 17469/18408 [21:37<01:03, 14.78it/s]
 95%|█████████▍| 17471/18408 [21:37<01:10, 13.25it/s]
 95%|█████████▍| 17473/18408 [21:37<01:09, 13.46it/s]
 95%|█████████▍| 17475/18408 [21:37<01:08, 13.69it/s]
 95%|█████████▍| 17477/18408 [21:37<01:06, 14.05it/s]
 95%|█████████▍| 17479/18408 [21:38<01:07, 13.85it/s]
 95%|█████████▍| 17481/18408 [21:38<01:07, 13.78it/s]
 95%|█████████▍| 17483/18408 [21:38<01:08, 13.46it/s]
 95%|█████████▍| 17485/18408 [21:38<01:08, 13.43it/s]
 95%|█████████▍| 17487/18408 [21:38<01:07, 13.56it/s]
 95%|█████████▌| 17489/18408 [21:38<01:05, 13.97it/s]
 95%|█████████▌| 17491/18408 [21:39<01:04, 14.15it/s]
 95%|█████████▌| 17493/18408 [21:39<01:05, 14.06it/s]
 95%|█████████▌| 17495/18408 [21:39<01:02, 14.54it/s]
 95%|█████████▌| 17497/18408 [21:39<01:05, 13.92it/s]
 95%|█████████▌| 17499/18408 [21:39<01:02, 14.43it/s]
                                                     
{'loss': '0.5268', 'grad_norm': '3.69', 'learning_rate': '9.93e-07', 'epoch': '2.852'}

 95%|█████████▌| 17500/18408 [21:39<01:02, 14.43it/s]

  0%|          | 0/39 [00:00<?, ?it/s][A

 31%|███       | 12/39 [00:00<00:00, 112.42it/s][A

 62%|██████▏   | 24/39 [00:00<00:00, 110.44it/s][A

 92%|█████████▏| 36/39 [00:00<00:00, 113.22it/s][A
                                                     

                                                
[A{'eval_loss': '0.5869', 'eval_accuracy': '0.7659', 'eval_precision': '0.7687', 'eval_recall': '0.7659', 'eval_f1_weighted': '0.7662', 'eval_f1_macro': '0.7662', 'eval_runtime': '0.744', 'eval_samples_per_second': '3347', 'eval_steps_per_second': '52.42', 'epoch': '2.852'}

 95%|█████████▌| 17500/18408 [21:40<01:02, 14.43it/s]

100%|██████████| 39/39 [00:00<00:00, 113.22it/s][A

                                                [A

Writing model shards:   0%|          | 0/1 [00:00<?, ?it/s][A

Writing model shards: 100%|██████████| 1/1 [00:01<00:00,  1.41s/it][A
Writing model shards: 100%|██████████| 1/1 [00:01<00:00,  1.41s/it]

 95%|█████████▌| 17501/18408 [21:42<06:34,  2.30it/s]
 95%|█████████▌| 17503/18408 [21:42<04:53,  3.09it/s]
 95%|█████████▌| 17505/18408 [21:42<03:51,  3.90it/s]
 95%|█████████▌| 17507/18408 [21:42<03:07,  4.81it/s]
 95%|█████████▌| 17509/18408 [21:42<02:32,  5.91it/s]
 95%|█████████▌| 17511/18408 [21:42<02:03,  7.24it/s]
 95%|█████████▌| 17513/18408 [21:43<01:44,  8.53it/s]
 95%|█████████▌| 17515/18408 [21:43<01:32,  9.64it/s]
 95%|█████████▌| 17517/18408 [21:43<01:25, 10.44it/s]
 95%|█████████▌| 17519/18408 [21:43<01:17, 11.52it/s]
 95%|█████████▌| 17521/18408 [21:43<01:14, 11.96it/s]
 95%|█████████▌| 17523/18408 [21:43<01:10, 12.60it/s]
 95%|█████████▌| 17525/18408 [21:43<01:05, 13.40it/s]
 95%|█████████▌| 17527/18408 [21:44<01:04, 13.68it/s]
 95%|█████████▌| 17529/18408 [21:44<01:02, 13.99it/s]
 95%|█████████▌| 17531/18408 [21:44<01:02, 14.08it/s]
 95%|█████████▌| 17533/18408 [21:44<01:03, 13.85it/s]
 95%|█████████▌| 17535/18408 [21:44<01:01, 14.27it/s]
 95%|█████████▌| 17537/18408 [21:44<00:59, 14.58it/s]
 95%|█████████▌| 17539/18408 [21:44<01:05, 13.28it/s]
 95%|█████████▌| 17541/18408 [21:45<01:02, 13.76it/s]
 95%|█████████▌| 17543/18408 [21:45<01:02, 13.87it/s]
 95%|█████████▌| 17545/18408 [21:45<01:01, 14.11it/s]
 95%|█████████▌| 17547/18408 [21:45<01:00, 14.32it/s]
 95%|█████████▌| 17549/18408 [21:45<00:59, 14.50it/s]
                                                     
{'loss': '0.5145', 'grad_norm': '4.797', 'learning_rate': '9.384e-07', 'epoch': '2.86'}

 95%|█████████▌| 17550/18408 [21:45<00:59, 14.50it/s]
 95%|█████████▌| 17551/18408 [21:45<00:58, 14.71it/s]
 95%|█████████▌| 17553/18408 [21:45<00:57, 14.80it/s]
 95%|█████████▌| 17555/18408 [21:46<00:56, 15.00it/s]
 95%|█████████▌| 17557/18408 [21:46<00:57, 14.68it/s]
 95%|█████████▌| 17559/18408 [21:46<00:57, 14.87it/s]
 95%|█████████▌| 17561/18408 [21:46<00:56, 14.91it/s]
 95%|█████████▌| 17563/18408 [21:46<00:56, 15.02it/s]
 95%|█████████▌| 17565/18408 [21:46<00:58, 14.45it/s]
 95%|█████████▌| 17567/18408 [21:46<01:00, 13.94it/s]
 95%|█████████▌| 17569/18408 [21:46<00:59, 14.13it/s]
 95%|█████████▌| 17571/18408 [21:47<00:59, 14.14it/s]
 95%|█████████▌| 17573/18408 [21:47<00:57, 14.55it/s]
 95%|█████████▌| 17575/18408 [21:47<00:57, 14.61it/s]
 95%|█████████▌| 17577/18408 [21:47<00:57, 14.40it/s]
 95%|█████████▌| 17579/18408 [21:47<00:56, 14.78it/s]
 96%|█████████▌| 17581/18408 [21:47<00:57, 14.46it/s]
 96%|█████████▌| 17583/18408 [21:47<00:59, 13.80it/s]
 96%|█████████▌| 17585/18408 [21:48<00:59, 13.85it/s]
 96%|█████████▌| 17587/18408 [21:48<00:57, 14.22it/s]
 96%|█████████▌| 17589/18408 [21:48<00:56, 14.42it/s]
 96%|█████████▌| 17591/18408 [21:48<00:56, 14.59it/s]
 96%|█████████▌| 17593/18408 [21:48<00:55, 14.57it/s]
 96%|█████████▌| 17595/18408 [21:48<00:56, 14.40it/s]
 96%|█████████▌| 17597/18408 [21:48<00:55, 14.60it/s]
 96%|█████████▌| 17599/18408 [21:49<00:55, 14.60it/s]
                                                     
{'loss': '0.5395', 'grad_norm': '4.469', 'learning_rate': '8.838e-07', 'epoch': '2.868'}

 96%|█████████▌| 17600/18408 [21:49<00:55, 14.60it/s]
 96%|█████████▌| 17601/18408 [21:49<00:56, 14.31it/s]
 96%|█████████▌| 17603/18408 [21:49<00:54, 14.69it/s]
 96%|█████████▌| 17605/18408 [21:49<00:53, 15.01it/s]
 96%|█████████▌| 17607/18408 [21:49<00:52, 15.21it/s]
 96%|█████████▌| 17609/18408 [21:49<00:52, 15.14it/s]
 96%|█████████▌| 17611/18408 [21:49<00:51, 15.35it/s]
 96%|█████████▌| 17613/18408 [21:49<00:54, 14.62it/s]
 96%|█████████▌| 17615/18408 [21:50<00:56, 13.99it/s]
 96%|█████████▌| 17617/18408 [21:50<00:56, 13.90it/s]
 96%|█████████▌| 17619/18408 [21:50<00:56, 14.02it/s]
 96%|█████████▌| 17621/18408 [21:50<00:54, 14.55it/s]
 96%|█████████▌| 17623/18408 [21:50<00:57, 13.63it/s]
 96%|█████████▌| 17625/18408 [21:50<00:55, 14.18it/s]
 96%|█████████▌| 17627/18408 [21:50<00:53, 14.62it/s]
 96%|█████████▌| 17629/18408 [21:51<00:52, 14.81it/s]
 96%|█████████▌| 17631/18408 [21:51<00:54, 14.15it/s]
 96%|█████████▌| 17633/18408 [21:51<00:55, 13.98it/s]
 96%|█████████▌| 17635/18408 [21:51<00:55, 13.88it/s]
 96%|█████████▌| 17637/18408 [21:51<00:55, 13.80it/s]
 96%|█████████▌| 17639/18408 [21:51<00:53, 14.33it/s]
 96%|█████████▌| 17641/18408 [21:51<00:52, 14.70it/s]
 96%|█████████▌| 17643/18408 [21:52<00:52, 14.59it/s]
 96%|█████████▌| 17645/18408 [21:52<00:51, 14.95it/s]
 96%|█████████▌| 17647/18408 [21:52<00:51, 14.90it/s]
 96%|█████████▌| 17649/18408 [21:52<00:50, 15.14it/s]
                                                     
{'loss': '0.5479', 'grad_norm': '3.218', 'learning_rate': '8.291e-07', 'epoch': '2.876'}

 96%|█████████▌| 17650/18408 [21:52<00:50, 15.14it/s]
 96%|█████████▌| 17651/18408 [21:52<00:57, 13.15it/s]
 96%|█████████▌| 17653/18408 [21:52<00:55, 13.60it/s]
 96%|█████████▌| 17655/18408 [21:52<00:53, 14.18it/s]
 96%|█████████▌| 17657/18408 [21:53<00:51, 14.46it/s]
 96%|█████████▌| 17659/18408 [21:53<00:51, 14.49it/s]
 96%|█████████▌| 17661/18408 [21:53<00:50, 14.87it/s]
 96%|█████████▌| 17663/18408 [21:53<00:49, 14.96it/s]
 96%|█████████▌| 17665/18408 [21:53<00:49, 15.16it/s]
 96%|█████████▌| 17667/18408 [21:53<00:48, 15.34it/s]
 96%|█████████▌| 17669/18408 [21:53<00:49, 14.89it/s]
 96%|█████████▌| 17671/18408 [21:54<00:52, 13.92it/s]
 96%|█████████▌| 17673/18408 [21:54<00:51, 14.23it/s]
 96%|█████████▌| 17675/18408 [21:54<00:51, 14.32it/s]
 96%|█████████▌| 17677/18408 [21:54<00:49, 14.72it/s]
 96%|█████████▌| 17679/18408 [21:54<00:50, 14.56it/s]
 96%|█████████▌| 17681/18408 [21:54<00:50, 14.48it/s]
 96%|█████████▌| 17683/18408 [21:54<00:52, 13.91it/s]
 96%|█████████▌| 17685/18408 [21:55<00:50, 14.22it/s]
 96%|█████████▌| 17687/18408 [21:55<00:49, 14.52it/s]
 96%|█████████▌| 17689/18408 [21:55<00:51, 14.01it/s]
 96%|█████████▌| 17691/18408 [21:55<00:49, 14.42it/s]
 96%|█████████▌| 17693/18408 [21:55<00:49, 14.55it/s]
 96%|█████████▌| 17695/18408 [21:55<00:48, 14.64it/s]
 96%|█████████▌| 17697/18408 [21:55<00:47, 14.87it/s]
 96%|█████████▌| 17699/18408 [21:55<00:47, 14.88it/s]
                                                     
{'loss': '0.5357', 'grad_norm': '4.227', 'learning_rate': '7.745e-07', 'epoch': '2.885'}

 96%|█████████▌| 17700/18408 [21:56<00:47, 14.88it/s]
 96%|█████████▌| 17701/18408 [21:56<00:50, 14.03it/s]
 96%|█████████▌| 17703/18408 [21:56<00:50, 14.03it/s]
 96%|█████████▌| 17705/18408 [21:56<00:48, 14.42it/s]
 96%|█████████▌| 17707/18408 [21:56<00:52, 13.36it/s]
 96%|█████████▌| 17709/18408 [21:56<00:51, 13.66it/s]
 96%|█████████▌| 17711/18408 [21:56<00:52, 13.29it/s]
 96%|█████████▌| 17713/18408 [21:57<00:50, 13.66it/s]
 96%|█████████▌| 17715/18408 [21:57<00:50, 13.67it/s]
 96%|█████████▌| 17717/18408 [21:57<00:50, 13.77it/s]
 96%|█████████▋| 17719/18408 [21:57<00:49, 13.98it/s]
 96%|█████████▋| 17721/18408 [21:57<00:47, 14.37it/s]
 96%|█████████▋| 17723/18408 [21:57<00:47, 14.50it/s]
 96%|█████████▋| 17725/18408 [21:57<00:46, 14.75it/s]
 96%|█████████▋| 17727/18408 [21:57<00:45, 14.92it/s]
 96%|█████████▋| 17729/18408 [21:58<00:45, 14.87it/s]
 96%|█████████▋| 17731/18408 [21:58<00:45, 15.03it/s]
 96%|█████████▋| 17733/18408 [21:58<00:44, 15.15it/s]
 96%|█████████▋| 17735/18408 [21:58<00:44, 15.03it/s]
 96%|█████████▋| 17737/18408 [21:58<00:46, 14.30it/s]
 96%|█████████▋| 17739/18408 [21:58<00:45, 14.62it/s]
 96%|█████████▋| 17741/18408 [21:58<00:44, 14.85it/s]
 96%|█████████▋| 17743/18408 [21:59<00:44, 14.93it/s]
 96%|█████████▋| 17745/18408 [21:59<00:45, 14.56it/s]
 96%|█████████▋| 17747/18408 [21:59<00:44, 14.81it/s]
 96%|█████████▋| 17749/18408 [21:59<00:43, 14.98it/s]
                                                     
{'loss': '0.5339', 'grad_norm': '4.061', 'learning_rate': '7.199e-07', 'epoch': '2.893'}

 96%|█████████▋| 17750/18408 [21:59<00:43, 14.98it/s]
 96%|█████████▋| 17751/18408 [21:59<00:45, 14.33it/s]
 96%|█████████▋| 17753/18408 [21:59<00:46, 14.11it/s]
 96%|█████████▋| 17755/18408 [21:59<00:45, 14.24it/s]
 96%|█████████▋| 17757/18408 [22:00<00:46, 14.14it/s]
 96%|█████████▋| 17759/18408 [22:00<00:45, 14.38it/s]
 96%|█████████▋| 17761/18408 [22:00<00:44, 14.67it/s]
 96%|█████████▋| 17763/18408 [22:00<00:45, 14.13it/s]
 97%|█████████▋| 17765/18408 [22:00<00:45, 14.27it/s]
 97%|█████████▋| 17767/18408 [22:00<00:43, 14.59it/s]
 97%|█████████▋| 17769/18408 [22:00<00:44, 14.43it/s]
 97%|█████████▋| 17771/18408 [22:01<00:45, 14.13it/s]
 97%|█████████▋| 17773/18408 [22:01<00:44, 14.32it/s]
 97%|█████████▋| 17775/18408 [22:01<00:43, 14.43it/s]
 97%|█████████▋| 17777/18408 [22:01<00:43, 14.57it/s]
 97%|█████████▋| 17779/18408 [22:01<00:44, 14.27it/s]
 97%|█████████▋| 17781/18408 [22:01<00:43, 14.39it/s]
 97%|█████████▋| 17783/18408 [22:01<00:42, 14.55it/s]
 97%|█████████▋| 17785/18408 [22:01<00:42, 14.50it/s]
 97%|█████████▋| 17787/18408 [22:02<00:42, 14.75it/s]
 97%|█████████▋| 17789/18408 [22:02<00:42, 14.45it/s]
 97%|█████████▋| 17791/18408 [22:02<00:44, 13.83it/s]
 97%|█████████▋| 17793/18408 [22:02<00:44, 13.74it/s]
 97%|█████████▋| 17795/18408 [22:02<00:43, 14.12it/s]
 97%|█████████▋| 17797/18408 [22:02<00:42, 14.39it/s]
 97%|█████████▋| 17799/18408 [22:03<00:46, 13.01it/s]
                                                     
{'loss': '0.5223', 'grad_norm': '4.497', 'learning_rate': '6.653e-07', 'epoch': '2.901'}

 97%|█████████▋| 17800/18408 [22:03<00:46, 13.01it/s]
 97%|█████████▋| 17801/18408 [22:03<00:45, 13.32it/s]
 97%|█████████▋| 17803/18408 [22:03<00:46, 13.06it/s]
 97%|█████████▋| 17805/18408 [22:03<00:45, 13.38it/s]
 97%|█████████▋| 17807/18408 [22:03<00:45, 13.29it/s]
 97%|█████████▋| 17809/18408 [22:03<00:45, 13.21it/s]
 97%|█████████▋| 17811/18408 [22:03<00:43, 13.58it/s]
 97%|█████████▋| 17813/18408 [22:04<00:42, 14.07it/s]
 97%|█████████▋| 17815/18408 [22:04<00:41, 14.34it/s]
 97%|█████████▋| 17817/18408 [22:04<00:44, 13.15it/s]
 97%|█████████▋| 17819/18408 [22:04<00:43, 13.52it/s]
 97%|█████████▋| 17821/18408 [22:04<00:44, 13.30it/s]
 97%|█████████▋| 17823/18408 [22:04<00:43, 13.51it/s]
 97%|█████████▋| 17825/18408 [22:04<00:42, 13.57it/s]
 97%|█████████▋| 17827/18408 [22:05<00:41, 14.08it/s]
 97%|█████████▋| 17829/18408 [22:05<00:41, 13.88it/s]
 97%|█████████▋| 17831/18408 [22:05<00:41, 13.98it/s]
 97%|█████████▋| 17833/18408 [22:05<00:40, 14.12it/s]
 97%|█████████▋| 17835/18408 [22:05<00:40, 14.16it/s]
 97%|█████████▋| 17837/18408 [22:05<00:39, 14.36it/s]
 97%|█████████▋| 17839/18408 [22:05<00:39, 14.46it/s]
 97%|█████████▋| 17841/18408 [22:06<00:38, 14.59it/s]
 97%|█████████▋| 17843/18408 [22:06<00:38, 14.55it/s]
 97%|█████████▋| 17845/18408 [22:06<00:38, 14.57it/s]
 97%|█████████▋| 17847/18408 [22:06<00:38, 14.60it/s]
 97%|█████████▋| 17849/18408 [22:06<00:38, 14.61it/s]
                                                     
{'loss': '0.552', 'grad_norm': '4.825', 'learning_rate': '6.107e-07', 'epoch': '2.909'}

 97%|█████████▋| 17850/18408 [22:06<00:38, 14.61it/s]
 97%|█████████▋| 17851/18408 [22:06<00:43, 12.79it/s]
 97%|█████████▋| 17853/18408 [22:06<00:42, 13.08it/s]
 97%|█████████▋| 17855/18408 [22:07<00:41, 13.24it/s]
 97%|█████████▋| 17857/18408 [22:07<00:40, 13.68it/s]
 97%|█████████▋| 17859/18408 [22:07<00:39, 13.89it/s]
 97%|█████████▋| 17861/18408 [22:07<00:38, 14.11it/s]
 97%|█████████▋| 17863/18408 [22:07<00:39, 13.88it/s]
 97%|█████████▋| 17865/18408 [22:07<00:37, 14.30it/s]
 97%|█████████▋| 17867/18408 [22:07<00:37, 14.35it/s]
 97%|█████████▋| 17869/18408 [22:08<00:38, 14.15it/s]
 97%|█████████▋| 17871/18408 [22:08<00:37, 14.38it/s]
 97%|█████████▋| 17873/18408 [22:08<00:37, 14.31it/s]
 97%|█████████▋| 17875/18408 [22:08<00:36, 14.52it/s]
 97%|█████████▋| 17877/18408 [22:08<00:39, 13.36it/s]
 97%|█████████▋| 17879/18408 [22:08<00:40, 13.18it/s]
 97%|█████████▋| 17881/18408 [22:08<00:38, 13.71it/s]
 97%|█████████▋| 17883/18408 [22:09<00:37, 13.92it/s]
 97%|█████████▋| 17885/18408 [22:09<00:37, 14.06it/s]
 97%|█████████▋| 17887/18408 [22:09<00:40, 13.01it/s]
 97%|█████████▋| 17889/18408 [22:09<00:38, 13.35it/s]
 97%|█████████▋| 17891/18408 [22:09<00:37, 13.91it/s]
 97%|█████████▋| 17893/18408 [22:09<00:36, 14.11it/s]
 97%|█████████▋| 17895/18408 [22:09<00:36, 13.88it/s]
 97%|█████████▋| 17897/18408 [22:10<00:35, 14.20it/s]
 97%|█████████▋| 17899/18408 [22:10<00:35, 14.20it/s]
                                                     
{'loss': '0.5499', 'grad_norm': '4.28', 'learning_rate': '5.56e-07', 'epoch': '2.917'}

 97%|█████████▋| 17900/18408 [22:10<00:35, 14.20it/s]
 97%|█████████▋| 17901/18408 [22:10<00:36, 13.99it/s]
 97%|█████████▋| 17903/18408 [22:10<00:35, 14.40it/s]
 97%|█████████▋| 17905/18408 [22:10<00:34, 14.70it/s]
 97%|█████████▋| 17907/18408 [22:10<00:33, 14.91it/s]
 97%|█████████▋| 17909/18408 [22:10<00:35, 14.01it/s]
 97%|█████████▋| 17911/18408 [22:11<00:34, 14.39it/s]
 97%|█████████▋| 17913/18408 [22:11<00:33, 14.68it/s]
 97%|█████████▋| 17915/18408 [22:11<00:33, 14.84it/s]
 97%|█████████▋| 17917/18408 [22:11<00:32, 14.96it/s]
 97%|█████████▋| 17919/18408 [22:11<00:33, 14.46it/s]
 97%|█████████▋| 17921/18408 [22:11<00:33, 14.52it/s]
 97%|█████████▋| 17923/18408 [22:11<00:33, 14.64it/s]
 97%|█████████▋| 17925/18408 [22:11<00:32, 14.86it/s]
 97%|█████████▋| 17927/18408 [22:12<00:32, 14.68it/s]
 97%|█████████▋| 17929/18408 [22:12<00:33, 14.21it/s]
 97%|█████████▋| 17931/18408 [22:12<00:33, 14.36it/s]
 97%|█████████▋| 17933/18408 [22:12<00:32, 14.66it/s]
 97%|█████████▋| 17935/18408 [22:12<00:33, 14.10it/s]
 97%|█████████▋| 17937/18408 [22:12<00:32, 14.47it/s]
 97%|█████████▋| 17939/18408 [22:12<00:31, 14.74it/s]
 97%|█████████▋| 17941/18408 [22:13<00:31, 14.82it/s]
 97%|█████████▋| 17943/18408 [22:13<00:31, 14.57it/s]
 97%|█████████▋| 17945/18408 [22:13<00:32, 14.23it/s]
 97%|█████████▋| 17947/18408 [22:13<00:32, 14.37it/s]
 98%|█████████▊| 17949/18408 [22:13<00:31, 14.67it/s]
                                                     
{'loss': '0.5351', 'grad_norm': '4.169', 'learning_rate': '5.014e-07', 'epoch': '2.925'}

 98%|█████████▊| 17950/18408 [22:13<00:31, 14.67it/s]
 98%|█████████▊| 17951/18408 [22:13<00:31, 14.30it/s]
 98%|█████████▊| 17953/18408 [22:13<00:33, 13.78it/s]
 98%|█████████▊| 17955/18408 [22:14<00:32, 14.10it/s]
 98%|█████████▊| 17957/18408 [22:14<00:31, 14.48it/s]
 98%|█████████▊| 17959/18408 [22:14<00:31, 14.05it/s]
 98%|█████████▊| 17961/18408 [22:14<00:31, 14.07it/s]
 98%|█████████▊| 17963/18408 [22:14<00:31, 14.19it/s]
 98%|█████████▊| 17965/18408 [22:14<00:31, 13.85it/s]
 98%|█████████▊| 17967/18408 [22:14<00:31, 13.95it/s]
 98%|█████████▊| 17969/18408 [22:15<00:30, 14.20it/s]
 98%|█████████▊| 17971/18408 [22:15<00:31, 14.01it/s]
 98%|█████████▊| 17973/18408 [22:15<00:30, 14.35it/s]
 98%|█████████▊| 17975/18408 [22:15<00:29, 14.49it/s]
 98%|█████████▊| 17977/18408 [22:15<00:29, 14.71it/s]
 98%|█████████▊| 17979/18408 [22:15<00:28, 14.85it/s]
 98%|█████████▊| 17981/18408 [22:15<00:29, 14.26it/s]
 98%|█████████▊| 17983/18408 [22:16<00:28, 14.70it/s]
 98%|█████████▊| 17985/18408 [22:16<00:29, 14.26it/s]
 98%|█████████▊| 17987/18408 [22:16<00:28, 14.57it/s]
 98%|█████████▊| 17989/18408 [22:16<00:30, 13.91it/s]
 98%|█████████▊| 17991/18408 [22:16<00:28, 14.43it/s]
 98%|█████████▊| 17993/18408 [22:16<00:29, 14.25it/s]
 98%|█████████▊| 17995/18408 [22:16<00:28, 14.35it/s]
 98%|█████████▊| 17997/18408 [22:17<00:28, 14.18it/s]
 98%|█████████▊| 17999/18408 [22:17<00:28, 14.40it/s]
                                                     
{'loss': '0.5303', 'grad_norm': '3.962', 'learning_rate': '4.468e-07', 'epoch': '2.934'}

 98%|█████████▊| 18000/18408 [22:17<00:28, 14.40it/s]

  0%|          | 0/39 [00:00<?, ?it/s][A

 28%|██▊       | 11/39 [00:00<00:00, 109.51it/s][A

 56%|█████▋    | 22/39 [00:00<00:00, 105.18it/s][A

 87%|████████▋ | 34/39 [00:00<00:00, 110.79it/s][A
                                                     

                                                
[A{'eval_loss': '0.5817', 'eval_accuracy': '0.7639', 'eval_precision': '0.7653', 'eval_recall': '0.7639', 'eval_f1_weighted': '0.764', 'eval_f1_macro': '0.764', 'eval_runtime': '0.7652', 'eval_samples_per_second': '3254', 'eval_steps_per_second': '50.97', 'epoch': '2.934'}

 98%|█████████▊| 18000/18408 [22:18<00:28, 14.40it/s]

100%|██████████| 39/39 [00:00<00:00, 110.79it/s][A

                                                [A

Writing model shards:   0%|          | 0/1 [00:00<?, ?it/s][A

Writing model shards: 100%|██████████| 1/1 [00:01<00:00,  1.37s/it][A
Writing model shards: 100%|██████████| 1/1 [00:01<00:00,  1.37s/it]

 98%|█████████▊| 18001/18408 [22:19<02:56,  2.31it/s]
 98%|█████████▊| 18003/18408 [22:19<02:12,  3.07it/s]
 98%|█████████▊| 18005/18408 [22:19<01:40,  4.00it/s]
 98%|█████████▊| 18007/18408 [22:20<01:17,  5.14it/s]
 98%|█████████▊| 18009/18408 [22:20<01:02,  6.41it/s]
 98%|█████████▊| 18011/18408 [22:20<00:52,  7.58it/s]
 98%|█████████▊| 18013/18408 [22:20<00:44,  8.92it/s]
 98%|█████████▊| 18015/18408 [22:20<00:38, 10.17it/s]
 98%|█████████▊| 18017/18408 [22:20<00:34, 11.38it/s]
 98%|█████████▊| 18019/18408 [22:20<00:32, 11.94it/s]
 98%|█████████▊| 18021/18408 [22:21<00:31, 12.17it/s]
 98%|█████████▊| 18023/18408 [22:21<00:29, 13.06it/s]
 98%|█████████▊| 18025/18408 [22:21<00:31, 12.21it/s]
 98%|█████████▊| 18027/18408 [22:21<00:29, 13.09it/s]
 98%|█████████▊| 18029/18408 [22:21<00:29, 13.05it/s]
 98%|█████████▊| 18031/18408 [22:21<00:28, 13.43it/s]
 98%|█████████▊| 18033/18408 [22:21<00:27, 13.81it/s]
 98%|█████████▊| 18035/18408 [22:22<00:27, 13.79it/s]
 98%|█████████▊| 18037/18408 [22:22<00:25, 14.35it/s]
 98%|█████████▊| 18039/18408 [22:22<00:26, 14.18it/s]
 98%|█████████▊| 18041/18408 [22:22<00:25, 14.49it/s]
 98%|█████████▊| 18043/18408 [22:22<00:24, 14.65it/s]
 98%|█████████▊| 18045/18408 [22:22<00:24, 14.62it/s]
 98%|█████████▊| 18047/18408 [22:22<00:24, 14.82it/s]
 98%|█████████▊| 18049/18408 [22:23<00:24, 14.86it/s]
                                                     
{'loss': '0.5184', 'grad_norm': '5.334', 'learning_rate': '3.922e-07', 'epoch': '2.942'}

 98%|█████████▊| 18050/18408 [22:23<00:24, 14.86it/s]
 98%|█████████▊| 18051/18408 [22:23<00:23, 15.13it/s]
 98%|█████████▊| 18053/18408 [22:23<00:23, 15.07it/s]
 98%|█████████▊| 18055/18408 [22:23<00:28, 12.46it/s]
 98%|█████████▊| 18057/18408 [22:23<00:26, 13.13it/s]
 98%|█████████▊| 18059/18408 [22:23<00:26, 13.30it/s]
 98%|█████████▊| 18061/18408 [22:23<00:25, 13.75it/s]
 98%|█████████▊| 18063/18408 [22:24<00:25, 13.62it/s]
 98%|█████████▊| 18065/18408 [22:24<00:24, 14.20it/s]
 98%|█████████▊| 18067/18408 [22:24<00:26, 13.00it/s]
 98%|█████████▊| 18069/18408 [22:24<00:25, 13.54it/s]
 98%|█████████▊| 18071/18408 [22:24<00:24, 13.80it/s]
 98%|█████████▊| 18073/18408 [22:24<00:24, 13.60it/s]
 98%|█████████▊| 18075/18408 [22:24<00:23, 14.17it/s]
 98%|█████████▊| 18077/18408 [22:25<00:22, 14.43it/s]
 98%|█████████▊| 18079/18408 [22:25<00:23, 13.74it/s]
 98%|█████████▊| 18081/18408 [22:25<00:24, 13.46it/s]
 98%|█████████▊| 18083/18408 [22:25<00:23, 14.08it/s]
 98%|█████████▊| 18085/18408 [22:25<00:22, 14.56it/s]
 98%|█████████▊| 18087/18408 [22:25<00:22, 14.25it/s]
 98%|█████████▊| 18089/18408 [22:25<00:23, 13.62it/s]
 98%|█████████▊| 18091/18408 [22:26<00:22, 13.87it/s]
 98%|█████████▊| 18093/18408 [22:26<00:22, 14.21it/s]
 98%|█████████▊| 18095/18408 [22:26<00:21, 14.66it/s]
 98%|█████████▊| 18097/18408 [22:26<00:20, 14.86it/s]
 98%|█████████▊| 18099/18408 [22:26<00:21, 14.54it/s]
                                                     
{'loss': '0.5279', 'grad_norm': '5.278', 'learning_rate': '3.376e-07', 'epoch': '2.95'}

 98%|█████████▊| 18100/18408 [22:26<00:21, 14.54it/s]
 98%|█████████▊| 18101/18408 [22:26<00:20, 14.85it/s]
 98%|█████████▊| 18103/18408 [22:26<00:20, 14.64it/s]
 98%|█████████▊| 18105/18408 [22:27<00:20, 14.50it/s]
 98%|█████████▊| 18107/18408 [22:27<00:20, 14.62it/s]
 98%|█████████▊| 18109/18408 [22:27<00:20, 14.56it/s]
 98%|█████████▊| 18111/18408 [22:27<00:20, 14.70it/s]
 98%|█████████▊| 18113/18408 [22:27<00:20, 14.08it/s]
 98%|█████████▊| 18115/18408 [22:27<00:21, 13.82it/s]
 98%|█████████▊| 18117/18408 [22:27<00:20, 14.27it/s]
 98%|█████████▊| 18119/18408 [22:28<00:19, 14.52it/s]
 98%|█████████▊| 18121/18408 [22:28<00:19, 14.47it/s]
 98%|█████████▊| 18123/18408 [22:28<00:19, 14.61it/s]
 98%|█████████▊| 18125/18408 [22:28<00:19, 14.78it/s]
 98%|█████████▊| 18127/18408 [22:28<00:19, 14.28it/s]
 98%|█████████▊| 18129/18408 [22:28<00:19, 14.58it/s]
 98%|█████████▊| 18131/18408 [22:28<00:18, 14.66it/s]
 99%|█████████▊| 18133/18408 [22:29<00:21, 12.86it/s]
 99%|█████████▊| 18135/18408 [22:29<00:20, 13.33it/s]
 99%|█████████▊| 18137/18408 [22:29<00:19, 13.63it/s]
 99%|█████████▊| 18139/18408 [22:29<00:18, 14.19it/s]
 99%|█████████▊| 18141/18408 [22:29<00:18, 14.23it/s]
 99%|█████████▊| 18143/18408 [22:29<00:18, 14.66it/s]
 99%|█████████▊| 18145/18408 [22:29<00:18, 14.42it/s]
 99%|█████████▊| 18147/18408 [22:30<00:19, 13.55it/s]
 99%|█████████▊| 18149/18408 [22:30<00:18, 14.10it/s]
                                                     
{'loss': '0.5384', 'grad_norm': '5.233', 'learning_rate': '2.829e-07', 'epoch': '2.958'}

 99%|█████████▊| 18150/18408 [22:30<00:18, 14.10it/s]
 99%|█████████▊| 18151/18408 [22:30<00:18, 14.20it/s]
 99%|█████████▊| 18153/18408 [22:30<00:17, 14.59it/s]
 99%|█████████▊| 18155/18408 [22:30<00:17, 14.39it/s]
 99%|█████████▊| 18157/18408 [22:30<00:18, 13.92it/s]
 99%|█████████▊| 18159/18408 [22:30<00:17, 14.44it/s]
 99%|█████████▊| 18161/18408 [22:31<00:18, 13.71it/s]
 99%|█████████▊| 18163/18408 [22:31<00:17, 14.08it/s]
 99%|█████████▊| 18165/18408 [22:31<00:18, 13.48it/s]
 99%|█████████▊| 18167/18408 [22:31<00:17, 13.92it/s]
 99%|█████████▊| 18169/18408 [22:31<00:16, 14.40it/s]
 99%|█████████▊| 18171/18408 [22:31<00:16, 14.47it/s]
 99%|█████████▊| 18173/18408 [22:31<00:16, 14.46it/s]
 99%|█████████▊| 18175/18408 [22:32<00:16, 14.23it/s]
 99%|█████████▊| 18177/18408 [22:32<00:15, 14.64it/s]
 99%|█████████▉| 18179/18408 [22:32<00:15, 14.95it/s]
 99%|█████████▉| 18181/18408 [22:32<00:15, 14.45it/s]
 99%|█████████▉| 18183/18408 [22:32<00:15, 14.63it/s]
 99%|█████████▉| 18185/18408 [22:32<00:14, 14.96it/s]
 99%|█████████▉| 18187/18408 [22:32<00:14, 14.82it/s]
 99%|█████████▉| 18189/18408 [22:32<00:15, 14.16it/s]
 99%|█████████▉| 18191/18408 [22:33<00:15, 13.73it/s]
 99%|█████████▉| 18193/18408 [22:33<00:15, 13.81it/s]
 99%|█████████▉| 18195/18408 [22:33<00:15, 13.69it/s]
 99%|█████████▉| 18197/18408 [22:33<00:15, 13.40it/s]
 99%|█████████▉| 18199/18408 [22:33<00:15, 13.86it/s]
                                                     
{'loss': '0.5391', 'grad_norm': '4.501', 'learning_rate': '2.283e-07', 'epoch': '2.966'}

 99%|█████████▉| 18200/18408 [22:33<00:15, 13.86it/s]
 99%|█████████▉| 18201/18408 [22:33<00:14, 14.10it/s]
 99%|█████████▉| 18203/18408 [22:33<00:14, 14.39it/s]
 99%|█████████▉| 18205/18408 [22:34<00:14, 14.15it/s]
 99%|█████████▉| 18207/18408 [22:34<00:14, 13.80it/s]
 99%|█████████▉| 18209/18408 [22:34<00:14, 14.10it/s]
 99%|█████████▉| 18211/18408 [22:34<00:13, 14.30it/s]
 99%|█████████▉| 18213/18408 [22:34<00:14, 13.68it/s]
 99%|█████████▉| 18215/18408 [22:34<00:13, 13.99it/s]
 99%|█████████▉| 18217/18408 [22:34<00:13, 14.50it/s]
 99%|█████████▉| 18219/18408 [22:35<00:13, 14.06it/s]
 99%|█████████▉| 18221/18408 [22:35<00:12, 14.52it/s]
 99%|█████████▉| 18223/18408 [22:35<00:13, 14.02it/s]
 99%|█████████▉| 18225/18408 [22:35<00:13, 14.05it/s]
 99%|█████████▉| 18227/18408 [22:35<00:12, 14.51it/s]
 99%|█████████▉| 18229/18408 [22:35<00:12, 14.89it/s]
 99%|█████████▉| 18231/18408 [22:35<00:11, 15.14it/s]
 99%|█████████▉| 18233/18408 [22:36<00:11, 14.70it/s]
 99%|█████████▉| 18235/18408 [22:36<00:11, 14.95it/s]
 99%|█████████▉| 18237/18408 [22:36<00:11, 14.89it/s]
 99%|█████████▉| 18239/18408 [22:36<00:11, 15.18it/s]
 99%|█████████▉| 18241/18408 [22:36<00:11, 15.06it/s]
 99%|█████████▉| 18243/18408 [22:36<00:10, 15.30it/s]
 99%|█████████▉| 18245/18408 [22:36<00:10, 14.88it/s]
 99%|█████████▉| 18247/18408 [22:36<00:10, 15.17it/s]
 99%|█████████▉| 18249/18408 [22:37<00:10, 14.98it/s]
                                                     
{'loss': '0.567', 'grad_norm': '4.58', 'learning_rate': '1.737e-07', 'epoch': '2.974'}

 99%|█████████▉| 18250/18408 [22:37<00:10, 14.98it/s]
 99%|█████████▉| 18251/18408 [22:37<00:10, 15.21it/s]
 99%|█████████▉| 18253/18408 [22:37<00:10, 15.33it/s]
 99%|█████████▉| 18255/18408 [22:37<00:09, 15.47it/s]
 99%|█████████▉| 18257/18408 [22:37<00:09, 15.39it/s]
 99%|█████████▉| 18259/18408 [22:37<00:09, 15.37it/s]
 99%|█████████▉| 18261/18408 [22:37<00:09, 15.45it/s]
 99%|█████████▉| 18263/18408 [22:38<00:09, 15.43it/s]
 99%|█████████▉| 18265/18408 [22:38<00:09, 15.55it/s]
 99%|█████████▉| 18267/18408 [22:38<00:09, 14.53it/s]
 99%|█████████▉| 18269/18408 [22:38<00:09, 14.59it/s]
 99%|█████████▉| 18271/18408 [22:38<00:09, 14.75it/s]
 99%|█████████▉| 18273/18408 [22:38<00:08, 15.01it/s]
 99%|█████████▉| 18275/18408 [22:38<00:08, 15.03it/s]
 99%|█████████▉| 18277/18408 [22:38<00:09, 14.46it/s]
 99%|█████████▉| 18279/18408 [22:39<00:08, 14.39it/s]
 99%|█████████▉| 18281/18408 [22:39<00:09, 14.09it/s]
 99%|█████████▉| 18283/18408 [22:39<00:08, 14.38it/s]
 99%|█████████▉| 18285/18408 [22:39<00:08, 14.50it/s]
 99%|█████████▉| 18287/18408 [22:39<00:08, 14.03it/s]
 99%|█████████▉| 18289/18408 [22:39<00:08, 14.33it/s]
 99%|█████████▉| 18291/18408 [22:39<00:08, 14.58it/s]
 99%|█████████▉| 18293/18408 [22:40<00:07, 14.75it/s]
 99%|█████████▉| 18295/18408 [22:40<00:07, 14.61it/s]
 99%|█████████▉| 18297/18408 [22:40<00:08, 13.82it/s]
 99%|█████████▉| 18299/18408 [22:40<00:07, 14.12it/s]
                                                     
{'loss': '0.5332', 'grad_norm': '4.204', 'learning_rate': '1.191e-07', 'epoch': '2.982'}

 99%|█████████▉| 18300/18408 [22:40<00:07, 14.12it/s]
 99%|█████████▉| 18301/18408 [22:40<00:07, 14.37it/s]
 99%|█████████▉| 18303/18408 [22:40<00:07, 14.22it/s]
 99%|█████████▉| 18305/18408 [22:40<00:07, 14.56it/s]
 99%|█████████▉| 18307/18408 [22:41<00:07, 13.29it/s]
 99%|█████████▉| 18309/18408 [22:41<00:07, 13.97it/s]
 99%|█████████▉| 18311/18408 [22:41<00:06, 14.45it/s]
 99%|█████████▉| 18313/18408 [22:41<00:07, 13.13it/s]
 99%|█████████▉| 18315/18408 [22:41<00:06, 13.39it/s]
100%|█████████▉| 18317/18408 [22:41<00:07, 12.81it/s]
100%|█████████▉| 18319/18408 [22:42<00:06, 13.39it/s]
100%|█████████▉| 18321/18408 [22:42<00:06, 12.63it/s]
100%|█████████▉| 18323/18408 [22:42<00:06, 13.19it/s]
100%|█████████▉| 18325/18408 [22:42<00:06, 13.60it/s]
100%|█████████▉| 18327/18408 [22:42<00:05, 13.77it/s]
100%|█████████▉| 18329/18408 [22:42<00:05, 14.30it/s]
100%|█████████▉| 18331/18408 [22:42<00:05, 14.36it/s]
100%|█████████▉| 18333/18408 [22:42<00:05, 14.55it/s]
100%|█████████▉| 18335/18408 [22:43<00:05, 14.53it/s]
100%|█████████▉| 18337/18408 [22:43<00:05, 13.27it/s]
100%|█████████▉| 18339/18408 [22:43<00:05, 13.63it/s]
100%|█████████▉| 18341/18408 [22:43<00:04, 13.83it/s]
100%|█████████▉| 18343/18408 [22:43<00:04, 13.83it/s]
100%|█████████▉| 18345/18408 [22:43<00:04, 13.81it/s]
100%|█████████▉| 18347/18408 [22:44<00:04, 14.00it/s]
100%|█████████▉| 18349/18408 [22:44<00:04, 14.50it/s]
                                                     
{'loss': '0.5284', 'grad_norm': '4.087', 'learning_rate': '6.445e-08', 'epoch': '2.991'}

100%|█████████▉| 18350/18408 [22:44<00:04, 14.50it/s]
100%|█████████▉| 18351/18408 [22:44<00:03, 14.25it/s]
100%|█████████▉| 18353/18408 [22:44<00:03, 14.50it/s]
100%|█████████▉| 18355/18408 [22:44<00:03, 14.40it/s]
100%|█████████▉| 18357/18408 [22:44<00:03, 14.35it/s]
100%|█████████▉| 18359/18408 [22:44<00:03, 14.22it/s]
100%|█████████▉| 18361/18408 [22:44<00:03, 14.64it/s]
100%|█████████▉| 18363/18408 [22:45<00:03, 13.87it/s]
100%|█████████▉| 18365/18408 [22:45<00:03, 14.12it/s]
100%|█████████▉| 18367/18408 [22:45<00:02, 14.38it/s]
100%|█████████▉| 18369/18408 [22:45<00:02, 14.56it/s]
100%|█████████▉| 18371/18408 [22:45<00:02, 14.52it/s]
100%|█████████▉| 18373/18408 [22:45<00:02, 14.68it/s]
100%|█████████▉| 18375/18408 [22:45<00:02, 15.00it/s]
100%|█████████▉| 18377/18408 [22:46<00:02, 15.22it/s]
100%|█████████▉| 18379/18408 [22:46<00:01, 15.37it/s]
100%|█████████▉| 18381/18408 [22:46<00:01, 15.50it/s]
100%|█████████▉| 18383/18408 [22:46<00:01, 14.76it/s]
100%|█████████▉| 18385/18408 [22:46<00:01, 14.86it/s]
100%|█████████▉| 18387/18408 [22:46<00:01, 14.36it/s]
100%|█████████▉| 18389/18408 [22:46<00:01, 13.52it/s]
100%|█████████▉| 18391/18408 [22:47<00:01, 12.43it/s]
100%|█████████▉| 18393/18408 [22:47<00:01, 13.15it/s]
100%|█████████▉| 18395/18408 [22:47<00:00, 13.68it/s]
100%|█████████▉| 18397/18408 [22:47<00:00, 14.28it/s]
100%|█████████▉| 18399/18408 [22:47<00:00, 14.49it/s]
                                                     
{'loss': '0.5166', 'grad_norm': '4.057', 'learning_rate': '9.832e-09', 'epoch': '2.999'}

100%|█████████▉| 18400/18408 [22:47<00:00, 14.49it/s]
100%|█████████▉| 18401/18408 [22:47<00:00, 14.85it/s]
100%|█████████▉| 18403/18408 [22:47<00:00, 15.18it/s]
100%|█████████▉| 18405/18408 [22:48<00:00, 14.38it/s]
100%|█████████▉| 18407/18408 [22:48<00:00, 14.83it/s]

  0%|          | 0/39 [00:00<?, ?it/s][A

 31%|███       | 12/39 [00:00<00:00, 117.56it/s][A

 62%|██████▏   | 24/39 [00:00<00:00, 110.82it/s][A

 92%|█████████▏| 36/39 [00:00<00:00, 113.62it/s][A
                                                     

                                                
[A{'eval_loss': '0.5813', 'eval_accuracy': '0.7675', 'eval_precision': '0.7698', 'eval_recall': '0.7675', 'eval_f1_weighted': '0.7678', 'eval_f1_macro': '0.7678', 'eval_runtime': '0.7798', 'eval_samples_per_second': '3193', 'eval_steps_per_second': '50.01', 'epoch': '3'}

100%|██████████| 18408/18408 [22:49<00:00, 14.83it/s]

100%|██████████| 39/39 [00:00<00:00, 113.62it/s][A

                                                [A

Writing model shards:   0%|          | 0/1 [00:00<?, ?it/s][A

Writing model shards: 100%|██████████| 1/1 [00:01<00:00,  1.37s/it][A
Writing model shards: 100%|██████████| 1/1 [00:01<00:00,  1.37s/it]

                                                     
{'train_runtime': '1371', 'train_samples_per_second': '859.4', 'train_steps_per_second': '13.43', 'train_loss': '0.618', 'epoch': '3'}

100%|██████████| 18408/18408 [22:50<00:00, 14.83it/s]
100%|██████████| 18408/18408 [22:50<00:00, 13.43it/s]

============================================================
VALIDATION RESULTS
============================================================

  0%|          | 0/39 [00:00<?, ?it/s]
 31%|███       | 12/39 [00:00<00:00, 113.42it/s]
 62%|██████▏   | 24/39 [00:00<00:00, 110.52it/s]
 92%|█████████▏| 36/39 [00:00<00:00, 112.96it/s]
100%|██████████| 39/39 [00:00<00:00, 71.54it/s] 
{'eval_loss': 0.5787344574928284, 'eval_accuracy': 0.7698795180722892, 'eval_precision': 0.7718613494831035, 'eval_recall': 0.7698795180722892, 'eval_f1_weighted': 0.7703585688898392, 'eval_f1_macro': 0.7703585688898391, 'eval_runtime': 0.8127, 'eval_samples_per_second': 3063.962, 'eval_steps_per_second': 47.99, 'epoch': 3.0}

============================================================
TEST RESULTS
============================================================

  0%|          | 0/79 [00:00<?, ?it/s]
 16%|█▋        | 13/79 [00:00<00:00, 118.83it/s]
 32%|███▏      | 25/79 [00:00<00:00, 109.13it/s]
 46%|████▌     | 36/79 [00:00<00:00, 106.68it/s]
 59%|█████▉    | 47/79 [00:00<00:00, 101.55it/s]
 73%|███████▎  | 58/79 [00:00<00:00, 101.89it/s]
 87%|████████▋ | 69/79 [00:00<00:00, 104.43it/s]
100%|██████████| 79/79 [00:00<00:00, 85.21it/s] 
{'test_loss': 0.5700182318687439, 'test_accuracy': 0.769061876247505, 'test_precision': 0.7711505238832425, 'test_recall': 0.769061876247505, 'test_f1_weighted': 0.7695086234967049, 'test_f1_macro': 0.7695086234967049, 'test_runtime': 1.1661, 'test_samples_per_second': 4296.509, 'test_steps_per_second': 67.749, 'epoch': 3.0}

Writing model shards:   0%|          | 0/1 [00:00<?, ?it/s]
Writing model shards: 100%|██████████| 1/1 [00:01<00:00,  1.38s/it]
Writing model shards: 100%|██████████| 1/1 [00:01<00:00,  1.38s/it]


